subject_id,canonical_id,laterality,Dice,IoU,HD95_mm,ASSD_mm,UNesT_voxels,SynthSeg_voxels
IXI305,BRN-CER-WM,LEFT,0.819543842825262,0.694260297465625,5.385164807134504,1.4392467534213094,245679,261120
IXI305,BRN-LAT-V,LEFT,0.9167031363967907,0.846215997845408,1.0,0.5525107612004357,17238,17037
IXI305,BRN-INF-LAT-V,LEFT,0.46755921730175076,0.30510752688172044,3.3166247903554,1.1032659249960683,246,725
IXI305,BRN-CB-WM,LEFT,0.6281272404814913,0.4578611508416768,9.1104335791443,2.7179076414278565,8835,17666
IXI305,BRN-CB-EXT,LEFT,0.792392628394043,0.6561674324166027,5.744562646538029,2.1093879296658287,63870,63375
IXI305,BRN-THA,LEFT,0.8990775009666906,0.8166583040642248,2.0,0.763268874574641,9453,8650
IXI305,BRN-CAU,LEFT,0.8090600226500566,0.6793457588436668,2.8284271247461903,0.8314314794083675,3698,5132
IXI305,BRN-PUT,LEFT,0.6630083292503675,0.49589563177953677,3.605551275463989,1.5622302460337785,3426,6779
IXI305,BRN-PAL,LEFT,0.8007293566032821,0.6676802780191138,2.449489742783178,0.8747749073259483,1879,1960
IXI305,BRN-3RD-VENTRICLE,NONE,0.5592563903950426,0.3881720430107527,8.06225774829855,1.8080447344999204,2232,1641
IXI305,BRN-4TH-VENTRICLE,NONE,0.7375726880510223,0.5842496285289748,6.2524917275212495,1.1719298764591675,2158,3173
IXI305,BRN-BST,NONE,0.7908081232839439,0.6539972179036085,8.602325267042627,2.2966410292329593,16311,24116
IXI305,BRN-HIP,LEFT,0.7720416401104737,0.628719723183391,2.8284271247461903,0.9729647990772078,4381,5033
IXI305,BRN-AMY,LEFT,0.5705426356589147,0.39913232104121477,4.123105625617661,1.6273081592962026,1145,2080
IXI305,BRN-ACC,LEFT,0.3926553672316384,0.24428822495606328,4.47213595499958,1.77953356310716,510,906
IXI305,BRN-VDC,LEFT,0.8260427263479145,0.7036395147313691,2.23606797749979,1.257896734404745,5943,4870
IXI305,BRN-CER-WM,RIGHT,0.8084867225119249,0.6785377366640519,6.6332495807108,1.6811078386415048,223357,262390
IXI305,BRN-LAT-V,RIGHT,0.8961966715887776,0.811916986043821,1.4142135623730951,0.7009504255233503,12531,12526
IXI305,BRN-INF-LAT-V,RIGHT,0.572347266881029,0.4009009009009009,2.23606797749979,0.7367291224405568,474,770
IXI305,BRN-CB-WM,RIGHT,0.5311315646995127,0.36159233321046813,10.816653826391969,3.6145522706737387,7379,18479
IXI305,BRN-CB-EXT,RIGHT,0.7832986511370271,0.6437887587360961,6.4031242374328485,3.5732461436162226,67963,65631
IXI305,BRN-THA,RIGHT,0.875064208663889,0.7778792491121258,2.23606797749979,0.9628222535512333,8903,8618
IXI305,BRN-CAU,RIGHT,0.7654903812109052,0.6200764818355641,2.8284271247461903,0.9617667113872244,3300,5173
IXI305,BRN-PUT,RIGHT,0.7698382126348228,0.6258024111476437,2.9227922061357776,1.0659500921784422,4098,6286
IXI305,BRN-PAL,RIGHT,0.79479932165065,0.6594746716697936,2.449489742783178,0.889701838539155,1655,1883
IXI305,BRN-HIP,RIGHT,0.825281724644782,0.7025358692025359,2.23606797749979,0.7597205009114962,4864,5341
IXI305,BRN-AMY,RIGHT,0.635593220338983,0.4658385093167702,3.7416573867739413,1.3682008330868953,1194,2110
IXI305,BRN-ACC,RIGHT,0.458252427184466,0.2972292191435768,4.061552812808831,1.5589288078534942,602,943
IXI305,BRN-VDC,RIGHT,0.7938831034806267,0.6582140634723086,2.8284271247461903,2.4984223626954614,5832,4827
IXI306,BRN-CER-WM,LEFT,0.8369197813794516,0.7195718472213947,5.744562646538029,1.2142135942730146,297632,337258
IXI306,BRN-LAT-V,LEFT,0.9024920674533852,0.8223102910602911,1.4142135623730951,0.5574471943458623,14377,13672
IXI306,BRN-INF-LAT-V,LEFT,0.5477178423236515,0.37714285714285717,8.366600265340756,1.6653937137578423,425,780
IXI306,BRN-CB-WM,LEFT,0.5973610294597949,0.4258836678619662,10.677078252031311,3.2834879017520526,9366,21252
IXI306,BRN-CB-EXT,LEFT,0.7815179513873827,0.641386512240563,6.708203932499369,2.2064510265116635,66583,71735
IXI306,BRN-THA,LEFT,0.8787596610485148,0.7837388921185948,2.23606797749979,0.9556631397562337,10481,10997
IXI306,BRN-CAU,LEFT,0.8338723904733902,0.7150781643973777,2.449489742783178,0.7789252454620764,4315,5888
IXI306,BRN-PUT,LEFT,0.7634739308728764,0.6174345611749378,3.1054804791094615,1.301301523215353,5247,8409
IXI306,BRN-PAL,LEFT,0.8161559888579387,0.6894117647058824,3.0,0.8245619461235616,2067,2241
IXI306,BRN-3RD-VENTRICLE,NONE,0.2966006723944714,0.17412280701754385,10.63014581273465,3.0651682834898977,1633,1044
IXI306,BRN-4TH-VENTRICLE,NONE,0.7697012467654669,0.625621414913958,3.605551275463989,0.8328663746003967,1814,2437
IXI306,BRN-BST,NONE,0.811918786544976,0.6833866046781927,5.744562646538029,1.5617475261240843,19108,27239
IXI306,BRN-HIP,LEFT,0.8117217488999158,0.6831074692719824,3.0,0.8394817948820957,4953,5728
IXI306,BRN-AMY,LEFT,0.5782710280373832,0.4067378800328677,4.242640687119285,1.5873136889796913,1125,2299
IXI306,BRN-ACC,LEFT,0.5581908439051296,0.3871461361897475,4.242640687119285,1.4714253592603135,701,1112
IXI306,BRN-VDC,LEFT,0.8146471586775523,0.6872613202400436,2.449489742783178,0.9997962228065037,6921,5450
IXI306,BRN-CER-WM,RIGHT,0.8164647909503687,0.689852557581268,6.782329983125268,1.413136943236912,274252,335364
IXI306,BRN-LAT-V,RIGHT,0.9117973933250261,0.8378930428323843,1.4142135623730951,0.5087094535711046,15313,14380
IXI306,BRN-INF-LAT-V,RIGHT,0.4662813102119461,0.30402010050251255,5.0990195135927845,1.164382148197691,468,570
IXI306,BRN-CB-WM,RIGHT,0.4340778509189148,0.27720270204597364,12.68857754044952,4.582200783650836,6096,20185
IXI306,BRN-CB-EXT,RIGHT,0.7647862963830124,0.6191530211683564,7.0,2.61564171069023,65743,66660
IXI306,BRN-THA,RIGHT,0.8639226157489043,0.7604434589800444,2.23606797749979,0.9838112530545251,9833,10016
IXI306,BRN-CAU,RIGHT,0.8187932547031874,0.6931836936788249,2.23606797749979,0.8528231037553836,4239,6020
IXI306,BRN-PUT,RIGHT,0.7835207122915566,0.6440888227267089,2.8284271247461903,1.1561796923892245,5320,7933
IXI306,BRN-PAL,RIGHT,0.8183092013078,0.6924901185770751,2.449489742783178,0.8165630171791063,1948,2334
IXI306,BRN-HIP,RIGHT,0.8292768959435626,0.7083458873154564,2.582117826470198,0.817602132589524,5339,6001
IXI306,BRN-AMY,RIGHT,0.6562001064395955,0.4883168316831683,3.605551275463989,1.339931009088332,1328,2430
IXI306,BRN-ACC,RIGHT,0.5784157363104732,0.4068810770381451,4.353086030719597,1.4389475263803642,741,1140
IXI306,BRN-VDC,RIGHT,0.8126636515115448,0.6844426623897354,2.449489742783178,1.0476805985725592,6900,5703
IXI307,BRN-CER-WM,LEFT,0.8446903622668385,0.7311376402296872,5.196152422706632,1.0852061489985652,259456,293755
IXI307,BRN-LAT-V,LEFT,0.9042097752408134,0.8251668565847305,1.0,0.4769368789385438,11698,10726
IXI307,BRN-INF-LAT-V,LEFT,0.6128702757916241,0.4418262150220913,4.989897948556633,0.9303367824988475,362,617
IXI307,BRN-CB-WM,LEFT,0.813897746930949,0.6861952625289942,6.082762530298219,1.270978223941764,23520,24459
IXI307,BRN-CB-EXT,LEFT,0.8622234743295636,0.7578144344483616,5.0990195135927845,1.2196202257104178,70363,78719
IXI307,BRN-THA,LEFT,0.8719877986781901,0.7730304669190553,2.23606797749979,0.9859060608278957,9489,10181
IXI307,BRN-CAU,LEFT,0.8612045577862181,0.7562416619020392,2.0,0.6352216840123717,4050,5165
IXI307,BRN-PUT,LEFT,0.7854691554365113,0.6467263955892488,2.8284271247461903,1.0954210430587636,4742,7205
IXI307,BRN-PAL,LEFT,0.8449438202247191,0.7315175097276264,2.23606797749979,0.6771673880885192,1864,2141
IXI307,BRN-3RD-VENTRICLE,NONE,0.33526800955957664,0.2013945857260049,12.041594578792296,2.9966651727831715,1778,1151
IXI307,BRN-4TH-VENTRICLE,NONE,0.7798222038453587,0.6391053880040665,4.949489742783178,0.8503580196211749,2036,2801
IXI307,BRN-BST,NONE,0.8604416221677009,0.7550658561296859,4.58257569495584,1.2584425787519256,24131,31301
IXI307,BRN-HIP,LEFT,0.7644977393355612,0.6187748607796341,3.3166247903554,1.0372759563213136,4979,5195
IXI307,BRN-AMY,LEFT,0.608167770419426,0.43695479777954005,3.7416573867739413,1.5312884418682757,1303,2321
IXI307,BRN-ACC,LEFT,0.6121212121212121,0.4410480349344978,3.605551275463989,1.2452009796544217,678,972
IXI307,BRN-VDC,LEFT,0.8109909763433867,0.6820730206481608,2.23606797749979,0.9800484615109892,6751,5550
IXI307,BRN-CER-WM,RIGHT,0.8453190133794485,0.7320801357035206,4.898979485566356,1.0334387745731684,253563,295787
IXI307,BRN-LAT-V,RIGHT,0.902745995423341,0.8227320125130344,1.4142135623730951,0.5070927252877884,8853,8627
IXI307,BRN-INF-LAT-V,RIGHT,0.5416666666666666,0.37142857142857144,4.845207879911715,1.112375867527727,407,649
IXI307,BRN-CB-WM,RIGHT,0.8169925826028321,0.6906064751481988,6.164414002968976,1.3578739892327973,20080,24410
IXI307,BRN-CB-EXT,RIGHT,0.8510769351742034,0.7407605967970069,5.477225575051661,1.5671108369175715,72288,80321
IXI307,BRN-THA,RIGHT,0.853224177343044,0.7440200259595773,2.449489742783178,1.0063094656831868,8775,10036
IXI307,BRN-CAU,RIGHT,0.843641261645527,0.7295670743544943,2.0,0.7064421403025078,3805,5104
IXI307,BRN-PUT,RIGHT,0.8084128065395095,0.6784336144061741,2.23606797749979,0.9637510726762066,4820,6924
IXI307,BRN-PAL,RIGHT,0.8134601316752011,0.6855733662145499,2.449489742783178,0.8307945017274845,1877,2224
IXI307,BRN-HIP,RIGHT,0.8374199901526341,0.720311705912248,2.23606797749979,0.7324904718066213,4718,5437
IXI307,BRN-AMY,RIGHT,0.6398413148200623,0.47041666666666665,3.605551275463989,1.3357496896154393,1260,2269
IXI307,BRN-ACC,RIGHT,0.47214854111405835,0.3090277777777778,4.242640687119285,1.5735254821459481,555,953
IXI307,BRN-VDC,RIGHT,0.7960448873891548,0.6611915004562638,2.23606797749979,1.0745856254364385,6938,5805
IXI308,BRN-CER-WM,LEFT,0.8768966584050862,0.7807800279178312,2.8284271247461903,0.7634621598916144,271704,303650
IXI308,BRN-LAT-V,LEFT,0.8249205528046708,0.7020125786163522,71.85575637745562,4.334280361647975,7724,5807
IXI308,BRN-INF-LAT-V,LEFT,0.6711798839458414,0.50509461426492,1.4142135623730951,0.4632538498226859,457,577
IXI308,BRN-CB-WM,LEFT,0.7968797043930478,0.6623441623441624,7.0710678118654755,1.4917634271622517,15973,20562
IXI308,BRN-CB-EXT,LEFT,0.7624719703457699,0.6161250105654636,113.25634640054393,29.27127859007143,84852,68111
IXI308,BRN-THA,LEFT,0.8981601451153148,0.8151458137347131,2.0,1.1961315752850366,9511,9784
IXI308,BRN-CAU,LEFT,0.8220094589918099,0.6978065021543283,2.23606797749979,1.423032896536777,3617,5052
IXI308,BRN-PUT,LEFT,0.8378214564031518,0.7209059752644912,2.23606797749979,0.8688073932291296,5001,6548
IXI308,BRN-PAL,LEFT,0.8721522380058966,0.7732889733840305,1.4142135623730951,0.5930261557550254,1764,1967
IXI308,BRN-3RD-VENTRICLE,NONE,0.4786386676321506,0.31461208948119945,8.660254037844387,2.1892435570892728,2046,716
IXI308,BRN-4TH-VENTRICLE,NONE,0.872491145218418,0.7738219895287958,1.4142135623730951,0.6685732245785762,2519,2563
IXI308,BRN-BST,NONE,0.8902540648437046,0.8022143056719754,3.3166247903554,2.178034061968328,23419,28182
IXI308,BRN-HIP,LEFT,0.7861715749039693,0.6476793248945147,96.02317425126816,7.895720918913109,4881,6053
IXI308,BRN-AMY,LEFT,0.6280657395701643,0.4577957980095835,3.605551275463989,1.502623471167174,1494,2461
IXI308,BRN-ACC,LEFT,0.6448170731707317,0.47581552305961755,3.0,1.9669053973178492,537,775
IXI308,BRN-VDC,LEFT,0.8378401727861771,0.7209336901575973,2.23606797749979,1.2726082858052559,6092,5483
IXI308,BRN-CER-WM,RIGHT,0.8838681688154987,0.7919030208801486,2.23606797749979,0.7081319690144247,284877,305211
IXI308,BRN-LAT-V,RIGHT,0.8330708661417323,0.7139001349527665,1.4142135623730951,1.1170115723920373,6244,5186
IXI308,BRN-INF-LAT-V,RIGHT,0.663891779396462,0.4968847352024922,2.0,0.5424636493460699,497,464
IXI308,BRN-CB-WM,RIGHT,0.7924458335540605,0.6562404035972801,6.756385865406177,1.4242564215141278,17146,20608
IXI308,BRN-CB-EXT,RIGHT,0.7325201357708269,0.5779343376127827,118.46265218901061,27.929802487624006,90435,68362
IXI308,BRN-THA,RIGHT,0.8750270504219866,0.777820525151486,2.23606797749979,1.5242171862168221,8787,9697
IXI308,BRN-CAU,RIGHT,0.8167673014398513,0.6902845927379784,2.862741699796921,0.9103563173985273,3549,5063
IXI308,BRN-PUT,RIGHT,0.8497400494332226,0.738737403675163,2.0,0.8360356176768573,5050,6683
IXI308,BRN-PAL,RIGHT,0.8719185423365488,0.7729216152019003,1.4142135623730951,0.6056685811746897,1918,1814
IXI308,BRN-HIP,RIGHT,0.8074,0.677008217340265,2.23606797749979,0.9220629837547032,4242,5758
IXI308,BRN-AMY,RIGHT,0.6700872242175474,0.503858024691358,3.382989361507449,1.3225213696271847,1504,2394
IXI308,BRN-ACC,RIGHT,0.6270783847980997,0.45674740484429066,3.0,0.9672246658939863,454,809
IXI308,BRN-VDC,RIGHT,0.7461627331242779,0.5951033302619455,123.00325160259897,18.011804649132227,6615,5503
IXI309,BRN-CER-WM,LEFT,0.820047123149697,0.6949829431652241,6.164414002968976,1.2816104244439503,267177,288813
IXI309,BRN-LAT-V,LEFT,0.9133477541671968,0.8405152224824356,1.0,0.7509551351046039,12107,11470
IXI309,BRN-INF-LAT-V,LEFT,0.5608919382504288,0.38974970202622167,2.8284271247461903,0.7716462295795361,416,750
IXI309,BRN-CB-WM,LEFT,0.463732225595143,0.3018563777234673,11.40175425099138,3.4324679175906008,6034,19002
IXI309,BRN-CB-EXT,LEFT,0.7320675698465344,0.577371122022589,7.0710678118654755,2.7265088647304934,67755,74557
IXI309,BRN-THA,LEFT,0.904367278458488,0.8254292343387472,2.23606797749979,0.7647259965803438,9831,9838
IXI309,BRN-CAU,LEFT,0.8440142139443696,0.730125079499682,2.23606797749979,0.701988398543153,3482,4679
IXI309,BRN-PUT,LEFT,0.7503348961821835,0.6004287819911563,3.1622776601683795,1.2630916934244154,4503,7441
IXI309,BRN-PAL,LEFT,0.845213849287169,0.7319223985890653,2.23606797749979,0.6954965487167794,1856,2072
IXI309,BRN-3RD-VENTRICLE,NONE,0.5906762295081968,0.41912031988367865,7.681145747868608,1.7073377544653785,2360,1544
IXI309,BRN-4TH-VENTRICLE,NONE,0.8016425638278879,0.6689511323003575,5.0,0.8248659300870125,2614,2987
IXI309,BRN-BST,NONE,0.7958755012411686,0.6609578179511576,9.695359714832659,1.8090830517909422,17076,24820
IXI309,BRN-HIP,LEFT,0.8124702068834017,0.6841682723185614,3.0,0.8683307186242817,4922,5567
IXI309,BRN-AMY,LEFT,0.5998441963126461,0.4284124629080119,4.123105625617661,1.6281663586437445,1445,2406
IXI309,BRN-ACC,LEFT,0.5937321937321938,0.4222042139384117,3.4641016151377544,3.5490188716469513,714,1041
IXI309,BRN-VDC,LEFT,0.8278695846359982,0.7062947721383935,2.23606797749979,0.8792334622930154,6037,5158
IXI309,BRN-CER-WM,RIGHT,0.8137234789384236,0.6859475547996496,7.54983443527075,1.4182860780348785,242274,289049
IXI309,BRN-LAT-V,RIGHT,0.8991642441860465,0.816801452384882,1.4142135623730951,0.533849777433531,11282,10734
IXI309,BRN-INF-LAT-V,RIGHT,0.46689895470383275,0.30454545454545456,5.0990195135927845,1.2052968305440097,427,721
IXI309,BRN-CB-WM,RIGHT,0.5440815415519679,0.3737033062496806,9.273618495495704,2.9620508293032186,7803,19079
IXI309,BRN-CB-EXT,RIGHT,0.7669464431147398,0.6219895630908971,164.9505986426154,7.487702497292859,73522,75049
IXI309,BRN-THA,RIGHT,0.8828828828828829,0.7903225806451613,2.23606797749979,0.9216736497007574,9417,9342
IXI309,BRN-CAU,RIGHT,0.7925321463897131,0.6563587958222404,2.23606797749979,0.8817169132045275,3222,4866
IXI309,BRN-PUT,RIGHT,0.8226634714138994,0.6987496365222449,2.23606797749979,0.888310750125401,4863,6821
IXI309,BRN-PAL,RIGHT,0.8154620068837702,0.6884219937416183,2.23606797749979,0.7977416005410908,1787,1990
IXI309,BRN-HIP,RIGHT,0.8028943560057887,0.6706963249516441,3.0,0.9046297246376905,4966,5399
IXI309,BRN-AMY,RIGHT,0.6169510181618052,0.4460803820135296,4.123105625617661,1.4807400307648846,1312,2322
IXI309,BRN-ACC,RIGHT,0.6082474226804123,0.43703703703703706,3.4641016151377544,1.203548412734424,733,1013
IXI309,BRN-VDC,RIGHT,0.8174617461746174,0.6912772111432486,2.449489742783178,2.122302385952271,5991,5119
IXI310,BRN-CER-WM,LEFT,0.8292936324062626,0.7083703098931525,5.385164807134504,1.2427436705946358,288052,289466
IXI310,BRN-LAT-V,LEFT,0.8972363563803253,0.8136252601103773,1.4142135623730951,0.5588948730144928,9967,10079
IXI310,BRN-INF-LAT-V,LEFT,0.35246727089627394,0.2139364303178484,8.306623862918075,2.1055355381116705,195,798
IXI310,BRN-CB-WM,LEFT,0.7178289872650091,0.5598543253086128,7.874007874011811,2.01889759216553,12370,20610
IXI310,BRN-CB-EXT,LEFT,0.8216057578086786,0.6972248576850095,5.656854249492381,1.8602208430081175,62339,66460
IXI310,BRN-THA,LEFT,0.8808508451934439,0.7870718942245891,2.23606797749979,0.8961996192294908,9751,9712
IXI310,BRN-CAU,LEFT,0.8067518927640561,0.6760973580195548,2.8284271247461903,0.839159850861088,3296,4761
IXI310,BRN-PUT,LEFT,0.68760907504363,0.523936170212766,3.1622776601683795,1.5244350736849577,3978,7482
IXI310,BRN-PAL,LEFT,0.799696893154837,0.6662457912457912,2.0,0.8701700536606993,1980,1979
IXI310,BRN-3RD-VENTRICLE,NONE,0.5451368666278392,0.37469975980784626,8.48528137423857,1.9725432366371345,1937,1497
IXI310,BRN-4TH-VENTRICLE,NONE,0.8131814877635086,0.685177623519804,5.121859188421563,0.7391953289639349,1914,2213
IXI310,BRN-BST,NONE,0.8068651518012631,0.6762564625611086,7.0710678118654755,1.6789103140573738,19430,28231
IXI310,BRN-HIP,LEFT,0.8414820130976944,0.726343503174849,2.449489742783178,0.7757941577586034,5183,5964
IXI310,BRN-AMY,LEFT,0.5415292353823088,0.37129934210526316,3.7416573867739413,1.7302970020285617,1008,2327
IXI310,BRN-ACC,LEFT,0.5228464419475656,0.3539553752535497,4.242640687119285,3.0702070577272536,524,811
IXI310,BRN-VDC,LEFT,0.8145901639344262,0.6871801963767113,2.8284271247461903,0.9591960881765819,6593,5607
IXI310,BRN-CER-WM,RIGHT,0.8098702203440759,0.6804889972404654,8.18535277187245,1.620540228265055,237141,285360
IXI310,BRN-LAT-V,RIGHT,0.8922031555913854,0.8053851751741345,1.4142135623730951,0.4950285562521309,8654,8712
IXI310,BRN-INF-LAT-V,RIGHT,0.6435045317220544,0.47438752783964366,1.8660254037844386,0.6444840294582015,604,720
IXI310,BRN-CB-WM,RIGHT,0.37464430133293397,0.23049988481916608,15.033296378372908,5.206215061146192,5472,21236
IXI310,BRN-CB-EXT,RIGHT,0.750310241348967,0.6003972075108329,8.12403840463596,3.7228020949755702,66283,66678
IXI310,BRN-THA,RIGHT,0.897895973512763,0.8147107277837,1.7320508075688772,0.7643779892547942,9531,9195
IXI310,BRN-CAU,RIGHT,0.7970190728811418,0.6625367492650147,2.23606797749979,0.8260926480998678,3216,4701
IXI310,BRN-PUT,RIGHT,0.804639175257732,0.6731349719706771,2.449489742783178,0.9510032253213001,4842,6798
IXI310,BRN-PAL,RIGHT,0.8115276715123693,0.6828326180257511,2.449489742783178,0.8450876771605794,1757,2164
IXI310,BRN-HIP,RIGHT,0.8531058843801155,0.7438401442307693,2.449489742783178,0.7443492639939596,5770,5837
IXI310,BRN-AMY,RIGHT,0.6875165650675855,0.5238287560581584,3.605551275463989,1.2252068727496366,1406,2367
IXI310,BRN-ACC,RIGHT,0.5402379286214136,0.3700862895493768,4.242640687119285,1.3855951900715753,587,842
IXI310,BRN-VDC,RIGHT,0.813420061622732,0.6855164454702828,3.0,1.6243382498015138,6447,5237
IXI311,BRN-CER-WM,LEFT,0.3636384013125895,0.2222237441921627,37.33630940518894,6.478643893464723,256960,189181
IXI311,BRN-LAT-V,LEFT,0.04641781883020081,0.02376036149265344,38.65229618017538,13.96967913981584,22144,12067
IXI311,BRN-INF-LAT-V,LEFT,0.0,0.0,35.38925984455005,21.259752970387417,967,529
IXI311,BRN-CB-WM,LEFT,0.008016423892853652,0.004024342363564979,21.93171219946131,11.057499109758059,17273,13414
IXI311,BRN-CB-EXT,LEFT,0.2839564814186515,0.16547160858332893,99.24212815130478,23.736797180009553,83328,49305
IXI311,BRN-THA,LEFT,0.0,0.0,29.068883707497267,15.537482611205828,10790,6592
IXI311,BRN-CAU,LEFT,0.0,0.0,40.162171256046406,20.574131755178097,3786,3339
IXI311,BRN-PUT,LEFT,0.0,0.0,38.16608390902724,21.722898954150242,6114,4499
IXI311,BRN-PAL,LEFT,0.0,0.0,33.24154027718932,25.771208565151998,2078,1428
IXI311,BRN-3RD-VENTRICLE,NONE,0.009235031553024473,0.00463893613731251,31.78049716414141,12.620149928355568,5073,1424
IXI311,BRN-4TH-VENTRICLE,NONE,0.025238362310712283,0.012780460096563476,30.001657865988104,10.573298966420406,2012,1554
IXI311,BRN-BST,NONE,0.3140274669825808,0.18625894599869877,29.334219625003517,8.653573097576862,25773,19809
IXI311,BRN-HIP,LEFT,0.0,0.0,34.82957152240821,18.6642902452278,5328,3990
IXI311,BRN-AMY,LEFT,0.0,0.0,115.24061674178095,62.98089190646448,2512,1553
IXI311,BRN-ACC,LEFT,0.0,0.0,118.46264776440343,39.43312334704363,652,619
IXI311,BRN-VDC,LEFT,0.0,0.0,34.5731103038954,21.367074619675034,7300,3976
IXI311,BRN-CER-WM,RIGHT,0.3713371376492642,0.22800123109167816,37.77565353504821,6.391018056901812,291819,190966
IXI311,BRN-LAT-V,RIGHT,0.03481842006739049,0.017717660506763194,38.49285601982453,13.994863667619857,20851,11201
IXI311,BRN-INF-LAT-V,RIGHT,0.0,0.0,36.15107166846393,21.876025413465637,1094,496
IXI311,BRN-CB-WM,RIGHT,0.016227970530005516,0.00818036059029482,22.67156809750927,11.023661489397162,17742,13069
IXI311,BRN-CB-EXT,RIGHT,0.2196124555264783,0.12335092784049996,110.76551810017412,37.707433060684195,120971,49074
IXI311,BRN-THA,RIGHT,0.0,0.0,29.546573405388315,16.272797565971807,10263,6512
IXI311,BRN-CAU,RIGHT,0.0,0.0,40.50061688416068,19.928503249992726,3746,3202
IXI311,BRN-PUT,RIGHT,0.0,0.0,39.395431207184416,23.04114273629738,5631,4503
IXI311,BRN-PAL,RIGHT,0.0,0.0,34.60346368678029,26.40114807225469,2259,1406
IXI311,BRN-HIP,RIGHT,0.0,0.0,73.80853332192918,20.130508546487125,5601,4031
IXI311,BRN-AMY,RIGHT,0.0,0.0,38.940713961044914,28.84236680409722,1519,1579
IXI311,BRN-ACC,RIGHT,0.0,0.0,39.4696083022686,35.90203918052771,468,612
IXI311,BRN-VDC,RIGHT,0.0,0.0,31.98983363368426,20.497430062848352,7130,3930
IXI312,BRN-CER-WM,LEFT,0.8802477849220949,0.7861094383821807,2.449489742783178,0.7490472730305326,259681,280142
IXI312,BRN-LAT-V,LEFT,0.8933717579250721,0.8072916666666666,1.0,0.6965601652288341,8960,8043
IXI312,BRN-INF-LAT-V,LEFT,0.676923076923077,0.5116279069767442,1.7320508075688772,0.5357246880055172,841,719
IXI312,BRN-CB-WM,LEFT,0.8016630445053388,0.6689796562056458,6.782329983125268,1.5031671658347239,18474,23858
IXI312,BRN-CB-EXT,LEFT,0.8031879101409373,0.6711061134380094,146.51723446086785,20.227558013828283,83273,78714
IXI312,BRN-THA,LEFT,0.913871166906771,0.8414021790620559,1.7320508075688772,0.6911654915727526,9670,9766
IXI312,BRN-CAU,LEFT,0.832377894978216,0.7128829536527886,2.449489742783178,0.8057119862239384,3651,5071
IXI312,BRN-PUT,LEFT,0.8608525232729054,0.7556989247311828,2.23606797749979,0.7565271405541516,5385,6861
IXI312,BRN-PAL,LEFT,0.8473780328724236,0.7351742870076958,2.0,0.6730177790808396,1823,2010
IXI312,BRN-3RD-VENTRICLE,NONE,0.47520661157024796,0.3116531165311653,12.385459584508126,3.0661918062239484,2450,938
IXI312,BRN-4TH-VENTRICLE,NONE,0.7623789764868603,0.6160035762181493,2.23606797749979,0.5955125694784813,1502,2113
IXI312,BRN-BST,NONE,0.8874792440157465,0.7977192688244172,3.0,1.5177626761411254,24200,29399
IXI312,BRN-HIP,LEFT,0.8436518203659212,0.7295828671887487,2.8284271247461903,0.7108884220172774,4748,6074
IXI312,BRN-AMY,LEFT,0.6907141116256398,0.5275502606105733,3.1622776601683795,1.2545326809632529,1607,2496
IXI312,BRN-ACC,LEFT,0.607764390896921,0.43653846153846154,3.605551275463989,1.166864652831206,590,904
IXI312,BRN-VDC,LEFT,0.8281858077337088,0.7067552289429055,2.449489742783178,0.9999392277756006,6602,5475
IXI312,BRN-CER-WM,RIGHT,0.8910514525272462,0.803510184992725,2.0,0.7452679151090219,274327,280981
IXI312,BRN-LAT-V,RIGHT,0.8826728826728827,0.7899860917941586,1.0,0.5635599584738781,7868,7576
IXI312,BRN-INF-LAT-V,RIGHT,0.7453416149068323,0.594059405940594,2.23606797749979,0.5633823973747911,900,710
IXI312,BRN-CB-WM,RIGHT,0.7986175976088175,0.6647488726481107,8.774964387392123,1.6950179160748493,18880,23944
IXI312,BRN-CB-EXT,RIGHT,0.7850022388235571,0.6460935681588952,147.8773139827041,20.231726824958468,91668,78064
IXI312,BRN-THA,RIGHT,0.8916041370918678,0.8044094776324215,2.23606797749979,0.8704890036741232,9404,10320
IXI312,BRN-CAU,RIGHT,0.8435329861111112,0.7294051416776131,2.0,0.7230780086650787,3922,5294
IXI312,BRN-PUT,RIGHT,0.8718517886109451,0.7728167095504768,2.0,0.6773814301354292,5225,6488
IXI312,BRN-PAL,RIGHT,0.8686227861485594,0.7677570093457944,1.4142135623730951,0.5989308984310036,1848,1935
IXI312,BRN-HIP,RIGHT,0.8455821635012386,0.7324749642346209,2.23606797749979,0.7242324856891312,4861,6038
IXI312,BRN-AMY,RIGHT,0.6960178085580014,0.533763277693475,3.499464030219313,1.2477463157676218,1579,2464
IXI312,BRN-ACC,RIGHT,0.6347642505277973,0.46494845360824744,3.3166247903554,1.0564331387166723,523,898
IXI312,BRN-VDC,RIGHT,0.8052332757343865,0.6739669421487603,3.0,2.192016264012125,6416,5737
IXI313,BRN-CER-WM,LEFT,0.7345709947831812,0.5804916686395375,13.416407864998739,2.8604113559056352,229101,311650
IXI313,BRN-LAT-V,LEFT,0.9400041955108034,0.8867999208391055,1.0,0.5084414307552313,34335,32403
IXI313,BRN-INF-LAT-V,LEFT,0.6885007278020379,0.5249722530521642,2.8284271247461903,0.7064401393236982,663,711
IXI313,BRN-CB-WM,LEFT,0.7013432715768024,0.540052853249649,10.723805294763608,2.609347603155263,15991,21306
IXI313,BRN-CB-EXT,LEFT,0.8113522791135683,0.6825843055573303,7.0,2.456877078369904,63495,68179
IXI313,BRN-THA,LEFT,0.8230420201223121,0.6992960107274556,3.0,1.1407714299878111,6817,8390
IXI313,BRN-CAU,LEFT,0.34684065934065933,0.2098047361861238,6.719322840093244,2.7121465336212283,1015,4809
IXI313,BRN-PUT,LEFT,0.6554743021938407,0.4875134058526122,4.47213595499958,1.5202104880169807,3244,6465
IXI313,BRN-PAL,LEFT,0.45785714285714285,0.2968967114404817,7.0,2.420050935416211,671,2129
IXI313,BRN-3RD-VENTRICLE,NONE,0.6727053140096618,0.5068243858052776,5.224504280370787,1.2339998629122269,1813,1499
IXI313,BRN-4TH-VENTRICLE,NONE,0.7194351542177629,0.5618107951247824,3.9612486080160676,0.8637081677683305,1062,1629
IXI313,BRN-BST,NONE,0.7850693093634186,0.6461844411487124,5.1087328045041165,1.7234441268731353,19977,28862
IXI313,BRN-HIP,LEFT,0.625,0.45454545454545453,3.605551275463989,1.3704854976164835,2864,5472
IXI313,BRN-AMY,LEFT,0.352900069881202,0.21425540941875265,5.477225575051661,2.3670849558149816,602,2260
IXI313,BRN-ACC,LEFT,0.028503562945368172,0.014457831325301205,7.654996691066726,4.205367784877105,15,827
IXI313,BRN-VDC,LEFT,0.7750076946752847,0.6326633165829145,3.0,1.1531143905602257,4798,4949
IXI313,BRN-CER-WM,RIGHT,0.76760049951997,0.6228503818940069,11.445523142259598,2.2762432446841863,241680,312452
IXI313,BRN-LAT-V,RIGHT,0.9396703368297609,0.8862058371735791,1.0,0.5156233906127031,31652,29744
IXI313,BRN-INF-LAT-V,RIGHT,0.6677091477716967,0.5011737089201878,2.0,0.6059661379142982,647,632
IXI313,BRN-CB-WM,RIGHT,0.7277034772640428,0.5719605958673715,5.477225575051661,1.651174076905743,18724,20531
IXI313,BRN-CB-EXT,RIGHT,0.7971799386361779,0.6627590977592213,108.80165432541583,7.2547985030731335,63975,70632
IXI313,BRN-THA,RIGHT,0.8544299565362755,0.7458557086154565,2.449489742783178,0.9219526991592727,7193,7762
IXI313,BRN-CAU,RIGHT,0.5922671353251318,0.4207240948813982,9.9294964368742,1.9685278319973372,2033,4795
IXI313,BRN-PUT,RIGHT,0.818529304696032,0.6928054228932368,2.8284271247461903,0.8656333854004199,4685,6303
IXI313,BRN-PAL,RIGHT,0.7630805408583187,0.6169201520912547,3.0,0.947322441625332,1396,2006
IXI313,BRN-HIP,RIGHT,0.6851738865161684,0.5211136890951276,3.0324555320336466,1.1837543578568488,3877,5957
IXI313,BRN-AMY,RIGHT,0.5580547112462007,0.38701517706576727,4.242640687119285,1.586910453073306,1002,2288
IXI313,BRN-ACC,RIGHT,0.11368015414258188,0.0602655771195097,7.0,3.2386065900824765,77,961
IXI313,BRN-VDC,RIGHT,0.7859832030118737,0.6474236641221374,2.8284271247461903,1.0655186832923909,5315,5044
IXI314,BRN-CER-WM,LEFT,0.8392512942573046,0.7230258281617611,6.082762530298219,1.2233324106439474,323292,343886
IXI314,BRN-LAT-V,LEFT,0.9174287506892028,0.8474534597822269,1.4142135623730951,0.6255124544182405,27943,24654
IXI314,BRN-INF-LAT-V,LEFT,0.7200306396016852,0.5625374027528426,2.23606797749979,0.6471649961124514,1345,1266
IXI314,BRN-CB-WM,LEFT,0.2576669219268497,0.147886144830473,20.46948949045872,7.453178111391064,3720,23703
IXI314,BRN-CB-EXT,LEFT,0.6800540669887404,0.5152135780571697,8.396270542565208,3.09581774768788,73255,81368
IXI314,BRN-THA,LEFT,0.8836383367039905,0.7915341109932839,2.23606797749979,1.1842666995187228,10008,10265
IXI314,BRN-CAU,LEFT,0.8396396396396396,0.7236024844720497,2.8284271247461903,1.2705992697976687,4293,5697
IXI314,BRN-PUT,LEFT,0.7569714785095734,0.6089735395628275,3.0,1.2140851541190836,4830,7757
IXI314,BRN-PAL,LEFT,0.8275572358748162,0.7058402006449301,2.23606797749979,0.7993429477257932,2241,2520
IXI314,BRN-3RD-VENTRICLE,NONE,0.5246913580246914,0.35564853556485354,8.774964387392123,1.7956620275775115,1636,1280
IXI314,BRN-4TH-VENTRICLE,NONE,0.7757026976042256,0.6335901386748845,5.299321219072001,1.0652132657641373,2336,2965
IXI314,BRN-BST,NONE,0.7331956278509338,0.578775732047014,8.306623862918075,2.1891411529454556,17289,29187
IXI314,BRN-HIP,LEFT,0.7960950080515298,0.6612606587527169,2.8284271247461903,0.9062854853962466,4460,5476
IXI314,BRN-AMY,LEFT,0.5796717840127051,0.4081252329481923,4.092329219213245,1.72107652800709,1292,2486
IXI314,BRN-ACC,LEFT,0.6727549467275494,0.5068807339449541,3.3166247903554,1.1072113667907846,859,1112
IXI314,BRN-VDC,LEFT,0.8311988890603302,0.7111551155115512,2.23606797749979,0.8912254309923053,7055,5907
IXI314,BRN-CER-WM,RIGHT,0.8162467972306815,0.6895413632851188,8.366600265340756,1.6615950458745157,280531,340416
IXI314,BRN-LAT-V,RIGHT,0.8977093897534534,0.8144035532994924,1.7320508075688772,0.6956250235711948,21490,18543
IXI314,BRN-INF-LAT-V,RIGHT,0.6468864468864469,0.4780725500812128,2.449489742783178,0.8556536144929889,1551,1179
IXI314,BRN-CB-WM,RIGHT,0.07027090973618834,0.03641490926924963,25.686571187061567,11.43342020836163,1135,24224
IXI314,BRN-CB-EXT,RIGHT,0.676213225892963,0.510817330343177,7.810249675906654,2.9875125713009325,77826,82511
IXI314,BRN-THA,RIGHT,0.8896869151787973,0.8012937317784257,2.0,0.847070917154751,9803,9968
IXI314,BRN-CAU,RIGHT,0.8174160154267736,0.6912118091314796,2.23606797749979,0.8506735425906287,4080,5773
IXI314,BRN-PUT,RIGHT,0.8226197695573074,0.6986865825392737,2.23606797749979,0.9186094037027126,5606,7586
IXI314,BRN-PAL,RIGHT,0.8055790363482671,0.6744515215852795,2.8284271247461903,0.9242894277478672,2119,2613
IXI314,BRN-HIP,RIGHT,0.8437130469057943,0.729674450315323,2.23606797749979,0.74475790384043,4985,5163
IXI314,BRN-AMY,RIGHT,0.7168983174835406,0.5587229190421893,3.0,1.122258870588885,1529,2572
IXI314,BRN-ACC,RIGHT,0.6328815556865056,0.46293103448275863,4.0,1.593671944311708,740,957
IXI314,BRN-VDC,RIGHT,0.8141592920353983,0.6865671641791045,2.449489742783178,1.034806498920109,6852,5804
IXI315,BRN-CER-WM,LEFT,0.8367074772964428,0.7192580206325814,6.324555320336759,1.3157546038401726,298451,308172
IXI315,BRN-LAT-V,LEFT,0.8498571727165053,0.7389144657135934,2.6200115646664646,0.6449578257169674,6920,7433
IXI315,BRN-INF-LAT-V,LEFT,0.3719862227324914,0.22849083215796898,8.674640000153627,1.8842923030553254,228,643
IXI315,BRN-CB-WM,LEFT,0.6535922330097087,0.485434092875685,10.04987562112089,2.6465921433524473,12080,23970
IXI315,BRN-CB-EXT,LEFT,0.8146018638214128,0.687196848855757,6.082762530298219,1.8273452158071957,75375,80112
IXI315,BRN-THA,LEFT,0.889099620682771,0.8003414502650732,2.0,0.8895563574741295,10267,9769
IXI315,BRN-CAU,LEFT,0.8234607528450539,0.6999007936507936,2.449489742783178,0.885265789531864,4289,5992
IXI315,BRN-PUT,LEFT,0.737573749292815,0.5842509603072983,3.0,1.3493843420596254,4580,7793
IXI315,BRN-PAL,LEFT,0.810918774966711,0.6819708846584547,2.449489742783178,0.8904736577146122,2186,2320
IXI315,BRN-3RD-VENTRICLE,NONE,0.33266533066132264,0.19951923076923078,11.575836902790225,2.868250781637363,1880,1114
IXI315,BRN-4TH-VENTRICLE,NONE,0.7613168724279835,0.6146179401993356,4.58257569495584,0.9048875524874965,2521,3311
IXI315,BRN-BST,NONE,0.8074425574425574,0.6770680628272251,6.164414002968976,1.5875595630700587,19578,28470
IXI315,BRN-HIP,LEFT,0.8032200357781754,0.6711509715994021,2.9914213562372782,0.8857026604949876,5026,6154
IXI315,BRN-AMY,LEFT,0.5930907979211251,0.42155584528465884,4.02774356590673,1.5189481672836076,1044,2227
IXI315,BRN-ACC,LEFT,0.5493030459473413,0.3786476868327402,3.0,1.2950827616340879,944,993
IXI315,BRN-VDC,LEFT,0.8330929791271348,0.7139326135033173,2.449489742783178,0.927104186707616,7261,5914
IXI315,BRN-CER-WM,RIGHT,0.8222270480268254,0.6981201653929243,7.0710678118654755,1.37046384998024,271930,312889
IXI315,BRN-LAT-V,RIGHT,0.8723507747897992,0.7736011831402514,1.4142135623730951,0.506461854248653,7119,7272
IXI315,BRN-INF-LAT-V,RIGHT,0.586730615507594,0.415158371040724,3.4641016151377544,0.9167844003650047,560,691
IXI315,BRN-CB-WM,RIGHT,0.44307194826192403,0.2845808756334635,13.152946437965905,4.423128743980757,7340,23585
IXI315,BRN-CB-EXT,RIGHT,0.7536037834351872,0.6046261801982931,7.0710678118654755,2.452714723913224,78144,84671
IXI315,BRN-THA,RIGHT,0.883991948299608,0.792101765711031,2.0,0.8294882974051802,9409,9469
IXI315,BRN-CAU,RIGHT,0.7718838241226301,0.6285104286418131,3.0,1.0453497748700085,3860,6056
IXI315,BRN-PUT,RIGHT,0.7539109028825538,0.6050216670915116,3.1622776601683795,1.2540373477394033,4879,7714
IXI315,BRN-PAL,RIGHT,0.8155699721964782,0.6885758998435054,2.449489742783178,0.8551378170597097,1972,2344
IXI315,BRN-HIP,RIGHT,0.8470453803460659,0.7346736514229081,3.0,0.770986240861827,5954,6298
IXI315,BRN-AMY,RIGHT,0.648109243697479,0.4794094794094794,3.7416573867739413,1.3912982404893093,1369,2439
IXI315,BRN-ACC,RIGHT,0.5815367606412383,0.4099766173031956,4.0,1.241775615173928,801,1008
IXI315,BRN-VDC,RIGHT,0.8264783485953748,0.7042719217034784,3.0,0.994188776066676,6871,6015
IXI316,BRN-CER-WM,LEFT,0.7604886069216527,0.613539021237204,12.24744871391589,2.2824081356275028,257435,340428
IXI316,BRN-LAT-V,LEFT,0.891575817641229,0.8043633762517882,1.0,0.5252171235681051,10548,9632
IXI316,BRN-INF-LAT-V,LEFT,0.6054490413723511,0.4341534008683068,2.449489742783178,0.6526655486101283,359,632
IXI316,BRN-CB-WM,LEFT,0.7632215693052194,0.6171045276690889,6.621877922249438,1.6417929272379805,18938,21564
IXI316,BRN-CB-EXT,LEFT,0.8537617074092831,0.7448378866139772,5.385164807134504,1.8756202820117756,66336,73853
IXI316,BRN-THA,LEFT,0.8193082856431948,0.6939222793559808,3.605551275463989,1.2614898351082988,8647,11448
IXI316,BRN-CAU,LEFT,0.7580181375801813,0.6103294746215494,3.1622776601683795,1.0368134694771882,3470,5572
IXI316,BRN-PUT,LEFT,0.7058716098986394,0.5454417160598363,4.242640687119285,1.3553116107221517,3907,7044
IXI316,BRN-PAL,LEFT,0.7397029980386663,0.5869275233437083,4.0,1.0618546970269587,1580,1989
IXI316,BRN-3RD-VENTRICLE,NONE,0.42177361211247294,0.26724531749657376,12.72595483531244,3.08601844468787,2039,735
IXI316,BRN-4TH-VENTRICLE,NONE,0.7469095640858816,0.5960539979231568,3.6872149422499483,0.7470658778819325,1224,1850
IXI316,BRN-BST,NONE,0.8552719027327105,0.7471397834773402,3.7416573867739413,1.2064087386857294,22399,28759
IXI316,BRN-HIP,LEFT,0.7053880894863985,0.5448645140353724,3.0,1.104480624089685,3587,5934
IXI316,BRN-AMY,LEFT,0.39974293059125965,0.2497991967871486,5.385164807134504,2.091881584698041,716,2396
IXI316,BRN-ACC,LEFT,0.2871287128712871,0.1676300578034682,6.557438524302,2.3488938965700794,264,948
IXI316,BRN-VDC,LEFT,0.7702627166014533,0.6263636363636363,3.7416573867739413,1.1283760907776932,6652,5871
IXI316,BRN-CER-WM,RIGHT,0.7625882488253223,0.6162768763925149,11.704699910719626,2.267195008925992,255218,336008
IXI316,BRN-LAT-V,RIGHT,0.8808798646362098,0.787118234048987,1.0,0.5817645197018585,9367,8363
IXI316,BRN-INF-LAT-V,RIGHT,0.5825958702064897,0.41103017689906346,5.079215610874223,1.1213128328347117,695,661
IXI316,BRN-CB-WM,RIGHT,0.7726108992110351,0.6294751181303478,6.48074069840786,1.580908497165479,17407,20871
IXI316,BRN-CB-EXT,RIGHT,0.8702248790207799,0.7702638010531886,5.385164807134504,1.2273731316423164,67195,73325
IXI316,BRN-THA,RIGHT,0.8369203944859152,0.719572753677504,3.1622776601683795,1.069354657102494,8325,10028
IXI316,BRN-CAU,RIGHT,0.6669036615712762,0.5002666666666666,5.0,1.4185942483170586,2840,5599
IXI316,BRN-PUT,RIGHT,0.8215137331096,0.6970923261390888,2.23606797749979,0.9035050681845161,4833,6490
IXI316,BRN-PAL,RIGHT,0.8435793971042013,0.7294745484400657,1.7320508075688772,0.6918385346718495,2009,2204
IXI316,BRN-HIP,RIGHT,0.8029739776951673,0.6708074534161491,2.449489742783178,0.8598563035424369,4876,6422
IXI316,BRN-AMY,RIGHT,0.5918199286302498,0.4202729044834308,4.242640687119285,1.461148388045258,1267,2376
IXI316,BRN-ACC,RIGHT,0.05562579013906448,0.02860858257477243,7.280109889280518,3.846398118670821,33,758
IXI316,BRN-VDC,RIGHT,0.7879637262984336,0.6501156305264589,2.8284271247461903,1.069956225456937,6427,5703
IXI317,BRN-CER-WM,LEFT,0.8506354307348699,0.740091919902091,3.7416573867739413,0.9239496127826554,245410,289188
IXI317,BRN-LAT-V,LEFT,0.9250761908023148,0.860596986397375,1.4142135623730951,0.6270828760433428,30785,27621
IXI317,BRN-INF-LAT-V,LEFT,0.7159931701764372,0.5576241134751773,2.23606797749979,0.5560314569518031,1002,755
IXI317,BRN-CB-WM,LEFT,0.7851769295068264,0.6463302752293578,7.483314773547883,1.641241324161393,15803,20087
IXI317,BRN-CB-EXT,LEFT,0.8171390454765424,0.6908158075145403,105.57461816175325,19.240057434645824,81552,71362
IXI317,BRN-THA,LEFT,0.9021528525296018,0.8217472301206,2.0,0.7279205739379663,9326,9254
IXI317,BRN-CAU,LEFT,0.7753888380603843,0.6331714605902129,8.246211251235321,1.3220032204598924,3469,5275
IXI317,BRN-PUT,LEFT,0.8422811478387214,0.727535140562249,2.23606797749979,0.8112826476520109,6348,7417
IXI317,BRN-PAL,LEFT,0.8013261922978832,0.6685106382978724,2.23606797749979,0.8481189624135226,1934,1987
IXI317,BRN-3RD-VENTRICLE,NONE,0.568659127625202,0.3972911963882618,11.135438196954183,2.7158967975498816,2976,1357
IXI317,BRN-4TH-VENTRICLE,NONE,0.7558874210224009,0.6075715604801477,5.0,0.9336942230443657,2197,3026
IXI317,BRN-BST,NONE,0.8960025106900474,0.8115983227915571,2.8284271247461903,0.9633208050143209,23315,27667
IXI317,BRN-HIP,LEFT,0.8058749857679608,0.6748665141113653,2.8284271247461903,0.7996474911800378,3749,5034
IXI317,BRN-AMY,LEFT,0.6759431045145331,0.5105091078935077,3.0,1.232405552092975,1194,2040
IXI317,BRN-ACC,LEFT,0.6012702893436839,0.4298688193743693,3.7416573867739413,1.1783049620099855,562,855
IXI317,BRN-VDC,LEFT,0.8314949331898485,0.7115886415963162,2.23606797749979,0.818306745476345,5887,5264
IXI317,BRN-CER-WM,RIGHT,0.871963998387337,0.7729930579704545,2.449489742783178,0.7808721421472231,262879,287763
IXI317,BRN-LAT-V,RIGHT,0.9032760206608647,0.8236129032258065,2.0,0.6605668056724864,22443,19956
IXI317,BRN-INF-LAT-V,RIGHT,0.7136851938346567,0.5548293391430646,4.123105625617661,0.7586474510170765,1189,952
IXI317,BRN-CB-WM,RIGHT,0.7829861111111112,0.6433666191155493,7.810249675906654,1.5812232343957413,15728,19984
IXI317,BRN-CB-EXT,RIGHT,0.7236386057119597,0.566954319482225,142.95191474904388,28.920768563990894,97566,69487
IXI317,BRN-THA,RIGHT,0.883835005574136,0.7918497802636836,2.0,0.8241534668257309,9001,8939
IXI317,BRN-CAU,RIGHT,0.8166977100909389,0.6901851851851852,3.499464030219313,0.8488406193791276,3899,5228
IXI317,BRN-PUT,RIGHT,0.8644415722648825,0.7612479914301018,2.0,0.6891498106691853,6186,6967
IXI317,BRN-PAL,RIGHT,0.8500123548307388,0.7391491190373872,2.0,0.6805237059240042,1897,2150
IXI317,BRN-HIP,RIGHT,0.8129416961130742,0.6848372093023256,2.0,0.7899954840825838,4068,4988
IXI317,BRN-AMY,RIGHT,0.6790923824959482,0.5141104294478528,3.3166247903554,1.2567224260871623,1379,2323
IXI317,BRN-ACC,RIGHT,0.5629742033383915,0.3917634635691658,3.7416573867739413,1.240041846321518,487,831
IXI317,BRN-VDC,RIGHT,0.8077979132344866,0.6775679410409949,2.449489742783178,1.2485146433659868,5716,5210
IXI318,BRN-CER-WM,LEFT,0.8582928164342982,0.7517626487675559,3.4641016151377544,0.8845500821189306,257233,301793
IXI318,BRN-LAT-V,LEFT,0.93007925920113,0.8692973448731114,1.0,0.6045962705295681,20136,18093
IXI318,BRN-INF-LAT-V,LEFT,0.7177177177177178,0.5597189695550351,1.4142135623730951,0.4488728567383327,642,690
IXI318,BRN-CB-WM,LEFT,0.7883755997258396,0.6506765624292891,7.0710678118654755,1.46284520481189,15923,20552
IXI318,BRN-CB-EXT,LEFT,0.7699868563917938,0.6259988849656197,116.0344776348823,28.242217767651336,87367,70124
IXI318,BRN-THA,LEFT,0.8829077524729698,0.7903624382207578,2.23606797749979,0.8866110955676215,8334,9054
IXI318,BRN-CAU,LEFT,0.7312219390850625,0.5763198163733741,8.221867859490168,2.462762430633199,3063,5178
IXI318,BRN-PUT,LEFT,0.8050780216873843,0.6737494466578132,3.0,0.9763682881604158,4683,6660
IXI318,BRN-PAL,LEFT,0.7797155889455326,0.63896218117854,2.449489742783178,0.9026994645518179,1905,1822
IXI318,BRN-3RD-VENTRICLE,NONE,0.6680044593088071,0.5015065282892535,7.224904018598489,1.6253837732475513,2904,1581
IXI318,BRN-4TH-VENTRICLE,NONE,0.7984075280492219,0.6644578313253012,2.0,0.5682019741248826,1233,1530
IXI318,BRN-BST,NONE,0.889328594755547,0.8007126055071261,114.92823804715987,4.225240745808212,23851,28204
IXI318,BRN-HIP,LEFT,0.8364616613418531,0.7188948000686459,2.23606797749979,1.0817494170054383,4421,5595
IXI318,BRN-AMY,LEFT,0.6403508771929824,0.47096774193548385,4.0,1.3816087155245198,1285,2135
IXI318,BRN-ACC,LEFT,0.5961401000714797,0.42464358452138495,3.1622776601683795,1.1876941379101549,514,885
IXI318,BRN-VDC,LEFT,0.8399198688763431,0.7240188383045526,2.23606797749979,1.1079785661735841,5854,5128
IXI318,BRN-CER-WM,RIGHT,0.8789214262999986,0.7839962754789,2.23606797749979,0.7151941749171066,275352,303264
IXI318,BRN-LAT-V,RIGHT,0.9096923129931433,0.8343445834913412,1.4142135623730951,0.5709494856468228,15333,13690
IXI318,BRN-INF-LAT-V,RIGHT,0.6055045871559633,0.4342105263157895,2.4684366118813115,0.8586218631352209,726,691
IXI318,BRN-CB-WM,RIGHT,0.8129492572280497,0.6848479411500852,7.3484692283495345,1.30777204537045,16493,21069
IXI318,BRN-CB-EXT,RIGHT,0.7698668465362613,0.6258402550719928,153.4291367114957,29.870577620902893,88883,71233
IXI318,BRN-THA,RIGHT,0.8881662149954833,0.7988300292492687,2.0,0.7843944482633214,8044,8561
IXI318,BRN-CAU,RIGHT,0.7408577878103837,0.5883829329508784,3.3166247903554,1.212227320512589,3284,5576
IXI318,BRN-PUT,RIGHT,0.861297327919932,0.7563847429519072,2.23606797749979,0.6924028860559259,4748,5843
IXI318,BRN-PAL,RIGHT,0.8223938223938224,0.6983606557377049,2.23606797749979,0.7323885982704412,1920,1706
IXI318,BRN-HIP,RIGHT,0.8365095285857572,0.7189655172413794,2.0,0.7255688277750955,5039,5928
IXI318,BRN-AMY,RIGHT,0.6604392830093411,0.49302676215604974,3.7416573867739413,1.4089760513329848,1615,2346
IXI318,BRN-ACC,RIGHT,0.548683404776485,0.3780590717299578,3.7416573867739413,1.3783913658341855,573,1060
IXI318,BRN-VDC,RIGHT,0.8042357274401474,0.6725704604959187,3.1622776601683795,2.2792472096917606,5868,4992
IXI319,BRN-CER-WM,LEFT,0.8519011913371142,0.7420103434557751,3.605551275463989,0.9833028228857525,252999,298734
IXI319,BRN-LAT-V,LEFT,0.9261854326218022,0.8625189681335357,1.4142135623730951,0.6397218071895785,22631,20328
IXI319,BRN-INF-LAT-V,LEFT,0.7319830428638718,0.5772659732540861,1.4142135623730951,0.5250589053536513,1133,990
IXI319,BRN-CB-WM,LEFT,0.7731606587467496,0.6302053029673343,8.12403840463596,1.673634641560407,17059,22167
IXI319,BRN-CB-EXT,LEFT,0.7352105769863243,0.5812908960248119,116.49463506960309,27.327640529104325,92789,74442
IXI319,BRN-THA,LEFT,0.8912835249042146,0.8038876889848812,2.23606797749979,0.8246331248951311,10060,10820
IXI319,BRN-CAU,LEFT,0.7951566595930596,0.659966846249482,5.421989114301354,1.3862329279102856,3249,4762
IXI319,BRN-PUT,LEFT,0.8557903634826711,0.7479314420803782,2.0,0.7370221304781049,5423,6407
IXI319,BRN-PAL,LEFT,0.8349323493234933,0.7166385135135135,2.0,0.7102162101544388,1964,2101
IXI319,BRN-3RD-VENTRICLE,NONE,0.7123247232472325,0.5531866116460339,7.810249675906654,1.5284129330986351,4214,2561
IXI319,BRN-4TH-VENTRICLE,NONE,0.8227912154640219,0.6989339752407153,3.0,0.7143751588879623,4490,5391
IXI319,BRN-BST,NONE,0.8821706005377951,0.7891817847716415,3.0,1.0547211371434122,23980,29572
IXI319,BRN-HIP,LEFT,0.847237269772481,0.7349624060150376,2.23606797749979,2.1340629829070186,4575,5578
IXI319,BRN-AMY,LEFT,0.5780401416765053,0.4065094652939223,132.25505643900792,35.27944006306787,1992,2243
IXI319,BRN-ACC,LEFT,0.5735392881128274,0.4020715630885122,4.123105625617661,1.3677198582521337,496,993
IXI319,BRN-VDC,LEFT,0.8294365012615643,0.708578818795804,2.23606797749979,0.8848862608984053,6368,5522
IXI319,BRN-CER-WM,RIGHT,0.8751000457596879,0.7779358888414895,2.449489742783178,0.750978234771007,278873,304610
IXI319,BRN-LAT-V,RIGHT,0.936812927799672,0.8811364926220204,1.0,0.49026076753203907,27831,25202
IXI319,BRN-INF-LAT-V,RIGHT,0.6924611088950937,0.5295912141549726,1.7320508075688772,0.6339166583113418,1290,1217
IXI319,BRN-CB-WM,RIGHT,0.7929137161045178,0.6568823842034258,7.681145747868608,1.515183584669344,18058,22471
IXI319,BRN-CB-EXT,RIGHT,0.6548242096821846,0.48679452484606034,146.58103560829417,34.86948280195347,111478,78066
IXI319,BRN-THA,RIGHT,0.8911407645229257,0.8036554469779226,2.23606797749979,0.8285418579706622,9626,10308
IXI319,BRN-CAU,RIGHT,0.8082108587392202,0.6781492050550346,4.312395640972108,0.9308517265351858,3357,4876
IXI319,BRN-PUT,RIGHT,0.8483804272915231,0.7366846199880311,2.0,0.7319052351621529,5177,6431
IXI319,BRN-PAL,RIGHT,0.8639405204460967,0.7604712041884817,1.7320508075688772,0.6157027629041462,1962,2073
IXI319,BRN-HIP,RIGHT,0.8240633449208189,0.7007718837247495,96.1571573180452,5.45033700895288,4795,5561
IXI319,BRN-AMY,RIGHT,0.6817480719794344,0.517160686427457,3.3166247903554,1.246983948843611,1501,2389
IXI319,BRN-ACC,RIGHT,0.559015206372194,0.3879396984924623,4.242640687119285,1.3708403740459192,465,916
IXI319,BRN-VDC,RIGHT,0.8106262491672218,0.6815572048732671,2.449489742783178,1.4246783752165277,6465,5543
IXI320,BRN-CER-WM,LEFT,0.8571801044024949,0.7500570367252244,3.0,0.8404422498093843,248767,295856
IXI320,BRN-LAT-V,LEFT,0.8878671547183287,0.7983463113109095,1.0,0.5559869109237897,12128,10274
IXI320,BRN-INF-LAT-V,LEFT,0.6801675977653632,0.5153439153439153,2.23606797749979,0.5341520529368498,651,781
IXI320,BRN-CB-WM,LEFT,0.755879921315962,0.6075618698441797,7.874007874011811,1.7969926769163886,14570,20507
IXI320,BRN-CB-EXT,LEFT,0.8601864181091877,0.7546728971962616,113.83492010860934,6.434662451191683,77932,78276
IXI320,BRN-THA,LEFT,0.8947638843477043,0.8095680838475192,2.0,0.8034693128372562,10344,11065
IXI320,BRN-CAU,LEFT,0.8311470834496232,0.7110792741165234,3.0,0.8714708737119554,4486,6263
IXI320,BRN-PUT,LEFT,0.8573516515638702,0.7503197748784856,2.449489742783178,0.7745419995707551,6003,7681
IXI320,BRN-PAL,LEFT,0.8788812514813937,0.7839323467230443,2.0,0.5633290217289153,1983,2236
IXI320,BRN-3RD-VENTRICLE,NONE,0.46517189835575484,0.3030775223996883,9.934760540729842,2.448790266744107,2406,939
IXI320,BRN-4TH-VENTRICLE,NONE,0.8273563947953031,0.7055480378890392,5.0990195135927845,0.7509179863172908,2841,3461
IXI320,BRN-BST,NONE,0.8946251066447094,0.8093408960367605,3.0,0.8667393950187031,22810,27591
IXI320,BRN-HIP,LEFT,0.8424295774647887,0.7277566539923954,2.8455844122715557,0.7328496221429092,5028,6332
IXI320,BRN-AMY,LEFT,0.6641938674579624,0.4972232506479082,3.4641016151377544,1.3273205684902802,1490,2554
IXI320,BRN-ACC,LEFT,0.6089588377723971,0.43777197563098347,3.605551275463989,1.1299940635671513,687,965
IXI320,BRN-VDC,LEFT,0.8271305511415907,0.7052196235025671,2.449489742783178,0.8647144983853177,6476,5481
IXI320,BRN-CER-WM,RIGHT,0.8817785339018208,0.7885544685335178,2.0,0.6884835442765321,276134,297552
IXI320,BRN-LAT-V,RIGHT,0.8605313721592791,0.7552040934992441,1.4142135623730951,0.5746563791354785,8037,7056
IXI320,BRN-INF-LAT-V,RIGHT,0.6477074869413814,0.47896995708154505,3.7416573867739413,0.8306344416666511,1004,719
IXI320,BRN-CB-WM,RIGHT,0.7963392762949678,0.6615977913142557,6.48074069840786,1.3037827837511404,17291,20625
IXI320,BRN-CB-EXT,RIGHT,0.854188851671862,0.7454883406556269,138.93973512847867,8.766942395252727,76206,78741
IXI320,BRN-THA,RIGHT,0.8935497040212288,0.8075823263536575,2.0,0.7973218217806222,9794,9802
IXI320,BRN-CAU,RIGHT,0.8156630956778722,0.6887086712414223,2.0,0.904245778307198,4436,6392
IXI320,BRN-PUT,RIGHT,0.8353518319791507,0.717256811899434,2.449489742783178,0.8865538593089028,5621,7425
IXI320,BRN-PAL,RIGHT,0.8648259303721488,0.761844331641286,1.7320508075688772,0.6439048615091462,2041,2124
IXI320,BRN-HIP,RIGHT,0.8268318185474142,0.7047854106677636,2.23606797749979,0.8245752275651702,5350,7083
IXI320,BRN-AMY,RIGHT,0.7134869156788191,0.5545897079276774,3.605551275463989,1.2051758701990098,1711,2760
IXI320,BRN-ACC,RIGHT,0.6067692307692307,0.43551236749116606,3.1622776601683795,1.1229973887668143,588,1037
IXI320,BRN-VDC,RIGHT,0.7924336245652727,0.6562236583309918,2.8284271247461903,1.0334127702170797,6285,5504
IXI321,BRN-CER-WM,LEFT,0.8795964743768798,0.7850711411209511,2.8284271247461903,0.756392525559425,263423,291486
IXI321,BRN-LAT-V,LEFT,0.8922369177688326,0.8054401993355482,1.0,0.7096439900943079,9164,8226
IXI321,BRN-INF-LAT-V,LEFT,0.6329365079365079,0.4629898403483309,2.449489742783178,0.6195020464219952,384,624
IXI321,BRN-CB-WM,LEFT,0.7694883720930232,0.6253401874811007,7.54983443527075,1.6200679315850077,16034,21591
IXI321,BRN-CB-EXT,LEFT,0.8530820708980759,0.7438039368397251,105.30906893520614,8.996342218176126,69755,69064
IXI321,BRN-THA,LEFT,0.9074899445591912,0.8306467661691542,2.0,0.7050435661911592,9195,9203
IXI321,BRN-CAU,LEFT,0.8040609137055837,0.6723259762308998,2.8284271247461903,0.8931044002806012,3585,5280
IXI321,BRN-PUT,LEFT,0.8478753284406995,0.7359232463038692,2.449489742783178,0.7777608617382233,4858,6179
IXI321,BRN-PAL,LEFT,0.843485386506419,0.7293339631554085,1.4142135623730951,0.696647331881777,1973,1688
IXI321,BRN-3RD-VENTRICLE,NONE,0.5160839160839161,0.3477851083883129,9.710709523528989,2.3799083714619096,3082,1208
IXI321,BRN-4TH-VENTRICLE,NONE,0.8575373993095512,0.7506043513295729,1.7320508075688772,0.5847865762614319,2049,2296
IXI321,BRN-BST,NONE,0.8856352629441232,0.7947445154123854,3.3166247903554,1.483918872957307,23241,28462
IXI321,BRN-HIP,LEFT,0.8306993283287238,0.7104240581179253,3.0,0.7984191457812974,4507,5617
IXI321,BRN-AMY,LEFT,0.6698463169051404,0.503585657370518,3.4641016151377544,1.6659593583019514,1448,2326
IXI321,BRN-ACC,LEFT,0.5917553191489362,0.4202077431539188,3.8449944320643588,1.2317237956535225,605,899
IXI321,BRN-VDC,LEFT,0.825634178905207,0.7030468394724875,2.449489742783178,0.8619760330269192,6047,5188
IXI321,BRN-CER-WM,RIGHT,0.8940685671124042,0.8084303787061952,2.0,0.6896183937305909,280594,291342
IXI321,BRN-LAT-V,RIGHT,0.8978282100172069,0.8145991561181435,1.0207106781185418,1.491733255880125,11591,9912
IXI321,BRN-INF-LAT-V,RIGHT,0.5991561181434599,0.42771084337349397,2.23606797749979,1.5103455239249899,418,530
IXI321,BRN-CB-WM,RIGHT,0.7836688556356981,0.6442890649201222,8.431874875234467,1.6368330126130786,16685,20471
IXI321,BRN-CB-EXT,RIGHT,0.8566483579356906,0.7492431255786024,143.41826940127007,6.9820843071859295,68789,71035
IXI321,BRN-THA,RIGHT,0.9099442651804048,0.8347685683530678,1.4142135623730951,0.6738921308940823,8519,8526
IXI321,BRN-CAU,RIGHT,0.8087964467554978,0.6789741724263368,2.449489742783178,0.8827155827028855,3749,5482
IXI321,BRN-PUT,RIGHT,0.8451776649746193,0.7318681318681318,2.23606797749979,0.7872527679416226,4768,6264
IXI321,BRN-PAL,RIGHT,0.8417942519473542,0.7268089053803339,1.7320508075688772,0.683745964454839,1932,1791
IXI321,BRN-HIP,RIGHT,0.8386346004654771,0.7221108884435538,2.23606797749979,0.7244642831049116,4609,5703
IXI321,BRN-AMY,RIGHT,0.6774505070014486,0.5122307411464038,3.605551275463989,1.2920676614049398,1590,2552
IXI321,BRN-ACC,RIGHT,0.5283875851627555,0.35905349794238683,3.7416573867739413,1.3660192212403872,456,865
IXI321,BRN-VDC,RIGHT,0.78607227644421,0.6475445458496306,124.4779095774602,6.939987572147674,6324,5049
IXI322,BRN-CER-WM,LEFT,0.8359794579878728,0.7181827363139123,4.898979485566356,1.1350225616033673,326330,320150
IXI322,BRN-LAT-V,LEFT,0.8513937385334674,0.7412407254740313,2.449489742783178,0.8933192350150714,8095,8802
IXI322,BRN-INF-LAT-V,LEFT,0.24266666666666667,0.13808801213960548,11.40831958468161,3.591220757290202,102,648
IXI322,BRN-CB-WM,LEFT,0.7494078635717669,0.5992424242424242,8.479347318793657,1.801294167041192,13572,20204
IXI322,BRN-CB-EXT,LEFT,0.8224272418077024,0.6984088550674508,5.830951894845301,1.686932587284843,70800,76503
IXI322,BRN-THA,LEFT,0.9002232036852353,0.8185508247689783,2.0,0.7977781407319153,10666,10391
IXI322,BRN-CAU,LEFT,0.8345846052305915,0.7161262919439332,2.23606797749979,0.8378245045792674,5195,6926
IXI322,BRN-PUT,LEFT,0.7431311363117437,0.5912559040813855,3.1622776601683795,1.3650758787932509,5018,8121
IXI322,BRN-PAL,LEFT,0.8360413589364845,0.7182741116751269,3.0,0.7987734094094237,2230,2509
IXI322,BRN-3RD-VENTRICLE,NONE,0.2714233173961015,0.1570212765957447,11.224972160321824,3.304538191980429,1630,1089
IXI322,BRN-4TH-VENTRICLE,NONE,0.7306645938593082,0.5756276791181874,5.0,1.0540323052943592,2084,3062
IXI322,BRN-BST,NONE,0.8123607438102576,0.6840130448504401,5.916079783099616,1.5890511334556598,19653,28370
IXI322,BRN-HIP,LEFT,0.7655913978494624,0.6202090592334495,3.605551275463989,1.0561666209353793,4892,6733
IXI322,BRN-AMY,LEFT,0.5413654618473895,0.3711453744493392,4.58257569495584,1.8312191747605275,1134,2601
IXI322,BRN-ACC,LEFT,0.6988964792433,0.537156704361874,3.0,0.964904620873513,892,1011
IXI322,BRN-VDC,LEFT,0.8334312573443008,0.714429614706623,2.23606797749979,0.9320303361472075,7396,6220
IXI322,BRN-CER-WM,RIGHT,0.7920720065460496,0.6557278338100256,9.848857801796104,1.748534812069013,260994,321953
IXI322,BRN-LAT-V,RIGHT,0.8601689572563359,0.754646017699115,2.0,0.5582573155749498,7706,8156
IXI322,BRN-INF-LAT-V,RIGHT,0.5957081545064378,0.4242053789731051,3.08113883008419,0.7901848539448191,569,596
IXI322,BRN-CB-WM,RIGHT,0.5486769492005094,0.37805294203675716,13.0,3.8874724000428933,8227,20041
IXI322,BRN-CB-EXT,RIGHT,0.7950596495039959,0.6598332018483039,7.0710678118654755,2.2708741521578713,72847,74430
IXI322,BRN-THA,RIGHT,0.883005161536991,0.7905185692281362,2.23606797749979,0.8875553340445915,10464,10460
IXI322,BRN-CAU,RIGHT,0.7952552862300155,0.6601027397260274,2.449489742783178,1.0028519636766988,4809,6825
IXI322,BRN-PUT,RIGHT,0.7398170011806375,0.587071085607214,3.1622776601683795,1.3621579228460372,5212,8340
IXI322,BRN-PAL,RIGHT,0.8111085609364241,0.6822393822393822,2.449489742783178,0.843158470259942,1867,2490
IXI322,BRN-HIP,RIGHT,0.8461196023148835,0.7332818930041153,2.23606797749979,0.8399605314332091,6494,6984
IXI322,BRN-AMY,RIGHT,0.6000497141436739,0.4286221590909091,4.242640687119285,1.6324413180233035,1281,2742
IXI322,BRN-ACC,RIGHT,0.5580426861009891,0.38700361010830325,3.4641016151377544,1.31435904906019,833,1088
IXI322,BRN-VDC,RIGHT,0.8161891224657739,0.6894590495449949,2.449489742783178,1.1380411344381678,7195,6172
IXI324,BRN-CER-WM,LEFT,0.8463687200066266,0.7336561817320766,4.58257569495584,1.0290525928414471,257739,309678
IXI324,BRN-LAT-V,LEFT,0.9360252575606514,0.8797438700609089,1.0,0.54690348111228,31466,28714
IXI324,BRN-INF-LAT-V,LEFT,0.6932907348242812,0.530562347188264,2.23606797749979,0.5555258582147784,558,694
IXI324,BRN-CB-WM,LEFT,0.7580744793505119,0.6104025295768644,8.12403840463596,1.8667465846197557,19017,26311
IXI324,BRN-CB-EXT,LEFT,0.7656130542813455,0.6202374846370472,139.07623781781808,23.917289693087792,91420,76004
IXI324,BRN-THA,LEFT,0.89867657059162,0.8159969601975872,2.23606797749979,0.8054233616348054,9385,9732
IXI324,BRN-CAU,LEFT,0.7702878805828693,0.6263969171483622,105.2245204660199,3.99292299810229,3429,5012
IXI324,BRN-PUT,LEFT,0.842684766214178,0.728137625439854,3.0,0.8157358871646101,5896,7364
IXI324,BRN-PAL,LEFT,0.8384879725085911,0.7218934911242604,2.0,0.7532817325038433,2039,2326
IXI324,BRN-3RD-VENTRICLE,NONE,0.6946815495732108,0.5321931589537223,8.526387033993831,1.6705492609548607,3871,2221
IXI324,BRN-4TH-VENTRICLE,NONE,0.7994350282485876,0.6658823529411765,2.23606797749979,0.5891514055115481,1933,2315
IXI324,BRN-BST,NONE,0.8912522789833053,0.8038368531355795,3.1622776601683795,1.06918173122513,25403,30543
IXI324,BRN-HIP,LEFT,0.822756253065228,0.6988835194134311,2.544224088273931,2.7451827729869613,4558,5637
IXI324,BRN-AMY,LEFT,0.6619217081850534,0.4946808510638298,126.76198059929484,5.24464102513556,1460,2474
IXI324,BRN-ACC,LEFT,0.5138790035587188,0.3457854406130268,163.5278202900633,13.099797083439338,485,920
IXI324,BRN-VDC,LEFT,0.8398565165404543,0.7239246942421328,2.23606797749979,1.010671144641939,6645,5900
IXI324,BRN-CER-WM,RIGHT,0.8730726616088571,0.7747373161212849,2.449489742783178,0.9557502229977153,280794,310371
IXI324,BRN-LAT-V,RIGHT,0.9262945209896181,0.862708199871877,1.4142135623730951,0.6904690418976688,24421,22102
IXI324,BRN-INF-LAT-V,RIGHT,0.6088560885608856,0.4376657824933687,2.23606797749979,0.6331775986318232,549,535
IXI324,BRN-CB-WM,RIGHT,0.7715697771821075,0.6280941016024548,8.602325267042627,1.7816499145127243,21321,26431
IXI324,BRN-CB-EXT,RIGHT,0.7348798958297639,0.5808775731310942,123.92961674464563,24.86397627901449,97440,77658
IXI324,BRN-THA,RIGHT,0.8973009675776609,0.8137315270935961,2.23606797749979,0.7437617625221375,9016,8657
IXI324,BRN-CAU,RIGHT,0.7656106519742883,0.6202343314115678,3.1622776601683795,1.0121900105772637,3370,5342
IXI324,BRN-PUT,RIGHT,0.860962162978627,0.7558679220262564,2.23606797749979,0.8629147401535207,5977,7264
IXI324,BRN-PAL,RIGHT,0.8829493087557604,0.7904290429042904,1.4142135623730951,0.5488435761502096,2108,2232
IXI324,BRN-HIP,RIGHT,0.8409317502039336,0.7255239286831404,2.0,3.1243419940373878,5039,5994
IXI324,BRN-AMY,RIGHT,0.6636155606407322,0.4965753424657534,4.123105625617661,1.3000826433143537,1511,2422
IXI324,BRN-ACC,RIGHT,0.4613159797541576,0.299812030075188,5.044558781116752,1.648963419941476,441,942
IXI324,BRN-VDC,RIGHT,0.7920036624446818,0.655634158665993,134.2495798920268,13.76727278590621,7224,5882
IXI325,BRN-CER-WM,LEFT,0.8567676279654746,0.74942561890611,3.605551275463989,0.8750604372241576,240815,280771
IXI325,BRN-LAT-V,LEFT,0.9095966620305981,0.8341836734693877,1.0,0.5248996765051879,17317,15038
IXI325,BRN-INF-LAT-V,LEFT,0.7642792384406165,0.6184886280264124,1.4142135623730951,0.47958906902598386,1140,1066
IXI325,BRN-CB-WM,LEFT,0.777291796840132,0.6357132428091692,7.810249675906654,1.7495584070521257,14182,19427
IXI325,BRN-CB-EXT,LEFT,0.8501724413917549,0.7393912548250332,149.94015472671694,13.397476142976545,69021,68417
IXI325,BRN-THA,LEFT,0.9024923480542195,0.8223107569721115,2.23606797749979,0.7330841597460678,8905,9391
IXI325,BRN-CAU,LEFT,0.8101815311760063,0.6809286898839138,5.196152422706632,1.0739217413702706,4154,5982
IXI325,BRN-PUT,LEFT,0.8467663081435954,0.7342538759689923,3.0,0.8584911734761351,6319,7999
IXI325,BRN-PAL,LEFT,0.8796296296296297,0.7851239669421488,1.7320508075688772,0.5781762882869715,2038,2282
IXI325,BRN-3RD-VENTRICLE,NONE,0.5144995322731525,0.34634760705289674,9.0,2.180380655816234,2274,933
IXI325,BRN-4TH-VENTRICLE,NONE,0.8047337278106509,0.6732673267326733,3.1622776601683795,0.7523447900093074,2916,3337
IXI325,BRN-BST,NONE,0.8795976769632186,0.7850730571310521,3.3166247903554,0.9673645198664458,21117,26407
IXI325,BRN-HIP,LEFT,0.8259773013871374,0.7035445757250268,2.8284271247461903,0.767079684443328,4223,5293
IXI325,BRN-AMY,LEFT,0.6254767353165522,0.4550499445061043,3.3166247903554,1.5882508282830097,1494,2439
IXI325,BRN-ACC,LEFT,0.6131293817718292,0.4420955882352941,3.1622776601683795,1.1480011562140553,636,933
IXI325,BRN-VDC,LEFT,0.829702795660993,0.7089675960813866,2.449489742783178,0.8576516804430481,6198,5141
IXI325,BRN-CER-WM,RIGHT,0.8741287488796877,0.7764020513090417,2.449489742783178,0.735141898534806,257840,282188
IXI325,BRN-LAT-V,RIGHT,0.900497512437811,0.8190045248868778,1.0,0.5612261820807597,13838,11890
IXI325,BRN-INF-LAT-V,RIGHT,0.6584867075664622,0.49085365853658536,2.8627416997969406,1.5049166449916356,778,689
IXI325,BRN-CB-WM,RIGHT,0.7792717579166301,0.6383662891149933,8.54400374531753,1.8540734010689202,14254,19883
IXI325,BRN-CB-EXT,RIGHT,0.8488747844484053,0.7374304489035475,113.48127598859647,11.264936155008742,69794,68224
IXI325,BRN-THA,RIGHT,0.899408969753158,0.8172054332947246,1.7320508075688772,0.7243397983413302,8446,8812
IXI325,BRN-CAU,RIGHT,0.8185508422975442,0.6928362824257001,2.23606797749979,0.8433928478134419,4075,5779
IXI325,BRN-PUT,RIGHT,0.865070093457944,0.7622233659289758,2.246739065763901,0.7527660315488289,6109,7587
IXI325,BRN-PAL,RIGHT,0.8621118012422361,0.75764192139738,1.4142135623730951,0.6185018306323492,2108,1917
IXI325,BRN-HIP,RIGHT,0.8510519974047641,0.7407228138109068,2.23606797749979,0.6866299925651782,4780,6009
IXI325,BRN-AMY,RIGHT,0.6416915651574351,0.47241962774957696,3.7416573867739413,1.4631819723418216,1652,2699
IXI325,BRN-ACC,RIGHT,0.6824005394470668,0.5179119754350051,3.1217082451262845,0.9348484487249388,543,940
IXI325,BRN-VDC,RIGHT,0.7830587423445182,0.6434647008789339,3.0,1.193514455119621,6162,5431
IXI326,BRN-CER-WM,LEFT,0.8250132003975649,0.7021467821397771,3.7416573867739413,1.224679981904649,233811,281325
IXI326,BRN-LAT-V,LEFT,0.8701953371140516,0.7702175125488009,3.4051108852247323,1.2763848438492371,15611,12955
IXI326,BRN-INF-LAT-V,LEFT,0.6138722009830694,0.4428684003152088,3.0,0.7184502526932347,983,848
IXI326,BRN-CB-WM,LEFT,0.7498651968126535,0.5998274705262149,7.3484692283495345,1.8755740791988613,14182,19200
IXI326,BRN-CB-EXT,LEFT,0.8004053423539018,0.6672298323872959,110.90987332063814,17.07818567309591,72845,64323
IXI326,BRN-THA,LEFT,0.8940198063139465,0.808350648065697,2.0,0.7718594458877285,9067,9210
IXI326,BRN-CAU,LEFT,0.6505201055736687,0.48205246203405433,4.9343366656181225,1.1209183847149187,2497,3944
IXI326,BRN-PUT,LEFT,0.8239643727417864,0.7006287510717348,2.8284271247461903,0.8527584137640866,5244,6657
IXI326,BRN-PAL,LEFT,0.8298256163559832,0.7091469681397738,2.0,0.7010896089118087,1618,1708
IXI326,BRN-3RD-VENTRICLE,NONE,0.6092003439380912,0.43802163833075736,8.12403840463596,2.1345099002932475,3103,1549
IXI326,BRN-4TH-VENTRICLE,NONE,0.7195530726256983,0.5619546247818499,2.449489742783178,0.6703838004255676,1510,2070
IXI326,BRN-BST,NONE,0.8776281176447319,0.7819405773094139,4.0,1.048430464853051,22538,28021
IXI326,BRN-HIP,LEFT,0.8076887188578893,0.6774143058381593,2.8284271247461903,0.9051704446061277,4825,5892
IXI326,BRN-AMY,LEFT,0.6491037479630636,0.4804985926819461,3.0,1.3367774445329044,1322,2360
IXI326,BRN-ACC,LEFT,0.6248896734333628,0.4544287548138639,3.3534939965509887,1.1153331573162697,396,737
IXI326,BRN-VDC,LEFT,0.8255420364102095,0.702913226359246,2.23606797749979,0.8184784426281075,5672,5259
IXI326,BRN-CER-WM,RIGHT,0.8646110576459523,0.761510902029149,2.0,0.7295873101362969,268039,281644
IXI326,BRN-LAT-V,RIGHT,0.8890976640901909,0.8003382793880218,1.4142135623730951,0.598733430073178,12531,10886
IXI326,BRN-INF-LAT-V,RIGHT,0.6194144838212635,0.4486607142857143,4.860687091920529,0.9519490061287411,1196,751
IXI326,BRN-CB-WM,RIGHT,0.7815265815265815,0.6413981377662945,7.0710678118654755,1.456681304642207,14718,18952
IXI326,BRN-CB-EXT,RIGHT,0.8018824093640874,0.66928523179305,148.24641648282767,20.677384730139234,72114,61332
IXI326,BRN-THA,RIGHT,0.8840247536099014,0.7921544464982543,2.23606797749979,0.8201456350658104,8432,9020
IXI326,BRN-CAU,RIGHT,0.7560644284882593,0.6078003120124805,2.449489742783178,1.019880024458182,4417,5889
IXI326,BRN-PUT,RIGHT,0.846061848624637,0.7331951436185964,2.0,0.7329641063462038,5397,6309
IXI326,BRN-PAL,RIGHT,0.8423973362930077,0.7277085330776606,2.0,0.6698344984382533,1725,1879
IXI326,BRN-HIP,RIGHT,0.8193464537690308,0.6939770404151596,2.23606797749979,0.8549802146716352,4654,6118
IXI326,BRN-AMY,RIGHT,0.6798210997106025,0.5149461937026704,3.4641016151377544,1.237187503743137,1428,2373
IXI326,BRN-ACC,RIGHT,0.47781065088757396,0.3138969873663751,3.7416573867739413,1.4863335607948858,447,905
IXI326,BRN-VDC,RIGHT,0.8005867791326671,0.6674820363858737,2.449489742783178,1.106662260595156,5720,5187
IXI327,BRN-CER-WM,LEFT,0.7329763860493327,0.5785025456343798,23.874672772626646,3.43624517158225,217106,280820
IXI327,BRN-LAT-V,LEFT,0.9252003984252716,0.8608120035304502,1.7320508075688772,1.038730178438715,21667,20499
IXI327,BRN-INF-LAT-V,LEFT,0.7161016949152542,0.5577557755775577,1.4142135623730951,0.5101855713909916,939,949
IXI327,BRN-CB-WM,LEFT,0.572248385990082,0.4008038795928175,9.16515138991168,2.545094072480899,12141,19922
IXI327,BRN-CB-EXT,LEFT,0.7974949100846126,0.6631946232682701,90.9296373845222,5.099547498828558,58821,70356
IXI327,BRN-THA,LEFT,0.7863258951738453,0.6478888295029396,3.605551275463989,1.3559170306559156,6909,8507
IXI327,BRN-CAU,LEFT,0.6910836762688615,0.5279815552295116,3.7416573867739413,1.2946063666656298,2563,4727
IXI327,BRN-PUT,LEFT,0.8308830328247804,0.7106928187282505,2.8284271247461903,0.8444126370221388,4607,6208
IXI327,BRN-PAL,LEFT,0.7221651250428229,0.5651474530831099,3.1622776601683795,1.0774979689846815,1127,1792
IXI327,BRN-3RD-VENTRICLE,NONE,0.721383475157837,0.5641906397595534,7.54983443527075,1.4969860055670898,4211,3075
IXI327,BRN-4TH-VENTRICLE,NONE,0.6052303860523038,0.43392857142857144,6.344197549610781,1.6417554131290861,2004,4420
IXI327,BRN-BST,NONE,0.1968429573664328,0.10916573138795362,19.339079605813716,5.978796127628636,3186,26462
IXI327,BRN-HIP,LEFT,0.6030357602263957,0.4316758747697974,3.1622776601683795,1.2483151256243494,2568,5206
IXI327,BRN-AMY,LEFT,0.415,0.2618296529968454,5.0,2.064636109785797,667,2133
IXI327,BRN-ACC,LEFT,0.0427807486631016,0.02185792349726776,6.268505859258031,3.4060634040750677,63,872
IXI327,BRN-VDC,LEFT,0.6056518946692357,0.43436204514048826,9.428666170815621,1.8564074388872311,3883,5459
IXI327,BRN-CER-WM,RIGHT,0.7484159836106571,0.5979750250963893,23.08679276123039,3.143313739762018,222757,277080
IXI327,BRN-LAT-V,RIGHT,0.9363233665559247,0.8802706923477356,1.0,0.6105507026608995,20422,19310
IXI327,BRN-INF-LAT-V,RIGHT,0.6956521739130435,0.5333333333333333,1.4142135623730951,0.6135154803736379,1087,1121
IXI327,BRN-CB-WM,RIGHT,0.6323300878500523,0.4623411557369446,8.774964387392123,1.9672061965205143,12184,19347
IXI327,BRN-CB-EXT,RIGHT,0.8226648002036141,0.6987515538020862,6.0,1.55925139285914,57925,67803
IXI327,BRN-THA,RIGHT,0.7844961240310078,0.6454081632653061,3.7416573867739413,1.3018920653418335,6933,8547
IXI327,BRN-CAU,RIGHT,0.74459333952501,0.5931092792221517,4.375884495259494,1.1176040142573371,2828,4709
IXI327,BRN-PUT,RIGHT,0.8629138491261965,0.7588816805684275,2.23606797749979,0.7108600764081524,5110,6277
IXI327,BRN-PAL,RIGHT,0.8282555944998652,0.7068568798895536,2.23606797749979,0.7527519875415318,1678,2031
IXI327,BRN-HIP,RIGHT,0.7369932619021319,0.5835228266573378,2.8284271247461903,0.9851165077295806,3839,5214
IXI327,BRN-AMY,RIGHT,0.4757213230119634,0.3120960295475531,4.47213595499958,1.7596056710146473,721,2121
IXI327,BRN-ACC,RIGHT,0.18141592920353983,0.09975669099756691,6.082762530298219,2.6096052346852594,123,781
IXI327,BRN-VDC,RIGHT,0.6164205039096438,0.4455259026687598,5.0,1.7511765909047725,3606,5602
IXI328,BRN-CER-WM,LEFT,0.7806911875224641,0.6402735546019416,8.660254037844387,1.8218397388541452,202339,256726
IXI328,BRN-LAT-V,LEFT,0.8984663938064007,0.8156504610976811,1.0,0.5211107367239234,10491,9788
IXI328,BRN-INF-LAT-V,LEFT,0.4984488107549121,0.3319559228650138,5.830951894845301,1.213516074993199,285,682
IXI328,BRN-CB-WM,LEFT,0.726129935432261,0.570018839149547,9.273618495495704,2.3208802963544137,14079,20923
IXI328,BRN-CB-EXT,LEFT,0.8312632215170747,0.7112493050797057,85.05439249341019,3.7244096261048374,64269,68091
IXI328,BRN-THA,LEFT,0.8399133766450109,0.7240091901206204,2.8284271247461903,1.0676347420748211,8300,9709
IXI328,BRN-CAU,LEFT,0.713128038897893,0.5541561712846348,3.7416573867739413,1.1533977921398648,2926,5095
IXI328,BRN-PUT,LEFT,0.7984496124031008,0.6645161290322581,3.0,1.0970276379311745,5657,8275
IXI328,BRN-PAL,LEFT,0.7400732188116024,0.5873938310236925,2.449489742783178,0.9936361499758121,1857,1694
IXI328,BRN-3RD-VENTRICLE,NONE,0.5528103767757875,0.3819889031156637,11.045361017187261,2.328755559525617,2150,1088
IXI328,BRN-4TH-VENTRICLE,NONE,0.7464686707714596,0.5954926321872291,5.0,0.9603117034178006,2262,3260
IXI328,BRN-BST,NONE,0.8529172761254673,0.7435534145650325,4.123105625617661,1.182159908613765,21438,27786
IXI328,BRN-HIP,LEFT,0.7509778357235984,0.6012526096033403,3.0,1.0493628189634476,4355,6383
IXI328,BRN-AMY,LEFT,0.4733036707452725,0.3100182149362477,4.47213595499958,1.972775747432898,1046,2550
IXI328,BRN-ACC,LEFT,0.09839816933638444,0.05174488567990373,5.916079783099616,3.211000571619654,45,829
IXI328,BRN-VDC,LEFT,0.7996206242455596,0.6661399224249389,3.0,1.027680882349233,6301,5297
IXI328,BRN-CER-WM,RIGHT,0.7987873417513804,0.6649841193948294,7.211102550927978,1.5358652640483033,221994,265530
IXI328,BRN-LAT-V,RIGHT,0.9073133473362612,0.8303509017195583,1.0,0.6529614663549648,13752,12433
IXI328,BRN-INF-LAT-V,RIGHT,0.5501330967169477,0.379436964504284,2.8284271247461903,0.9579597143243648,458,669
IXI328,BRN-CB-WM,RIGHT,0.7505193363876953,0.6006650268743737,7.3484692283495345,1.8089638982813725,14723,20418
IXI328,BRN-CB-EXT,RIGHT,0.8457973345065348,0.7327979390386562,5.916079783099616,1.3971000447517619,63472,68361
IXI328,BRN-THA,RIGHT,0.8068124685771745,0.6761824502264827,3.605551275463989,1.1316284945519783,7055,8857
IXI328,BRN-CAU,RIGHT,0.7361702127659574,0.5824915824915825,3.0,1.0215838207752985,3143,5317
IXI328,BRN-PUT,RIGHT,0.8176998656959072,0.6916178404878632,2.449489742783178,0.9674195345828283,6016,8131
IXI328,BRN-PAL,RIGHT,0.7230335639251858,0.5662118780096308,3.1622776601683795,1.0748267142706762,2076,1827
IXI328,BRN-HIP,RIGHT,0.750140056022409,0.6001792917974003,2.8284271247461903,1.0501917579965534,4356,6354
IXI328,BRN-AMY,RIGHT,0.5353430353430353,0.36550745209368346,4.47213595499958,1.7328142667885125,1236,2612
IXI328,BRN-ACC,RIGHT,0.2639593908629442,0.15204678362573099,5.477225575051661,2.3437490143769835,152,833
IXI328,BRN-VDC,RIGHT,0.7754297994269341,0.6332260894998537,5.949647869859758,1.409534570100745,6007,5161
IXI329,BRN-CER-WM,LEFT,0.564773427652876,0.39350820179510987,74.03715275858474,10.606147656814306,199594,160600
IXI329,BRN-LAT-V,LEFT,0.683384163560375,0.5190459849004805,93.4264075031064,8.902265726088938,9708,7998
IXI329,BRN-INF-LAT-V,LEFT,0.05166051660516605,0.026515151515151516,7.813437585811909,3.4532574532051767,314,499
IXI329,BRN-CB-WM,LEFT,0.4997330485851575,0.3330960854092527,10.0,3.886158130911641,11335,11141
IXI329,BRN-CB-EXT,LEFT,0.705583885772565,0.5450981937085114,85.492689745966,7.275450570284056,38548,39892
IXI329,BRN-THA,LEFT,0.6024779504409912,0.4311044327573253,101.18225906726938,7.471326884627633,3978,5546
IXI329,BRN-CAU,LEFT,0.5095793878000441,0.341903073286052,96.6439338251415,17.338197891340645,1932,2609
IXI329,BRN-PUT,LEFT,0.24944589965746525,0.14249539594843463,75.9759824124023,7.931676314371244,800,4163
IXI329,BRN-PAL,LEFT,0.18313689936536717,0.10079840319361277,11.045361017187261,3.9480927472417355,148,955
IXI329,BRN-3RD-VENTRICLE,NONE,0.37255883825738606,0.22892307692307692,7.280109889280518,3.100724452055941,1364,633
IXI329,BRN-4TH-VENTRICLE,NONE,0.5347334410339257,0.3649393605292172,4.242640687119285,2.2165941991555367,1055,1421
IXI329,BRN-BST,NONE,0.6329798152582963,0.46303618799739726,57.46042102263206,7.917200574762654,12933,16297
IXI329,BRN-HIP,LEFT,0.24781927980317603,0.14143477150880776,7.3484692283495345,3.115827184546195,980,3491
IXI329,BRN-AMY,LEFT,0.11153358681875793,0.05906040268456376,10.198039027185569,5.054437595930253,184,1394
IXI329,BRN-ACC,LEFT,0.0,0.0,85.56844579082544,79.74547227031728,26,533
IXI329,BRN-VDC,LEFT,0.30440917107583776,0.17952985229873103,8.988748219369617,4.187117899639468,2682,2988
IXI329,BRN-CER-WM,RIGHT,0.5893960680336355,0.4178324295552081,66.94027188471824,7.7836403475851705,179474,161475
IXI329,BRN-LAT-V,RIGHT,0.6523226167526895,0.48403469915097824,115.97413504743201,15.608535321129695,9360,6721
IXI329,BRN-INF-LAT-V,RIGHT,0.2038753159224937,0.11350844277673545,5.385164807134504,1.9190123473217628,551,636
IXI329,BRN-CB-WM,RIGHT,0.63216011042098,0.46215943491422806,6.324555320336759,2.1390785970062227,12382,10802
IXI329,BRN-CB-EXT,RIGHT,0.6885893980233603,0.5250753631131817,79.61155694998057,10.616749642469939,43709,39766
IXI329,BRN-THA,RIGHT,0.6,0.42857142857142855,5.744562646538029,2.1172187064167542,3033,5647
IXI329,BRN-CAU,RIGHT,0.5928799634869922,0.421342847875446,3.0,1.8777964509065521,1509,2873
IXI329,BRN-PUT,RIGHT,0.5197014407220969,0.35107879924953095,5.385164807134504,2.5902368800414446,2002,3759
IXI329,BRN-PAL,RIGHT,0.4124256444150694,0.2597835137385512,6.782329983125268,2.521728598184697,522,991
IXI329,BRN-HIP,RIGHT,0.28714057507987223,0.16763814408953137,41.211647338162514,3.094379566259728,1075,3933
IXI329,BRN-AMY,RIGHT,0.039663461538461536,0.02023298589822195,10.677078252031311,5.096632117331148,105,1559
IXI329,BRN-ACC,RIGHT,0.0,0.0,83.77973572033495,20.80832971979724,31,488
IXI329,BRN-VDC,RIGHT,0.07709750566893424,0.04009433962264151,96.07283484217412,6.787524409192957,921,3048
IXI330,BRN-CER-WM,LEFT,0.8776604096781101,0.7819918474286333,2.449489742783178,0.782173330456743,268487,291953
IXI330,BRN-LAT-V,LEFT,0.8941242937853108,0.8085215081230204,1.0,0.6717307129444271,9469,8231
IXI330,BRN-INF-LAT-V,LEFT,0.4126149802890933,0.2599337748344371,4.773841250120595,1.365990121707197,219,542
IXI330,BRN-CB-WM,LEFT,0.7616532100729357,0.6150564738959717,7.0710678118654755,1.7880270594445606,13886,19431
IXI330,BRN-CB-EXT,LEFT,0.8074155051471258,0.6770300206248567,150.38816437500367,22.334624079817054,70227,61497
IXI330,BRN-THA,LEFT,0.9137112256239265,0.8411310575760395,2.0,0.6898613897791801,9915,9879
IXI330,BRN-CAU,LEFT,0.7609384908053266,0.6141248720573184,3.0,1.1056151454201044,3006,4879
IXI330,BRN-PUT,LEFT,0.8392122538293216,0.7229678781480923,2.0,0.8494294750489185,4842,6583
IXI330,BRN-PAL,LEFT,0.7719937532535138,0.6286562102585841,2.23606797749979,0.9722326268587664,1719,2123
IXI330,BRN-3RD-VENTRICLE,NONE,0.43016919988528823,0.2740226525392766,9.899494936611665,2.590411294828316,2574,913
IXI330,BRN-4TH-VENTRICLE,NONE,0.817687074829932,0.6915995397008056,3.3166247903554,1.73890588349177,2069,2341
IXI330,BRN-BST,NONE,0.8947286924591324,0.80951046711764,3.0,1.264708172067329,20613,24594
IXI330,BRN-HIP,LEFT,0.7878672625273367,0.6499843112645121,3.3166247903554,1.0312058264073058,4812,5705
IXI330,BRN-AMY,LEFT,0.7454316320100819,0.5941737820190859,2.449489742783178,1.376396367342977,1319,1855
IXI330,BRN-ACC,LEFT,0.6464799394398183,0.47762863534675615,3.1622776601683795,1.011136591896242,589,732
IXI330,BRN-VDC,LEFT,0.8357822752056187,0.7178917288458485,2.23606797749979,0.826647903897384,5788,5033
IXI330,BRN-CER-WM,RIGHT,0.8929760860524688,0.8066457054827386,2.0,0.6626978624973846,280827,291475
IXI330,BRN-LAT-V,RIGHT,0.8896467203069217,0.8012285248104425,1.4142135623730951,0.9368329210432166,9881,8886
IXI330,BRN-INF-LAT-V,RIGHT,0.5375347544022243,0.36755386565272496,4.324021466614256,0.9260715807243595,499,580
IXI330,BRN-CB-WM,RIGHT,0.783323807709405,0.6438227464899003,9.219544457292887,1.658405568077671,13976,17518
IXI330,BRN-CB-EXT,RIGHT,0.8314048456576738,0.7114566944491398,147.8039241698271,17.07463782742304,68304,63319
IXI330,BRN-THA,RIGHT,0.9067461392576538,0.8294012688342586,1.7320508075688772,1.3217923031454963,9085,9370
IXI330,BRN-CAU,RIGHT,0.7928814842862552,0.6568381430363864,2.449489742783178,0.9042337289419532,3158,4765
IXI330,BRN-PUT,RIGHT,0.8515674405998735,0.7415040906230334,2.0,0.7433839699191321,4842,6227
IXI330,BRN-PAL,RIGHT,0.8722151088348271,0.7733878292461399,1.4142135623730951,0.5840351982539476,1834,2071
IXI330,BRN-HIP,RIGHT,0.8241008874357777,0.7008261836669845,2.23606797749979,1.0938566523628361,4856,5849
IXI330,BRN-AMY,RIGHT,0.7283813747228381,0.5727986050566696,3.0,1.0851911261969789,1450,2158
IXI330,BRN-ACC,RIGHT,0.6695427092320967,0.503242542153048,3.1622776601683795,0.8681378636610645,453,706
IXI330,BRN-VDC,RIGHT,0.8092313418946585,0.6795873710534542,125.60652849274993,4.384259736750881,5786,4960
IXI331,BRN-CER-WM,LEFT,0.8172463417645099,0.6909691938587887,7.0710678118654755,1.416491561540008,284450,306887
IXI331,BRN-LAT-V,LEFT,0.8683942271581093,0.7673999620709273,1.4142135623730951,0.6104015543245278,9338,9301
IXI331,BRN-INF-LAT-V,LEFT,0.2946518668012109,0.1727810650887574,6.164414002968976,1.8574853735652115,207,784
IXI331,BRN-CB-WM,LEFT,0.449847816422147,0.2901959054006354,14.866068747318506,4.312456387075079,6915,22326
IXI331,BRN-CB-EXT,LEFT,0.7119882760253678,0.5527808969224807,7.14142842854285,2.641667437855408,70428,85833
IXI331,BRN-THA,LEFT,0.8642190075077825,0.7609028617492947,2.23606797749979,1.0881578562891585,10406,11438
IXI331,BRN-CAU,LEFT,0.7964015151515151,0.6616837136113297,3.0,0.9555555941023748,4238,6322
IXI331,BRN-PUT,LEFT,0.7169924812030075,0.5588373183309893,3.605551275463989,1.4781100690362228,4810,8490
IXI331,BRN-PAL,LEFT,0.8118128907092046,0.6832365747460087,2.449489742783178,0.8574330779863507,2337,2302
IXI331,BRN-3RD-VENTRICLE,NONE,0.3711111111111111,0.22783083219645292,50.958805986656245,4.506559428432228,2163,1437
IXI331,BRN-4TH-VENTRICLE,NONE,0.827683615819209,0.7060240963855422,2.23606797749979,0.6133373755045709,2357,2599
IXI331,BRN-BST,NONE,0.7795761594465995,0.6387749350201986,8.06225774829855,1.9266651452930075,20756,31575
IXI331,BRN-HIP,LEFT,0.7893488407682302,0.652003539375553,3.3166247903554,1.0288952154440179,5919,7150
IXI331,BRN-AMY,LEFT,0.5355348169418521,0.3656862745098039,4.123105625617661,1.806156981372919,1358,2821
IXI331,BRN-ACC,LEFT,0.5846153846153846,0.41304347826086957,3.9483314773547766,1.3597831919666135,927,1348
IXI331,BRN-VDC,LEFT,0.8209566596194503,0.696290485262804,3.1622776601683795,1.0592364187955736,8444,6692
IXI331,BRN-CER-WM,RIGHT,0.8300997001307122,0.7095473864084476,5.385164807134504,1.172682802930351,278213,307042
IXI331,BRN-LAT-V,RIGHT,0.8590281118977249,0.7528915662650603,2.23606797749979,0.6148899451686918,6889,7660
IXI331,BRN-INF-LAT-V,RIGHT,0.5888198757763975,0.41725352112676056,6.4341708218228515,1.458476621454215,875,735
IXI331,BRN-CB-WM,RIGHT,0.4097735148948087,0.25768248657215814,11.789826122551595,4.131111949026852,6528,22039
IXI331,BRN-CB-EXT,RIGHT,0.7412000662410069,0.5888148278079869,6.4031242374328485,2.516131266709876,77180,85861
IXI331,BRN-THA,RIGHT,0.8716704574172353,0.7725318043361404,2.23606797749979,0.9821793889381595,9735,10050
IXI331,BRN-CAU,RIGHT,0.6955345060893099,0.533195020746888,3.1622776601683795,1.241022551076441,3382,6225
IXI331,BRN-PUT,RIGHT,0.6791859825567691,0.5142177275431291,3.605551275463989,1.5799098068116422,4428,8299
IXI331,BRN-PAL,RIGHT,0.8333717446416224,0.7143421572500988,2.23606797749979,0.7620256580014613,2027,2312
IXI331,BRN-HIP,RIGHT,0.8416110336732449,0.7265357821405953,2.449489742783178,0.7705268293510639,6225,7406
IXI331,BRN-AMY,RIGHT,0.603448275862069,0.43209876543209874,4.242640687119285,1.6222360546872323,1383,2793
IXI331,BRN-ACC,RIGHT,0.5745554035567716,0.40307101727447214,4.0,1.3301573421307271,849,1344
IXI331,BRN-VDC,RIGHT,0.8126660142597512,0.684446014364771,3.137936011143108,1.094849039411763,7852,6454
IXI332,BRN-CER-WM,LEFT,0.8131961177927444,0.6851983971271953,6.48074069840786,1.4228579984448404,270957,295937
IXI332,BRN-LAT-V,LEFT,0.8701128821278039,0.7700883286167567,2.23606797749979,0.68749598969599,9934,10707
IXI332,BRN-INF-LAT-V,LEFT,0.26357969723953695,0.1517948717948718,11.74734012447073,3.4723377713103845,180,943
IXI332,BRN-CB-WM,LEFT,0.6945114782501083,0.5319935538913642,8.732089512159042,2.216034639312972,11652,20670
IXI332,BRN-CB-EXT,LEFT,0.8160961643405521,0.6893263960801151,5.385164807134504,1.6637708925929582,64943,68828
IXI332,BRN-THA,LEFT,0.8906965968182052,0.8029332590736099,2.23606797749979,0.8128548995373597,9818,9605
IXI332,BRN-CAU,LEFT,0.7979455373582711,0.663818123186069,2.8284271247461903,0.9741925842500965,4171,6148
IXI332,BRN-PUT,LEFT,0.6882022471910112,0.5246252676659529,3.1854297296964464,1.5595686064000676,4199,7905
IXI332,BRN-PAL,LEFT,0.8369415016121603,0.7196039603960396,2.23606797749979,0.789612618905549,2130,2212
IXI332,BRN-3RD-VENTRICLE,NONE,0.42441054091539526,0.26936619718309857,9.539392014169456,2.47338523457982,2118,1487
IXI332,BRN-4TH-VENTRICLE,NONE,0.6168985408890397,0.44602551521099115,6.164414002968976,1.2859506629509694,975,1972
IXI332,BRN-BST,NONE,0.8157872626449336,0.6888857355706126,7.14142842854285,1.6255086799076746,19663,27945
IXI332,BRN-HIP,LEFT,0.7885918003565062,0.6509711595055915,2.449489742783178,0.9496213012432493,5156,6064
IXI332,BRN-AMY,LEFT,0.551617873651772,0.38085106382978723,4.123105625617661,1.7725086782440245,1279,2615
IXI332,BRN-ACC,LEFT,0.551440329218107,0.3806818181818182,3.605551275463989,1.3261747722298967,571,887
IXI332,BRN-VDC,LEFT,0.8207591014717274,0.6960063058328955,2.449489742783178,0.9391762057240879,7098,5812
IXI332,BRN-CER-WM,RIGHT,0.8086997323758459,0.6788378667862303,8.06225774829855,1.5361861350691508,245995,293194
IXI332,BRN-LAT-V,RIGHT,0.8808517468300251,0.7870733339707429,1.4142135623730951,0.5477753758530978,9226,9465
IXI332,BRN-INF-LAT-V,RIGHT,0.6759305210918114,0.5104947526236882,3.1622776601683795,0.8483642693693002,1004,1011
IXI332,BRN-CB-WM,RIGHT,0.6232091690544412,0.45265348595213317,11.045361017187261,3.2319378495462465,10204,20508
IXI332,BRN-CB-EXT,RIGHT,0.8208589585146292,0.6961499342611198,6.4031242374328485,2.4582077898467674,68288,68459
IXI332,BRN-THA,RIGHT,0.8747632077457378,0.7774036662925552,2.23606797749979,0.9109653061855544,9346,9658
IXI332,BRN-CAU,RIGHT,0.7419966091552808,0.589820833993975,3.0,1.1615388784006806,3807,6220
IXI332,BRN-PUT,RIGHT,0.7321724709784412,0.5775016350555919,3.0,1.3018713005533058,4514,7546
IXI332,BRN-PAL,RIGHT,0.7748312439729991,0.6324281778827233,3.1622776601683795,1.0126202927495036,1724,2424
IXI332,BRN-HIP,RIGHT,0.8352605999664823,0.7171223021582733,2.0,0.7426823008166089,5791,6143
IXI332,BRN-AMY,RIGHT,0.6798082045817795,0.5149313962873285,3.3166247903554,1.2164012911803121,1341,2413
IXI332,BRN-ACC,RIGHT,0.5150273224043715,0.3468261269549218,4.0,1.355517837636362,628,836
IXI332,BRN-VDC,RIGHT,0.8060673443456162,0.6751363575894639,3.0,1.0656494489609374,7014,5578
IXI333,BRN-CER-WM,LEFT,0.8375643349284398,0.7205253246224846,5.477225575051661,1.1895452812300586,294390,297629
IXI333,BRN-LAT-V,LEFT,0.9154364392740124,0.8440597420230821,1.0,0.47319563006930865,13972,13191
IXI333,BRN-INF-LAT-V,LEFT,0.25848142164781907,0.14842300556586271,15.446613705375889,4.747662066957644,96,523
IXI333,BRN-CB-WM,LEFT,0.5320488443824735,0.36244315238040414,11.180339887498949,3.0408389071976556,6491,17176
IXI333,BRN-CB-EXT,LEFT,0.8016566297489933,0.6689707221237242,6.164414002968976,2.12176250037536,68993,70326
IXI333,BRN-THA,LEFT,0.8694694694694695,0.7690809279263325,2.23606797749979,1.0175076324370567,10121,9859
IXI333,BRN-CAU,LEFT,0.8433098591549296,0.7290715372907154,2.23606797749979,0.7268748606970039,3891,5197
IXI333,BRN-PUT,LEFT,0.8021978021978022,0.6697247706422018,2.8284271247461903,1.0613960940595735,5103,7455
IXI333,BRN-PAL,LEFT,0.8265864332603938,0.7044289044289044,2.0,0.7324203723927512,1879,1777
IXI333,BRN-3RD-VENTRICLE,NONE,0.4613086345981476,0.2998058252427184,9.022154055254965,2.2201045036927964,2086,1261
IXI333,BRN-4TH-VENTRICLE,NONE,0.7114245416078985,0.5521015761821366,5.477225575051661,1.049318967383224,1386,2159
IXI333,BRN-BST,NONE,0.7736808305683399,0.6308967924939995,10.392304845413264,1.970248437708971,14641,22731
IXI333,BRN-HIP,LEFT,0.7758825862752876,0.6338302009073234,3.4272324089421655,1.0325334674000277,4840,5244
IXI333,BRN-AMY,LEFT,0.5206684256816183,0.351961950059453,4.242640687119285,1.7429934226482984,1195,2216
IXI333,BRN-ACC,LEFT,0.5901426718547341,0.41858325666973323,3.3166247903554,1.2386753348242074,645,897
IXI333,BRN-VDC,LEFT,0.8296375456407517,0.7088723177598539,2.23606797749979,0.8772679657415761,6117,5112
IXI333,BRN-CER-WM,RIGHT,0.833003600610799,0.7138013459568412,6.324555320336759,1.2825308114392575,269505,297621
IXI333,BRN-LAT-V,RIGHT,0.8975591367448874,0.8141562660283809,1.4142135623730951,0.5078374987219133,10541,10681
IXI333,BRN-INF-LAT-V,RIGHT,0.290950744558992,0.17024128686327078,6.745266957812319,2.3374579188355002,440,433
IXI333,BRN-CB-WM,RIGHT,0.5334049497996116,0.36370295244534595,11.224972160321824,3.4279944452452216,6829,17374
IXI333,BRN-CB-EXT,RIGHT,0.8237758796442757,0.7003562207133978,6.4031242374328485,2.1636270554094335,71950,70295
IXI333,BRN-THA,RIGHT,0.8806818181818182,0.7868020304568528,2.23606797749979,0.8851088582319925,9757,9251
IXI333,BRN-CAU,RIGHT,0.8302304964539007,0.7097385373247442,2.0,0.7472336114805247,3818,5206
IXI333,BRN-PUT,RIGHT,0.7891757773125533,0.6517674180327869,3.1622776601683795,1.120693679813016,5209,7688
IXI333,BRN-PAL,RIGHT,0.809548521017125,0.6800348735832606,2.23606797749979,0.8321478214700407,1805,2049
IXI333,BRN-HIP,RIGHT,0.8212328108471968,0.6966878773046173,3.605551275463989,0.8845841093247261,5098,5301
IXI333,BRN-AMY,RIGHT,0.6164855552610654,0.44559386973180076,3.7416573867739413,1.4639368119083571,1343,2430
IXI333,BRN-ACC,RIGHT,0.5951515151515151,0.42364106988783434,3.605551275463989,1.2250754144092462,720,930
IXI333,BRN-VDC,RIGHT,0.8317920083755017,0.7120238984316655,2.449489742783178,1.5235239958097095,6193,5269
IXI334,BRN-CER-WM,LEFT,0.7394115546140867,0.5865606315213568,12.206555615733702,2.816372219124114,210792,276390
IXI334,BRN-LAT-V,LEFT,0.928105257661985,0.865854846566001,1.0,0.4782940441837788,19865,18441
IXI334,BRN-INF-LAT-V,LEFT,0.6054474708171206,0.4341517857142857,2.23606797749979,0.6637315390991209,588,697
IXI334,BRN-CB-WM,LEFT,0.7759745986946551,0.633953019167027,7.14142842854285,1.7027774363557027,20055,25297
IXI334,BRN-CB-EXT,LEFT,0.8538143703879715,0.7449180554435832,6.164414002968976,1.5609685890927085,71267,80239
IXI334,BRN-THA,LEFT,0.7713236138216049,0.6277679155376997,4.123105625617661,1.6232341632482736,7235,10187
IXI334,BRN-CAU,LEFT,0.6457782811123695,0.4768630366102955,4.58257569495584,1.5116254741426605,2636,5311
IXI334,BRN-PUT,LEFT,0.7229079599572359,0.5660578386605783,3.721241470077436,1.2432361240764958,3787,6502
IXI334,BRN-PAL,LEFT,0.761266747868453,0.6145526057030481,3.0,1.001894247790958,1422,1862
IXI334,BRN-3RD-VENTRICLE,NONE,0.5695630336514315,0.3981741573033708,10.198039027185569,2.1340769022342614,2667,1315
IXI334,BRN-4TH-VENTRICLE,NONE,0.7809944751381216,0.6406816533720087,2.8284271247461903,0.638559296745171,1815,2710
IXI334,BRN-BST,NONE,0.7567686815611087,0.6087110824326504,7.0,1.9390682277232338,19869,29993
IXI334,BRN-HIP,LEFT,0.6542019670854027,0.4861070911722142,4.358898943540674,1.3879577339130234,3587,6682
IXI334,BRN-AMY,LEFT,0.4008896302474284,0.2506954102920723,5.196152422706632,2.210489297810895,854,2743
IXI334,BRN-ACC,LEFT,0.18971428571428572,0.10479797979797979,6.4031242374328485,2.6766914100881807,120,755
IXI334,BRN-VDC,LEFT,0.7329967875172098,0.5785279629093016,3.0,1.2164581884271097,5237,5658
IXI334,BRN-CER-WM,RIGHT,0.7401830717481844,0.5875322478602499,13.19090595827292,2.6079229055062276,207943,276348
IXI334,BRN-LAT-V,RIGHT,0.9097271230298754,0.8344031501159718,1.4142135623730951,0.6153070422862584,17900,16108
IXI334,BRN-INF-LAT-V,RIGHT,0.6038047973531845,0.4324644549763033,3.278038007808645,0.772560730982879,546,663
IXI334,BRN-CB-WM,RIGHT,0.760629029447639,0.6137218375452532,6.6332495807108,1.6584233519804354,20683,25229
IXI334,BRN-CB-EXT,RIGHT,0.8461205683012079,0.7332833440453236,5.477225575051661,1.4064314901797614,67479,78148
IXI334,BRN-THA,RIGHT,0.8270312851676795,0.705075314208961,3.0,1.1279876184869588,8100,9672
IXI334,BRN-CAU,RIGHT,0.7373170463299219,0.583928882691302,4.123105625617661,1.2506361574335143,3380,5707
IXI334,BRN-PUT,RIGHT,0.792791224098903,0.6567142651088995,3.1622776601683795,1.0466465554206543,4748,6738
IXI334,BRN-PAL,RIGHT,0.8,0.6666666666666666,2.23606797749979,0.8175549399413514,1864,1791
IXI334,BRN-HIP,RIGHT,0.7360462945678552,0.5823364347954512,3.7416573867739413,1.1486387620342051,4158,6556
IXI334,BRN-AMY,RIGHT,0.5307203389830508,0.361211247296323,4.898979485566356,1.7275253929901537,1156,2620
IXI334,BRN-ACC,RIGHT,0.07075962539021852,0.036677454153182305,6.522924502649634,3.4152803340077935,56,905
IXI334,BRN-VDC,RIGHT,0.7446169683452003,0.5931392647259806,5.744562646538029,1.4749278752223944,5909,5748
IXI335,BRN-CER-WM,LEFT,0.7655990998579489,0.6202191684807149,10.344080432788601,2.0137796834774893,207241,273572
IXI335,BRN-LAT-V,LEFT,0.9139624252775406,0.841556909770002,1.4142135623730951,0.5080965737224175,14834,13270
IXI335,BRN-INF-LAT-V,LEFT,0.5965202982601492,0.42502951593860683,3.7416573867739413,0.8705993314732059,428,779
IXI335,BRN-CB-WM,LEFT,0.7365307416015212,0.5829431438127091,9.273618495495704,2.248589802558251,14685,18446
IXI335,BRN-CB-EXT,LEFT,0.8395999206641543,0.723543487815598,73.03423854604085,3.4998980235789956,51921,53958
IXI335,BRN-THA,LEFT,0.8056541928434854,0.6745568896512293,3.3166247903554,1.2517045923848087,6517,8127
IXI335,BRN-CAU,LEFT,0.5723086400739258,0.4008629989212513,4.212756921743878,1.573242509375549,1870,4623
IXI335,BRN-PUT,LEFT,0.7836303893258987,0.6442370661427635,3.605551275463989,1.003509202449098,4184,5859
IXI335,BRN-PAL,LEFT,0.8362831858407079,0.7186311787072244,2.0,0.6721093942939099,1434,1730
IXI335,BRN-3RD-VENTRICLE,NONE,0.6227918254243159,0.4522132796780684,9.273618495495704,2.155441437715296,3653,2121
IXI335,BRN-4TH-VENTRICLE,NONE,0.7422508841273143,0.5901422428051605,3.4641016151377544,0.815659325636889,1974,2833
IXI335,BRN-BST,NONE,0.8228429389956184,0.6990086253176336,5.916079783099616,1.5409084416304553,19911,27561
IXI335,BRN-HIP,LEFT,0.6883270011790907,0.524770275669197,3.0,1.619178353331217,2987,4646
IXI335,BRN-AMY,LEFT,0.47010980073200487,0.3072833599149389,4.123105625617661,1.6540517857169836,781,1678
IXI335,BRN-ACC,LEFT,0.11901983663943991,0.06327543424317618,7.14142842854285,3.3084165778354273,60,797
IXI335,BRN-VDC,LEFT,0.7579908675799086,0.6102941176470589,2.8284271247461903,1.0611006786344566,4993,4643
IXI335,BRN-CER-WM,RIGHT,0.7764636457329034,0.6346061095977882,9.433981132056603,1.9253409720895642,211632,269632
IXI335,BRN-LAT-V,RIGHT,0.9025270758122743,0.8223684210526315,1.4142135623730951,0.5761837993839392,11311,10018
IXI335,BRN-INF-LAT-V,RIGHT,0.6124620060790273,0.4414019715224535,2.449489742783178,0.7470703491853964,689,627
IXI335,BRN-CB-WM,RIGHT,0.7568675435913124,0.6088390176681924,6.928203230275509,1.6974035434124195,15013,17677
IXI335,BRN-CB-EXT,RIGHT,0.8134140145041341,0.6855078556858348,113.17685275708986,15.06938267027595,56603,51642
IXI335,BRN-THA,RIGHT,0.7712343470483005,0.6276496622408572,4.123105625617661,1.3887419341932565,6031,7944
IXI335,BRN-CAU,RIGHT,0.6441810999696141,0.4751232631107127,3.1622776601683795,1.241599354983823,2144,4438
IXI335,BRN-PUT,RIGHT,0.8245545329939299,0.7014825920373147,2.449489742783178,0.8554959804219264,4335,5879
IXI335,BRN-PAL,RIGHT,0.8895522388059701,0.8010752688172043,1.4142135623730951,0.4990717061511464,1614,1736
IXI335,BRN-HIP,RIGHT,0.7831325301204819,0.6435643564356436,2.23606797749979,0.843762560121533,3811,4987
IXI335,BRN-AMY,RIGHT,0.6206896551724138,0.45,4.358898943540674,1.3425522750104262,1028,1872
IXI335,BRN-ACC,RIGHT,0.18936170212765957,0.1045828437132785,4.898979485566356,2.353137001456888,114,826
IXI335,BRN-VDC,RIGHT,0.7391485809682805,0.5862297252565376,3.0,1.2226408532748296,5078,4506
IXI336,BRN-CER-WM,LEFT,0.8515752034385426,0.7415158624128254,3.7416573867739413,0.9184081996907417,249821,295061
IXI336,BRN-LAT-V,LEFT,0.912208182629527,0.8385870973313758,18.275666882497067,1.563207011746052,22673,19905
IXI336,BRN-INF-LAT-V,LEFT,0.644927536231884,0.47593582887700536,1.4142135623730951,0.5800346281114668,684,696
IXI336,BRN-CB-WM,LEFT,0.7323114339658869,0.5776745594991669,8.94427190999916,2.1195470628003195,13104,18145
IXI336,BRN-CB-EXT,LEFT,0.7120019181295645,0.5527973435298853,150.50249167372613,31.44507161036234,89352,64965
IXI336,BRN-THA,LEFT,0.9054962000220289,0.8273120660159001,2.23606797749979,0.8560452866656523,9153,9005
IXI336,BRN-CAU,LEFT,0.801939821448253,0.6693652253909843,3.7416573867739413,2.2835203745955748,3762,5311
IXI336,BRN-PUT,LEFT,0.871117097398771,0.7716629381058911,2.0,0.6695378668921149,5501,6378
IXI336,BRN-PAL,LEFT,0.8762494050452165,0.7797543413807708,2.0,0.5780602394605512,1996,2206
IXI336,BRN-3RD-VENTRICLE,NONE,0.6308966510622974,0.46081009994739613,8.455611097014117,1.8861129427292809,3627,1927
IXI336,BRN-4TH-VENTRICLE,NONE,0.8022505378123449,0.6697982868195634,3.0,0.6494137229883333,2697,3346
IXI336,BRN-BST,NONE,0.8775698312828117,0.7818480434161668,120.68366967552652,5.364708682258924,22656,27250
IXI336,BRN-HIP,LEFT,0.8276200766132993,0.7059316353887399,97.53050802592493,6.619970307744912,4721,5460
IXI336,BRN-AMY,LEFT,0.613314447592068,0.44228804902962204,133.69405333827035,31.09942182924853,1930,2306
IXI336,BRN-ACC,LEFT,0.49676956209619527,0.33046800382043934,3.605551275463989,1.7903510378328917,595,798
IXI336,BRN-VDC,LEFT,0.8261839396019217,0.7038444671831604,2.449489742783178,0.8740425722618034,6420,5236
IXI336,BRN-CER-WM,RIGHT,0.8707673321132311,0.7711141883122932,2.23606797749979,0.9060868847098554,274114,296330
IXI336,BRN-LAT-V,RIGHT,0.9266723116003387,0.8633638371726097,5.656854249492381,0.9540254042509786,24693,22547
IXI336,BRN-INF-LAT-V,RIGHT,0.6943919344675489,0.5318532818532818,1.4142135623730951,0.5165676325256466,879,708
IXI336,BRN-CB-WM,RIGHT,0.7534395899007159,0.6044148232179997,10.099504938362077,1.9311020428269539,15057,18886
IXI336,BRN-CB-EXT,RIGHT,0.6977754550777929,0.5358334380953302,149.82656629112196,38.25756355700336,94127,64692
IXI336,BRN-THA,RIGHT,0.9027522935779817,0.822742474916388,1.7320508075688772,0.7922178889646299,8445,8450
IXI336,BRN-CAU,RIGHT,0.8162144348017137,0.6894951744617669,4.123105625617661,0.923295906330014,3756,5347
IXI336,BRN-PUT,RIGHT,0.8666608223020952,0.7646967821782178,2.0,0.6696661889302084,5180,6227
IXI336,BRN-PAL,RIGHT,0.8859480269489894,0.7952483801295896,1.4142135623730951,0.5561342850498021,2037,2119
IXI336,BRN-HIP,RIGHT,0.8006137911192097,0.6675195905965137,134.81876700541488,11.63258979613192,4952,5475
IXI336,BRN-AMY,RIGHT,0.6746374968201475,0.509021113243762,3.605551275463989,1.2625823158385958,1422,2509
IXI336,BRN-ACC,RIGHT,0.5384006334125099,0.36836403033586135,3.7416573867739413,1.3440764379587054,467,796
IXI336,BRN-VDC,RIGHT,0.8117738187451587,0.6831812255541069,5.227784895686506,3.8984100568567244,6290,5329
IXI337,BRN-CER-WM,LEFT,0.8190294769390873,0.6935223707500133,6.164414002968976,1.6360023484752217,340455,328339
IXI337,BRN-LAT-V,LEFT,0.8129706742269868,0.6848783400507539,3.0,0.7961268344664254,5318,5969
IXI337,BRN-INF-LAT-V,LEFT,0.4319419237749546,0.27546296296296297,7.83256504524346,2.0958099269857597,305,797
IXI337,BRN-CB-WM,LEFT,0.5662367008756237,0.3949303913842921,8.831760866327848,2.7282234874799767,9449,22414
IXI337,BRN-CB-EXT,LEFT,0.7833844591302438,0.6439046952911712,6.48074069840786,2.352456762268447,70759,74960
IXI337,BRN-THA,LEFT,0.8790944949408335,0.7842717258261934,2.23606797749979,1.0589814794616326,11130,12194
IXI337,BRN-CAU,LEFT,0.7773803769937168,0.635831752055661,3.0,1.053145524256246,4081,6264
IXI337,BRN-PUT,LEFT,0.533514800952705,0.3638051044083527,5.0,2.248118123416502,3175,8581
IXI337,BRN-PAL,LEFT,0.7723233178163351,0.6290934160634264,3.4567277738986264,1.0423093825458967,2224,2502
IXI337,BRN-3RD-VENTRICLE,NONE,0.14183673469387756,0.07633168588687535,13.076696830622021,4.993163574505753,1040,920
IXI337,BRN-4TH-VENTRICLE,NONE,0.7706230421162548,0.6268403171007928,2.23606797749979,0.7216765358168745,1414,1459
IXI337,BRN-BST,NONE,0.7287002815067313,0.5731931431325882,9.539392014169456,2.484495497285707,19383,32836
IXI337,BRN-HIP,LEFT,0.7421134287191864,0.5899684801973414,4.0,1.2106428881331062,5047,6555
IXI337,BRN-AMY,LEFT,0.6345666497719209,0.4647364513734224,3.605551275463989,1.6483971111443205,1402,2544
IXI337,BRN-ACC,LEFT,0.6631243358129649,0.4960254372019078,3.0,2.4765670618682156,947,935
IXI337,BRN-VDC,LEFT,0.7947558177646673,0.6594147721092135,3.3166247903554,1.1769152480343932,8402,6853
IXI337,BRN-CER-WM,RIGHT,0.8203107237589996,0.6953616857252988,7.3484692283495345,1.6220978091985916,292243,327922
IXI337,BRN-LAT-V,RIGHT,0.6759959657085225,0.5105694153494572,3.7416573867739413,1.0483603399021988,2799,5133
IXI337,BRN-INF-LAT-V,RIGHT,0.6368346679227508,0.4671734623358673,2.23606797749979,0.8606469720014774,1190,933
IXI337,BRN-CB-WM,RIGHT,0.22675149529505886,0.1278735014824045,22.22611077089287,7.953629915421426,3428,22821
IXI337,BRN-CB-EXT,RIGHT,0.698706841763726,0.5369326944827161,8.774964387392123,4.018781976478548,72519,76960
IXI337,BRN-THA,RIGHT,0.8732727272727273,0.7750524447313216,2.23606797749979,0.9507148748159305,10434,11566
IXI337,BRN-CAU,RIGHT,0.6529072812991095,0.484678799191165,5.477225575051661,1.5962013718023806,3270,6275
IXI337,BRN-PUT,RIGHT,0.6277610237183144,0.457472083630316,4.123105625617661,1.773613196507094,3930,8339
IXI337,BRN-PAL,RIGHT,0.6770988574267263,0.511828764551258,4.929285639896444,1.4873081336088938,1477,2549
IXI337,BRN-HIP,RIGHT,0.7827302376145364,0.6430211788721613,4.47213595499958,1.1198459016385605,6011,6867
IXI337,BRN-AMY,RIGHT,0.5586621374444735,0.3875997099347353,4.69041575982343,1.8190612005877924,1099,2728
IXI337,BRN-ACC,RIGHT,0.43463497453310695,0.27765726681127983,69.50718320529494,5.579723369592922,758,1009
IXI337,BRN-VDC,RIGHT,0.7290126141800783,0.5735797399041752,3.605551275463989,1.2844655744038884,7057,6737
IXI338,BRN-CER-WM,LEFT,0.7411303626429164,0.5887268551482998,12.884098726725126,2.497498546634064,218372,305973
IXI338,BRN-LAT-V,LEFT,0.9249169714549964,0.8603214327611153,1.4142135623730951,0.6450468238882969,24506,23068
IXI338,BRN-INF-LAT-V,LEFT,0.6240115025161754,0.4535005224660397,2.23606797749979,0.6207901831672882,556,835
IXI338,BRN-CB-WM,LEFT,0.7329128321786785,0.5784233719601762,9.16515138991168,2.1915962697067384,16631,22053
IXI338,BRN-CB-EXT,LEFT,0.8260146103896104,0.7035987140042175,6.4031242374328485,1.9341457392878052,69848,77992
IXI338,BRN-THA,LEFT,0.8602101675660324,0.7547094587860061,2.23606797749979,0.9821951575598863,8293,9312
IXI338,BRN-CAU,LEFT,0.7802672561036873,0.6397034596375618,3.3166247903554,0.9348613112901305,4130,5823
IXI338,BRN-PUT,LEFT,0.7133695115934879,0.5544478527607362,4.123105625617661,1.2904898094327648,4522,7640
IXI338,BRN-PAL,LEFT,0.8124149196841819,0.6840898670334709,2.23606797749979,0.8082488758030585,1766,1907
IXI338,BRN-3RD-VENTRICLE,NONE,0.6808228268082283,0.5160965794768612,7.280109889280518,1.5822231203773,2596,1925
IXI338,BRN-4TH-VENTRICLE,NONE,0.8027410670582477,0.6704824202780049,4.69041575982343,0.9563811705812303,3477,4695
IXI338,BRN-BST,NONE,0.8214041095890411,0.696934476245823,5.916079783099616,1.4695865450934922,19765,26955
IXI338,BRN-HIP,LEFT,0.7209077315507081,0.5636088571035621,3.3166247903554,1.1573849132855647,4473,6896
IXI338,BRN-AMY,LEFT,0.48663246016743184,0.3215560314061385,4.58257569495584,1.9262485154339088,1085,2618
IXI338,BRN-ACC,LEFT,0.17739130434782607,0.09732824427480916,6.082762530298219,2.921734259747176,112,1038
IXI338,BRN-VDC,LEFT,0.799421495073669,0.665863574762837,2.449489742783178,1.0892930788501796,5744,5319
IXI338,BRN-CER-WM,RIGHT,0.7689477296952403,0.6246263852832823,10.816653826391969,2.0620496632353182,237602,299969
IXI338,BRN-LAT-V,RIGHT,0.9188627935723115,0.8499039604866002,1.4142135623730951,0.6624795619752109,21120,19330
IXI338,BRN-INF-LAT-V,RIGHT,0.7507282563462339,0.6009327115256495,1.7320508075688772,0.5824120280240432,1286,1117
IXI338,BRN-CB-WM,RIGHT,0.7619360545937066,0.6154254450432795,8.246211251235321,1.8526035335075142,17892,21673
IXI338,BRN-CB-EXT,RIGHT,0.8318941909134554,0.7121736613603473,5.744562646538029,1.483468647368961,69215,78674
IXI338,BRN-THA,RIGHT,0.8285980437820214,0.7073558648111332,3.1622776601683795,1.1172621695478526,7956,9220
IXI338,BRN-CAU,RIGHT,0.686245194361384,0.5223540887660543,5.26230675725637,1.3149063562774708,3251,6113
IXI338,BRN-PUT,RIGHT,0.8400391065653907,0.7241960580912863,2.0,0.8189232370216588,5761,7536
IXI338,BRN-PAL,RIGHT,0.8565676899849018,0.7491197183098591,1.4142135623730951,0.6271224522557346,1967,2007
IXI338,BRN-HIP,RIGHT,0.7505670839284214,0.600726196880043,2.8284271247461903,1.0268623263207464,5019,6884
IXI338,BRN-AMY,RIGHT,0.5746737554374094,0.40318752119362494,4.58257569495584,1.6541799279667984,1253,2885
IXI338,BRN-ACC,RIGHT,0.17079889807162535,0.09337349397590361,5.916079783099616,2.6705885322994942,106,983
IXI338,BRN-VDC,RIGHT,0.7772104273044881,0.6356043956043956,3.0,1.1492786688903815,5706,5457
IXI340,BRN-CER-WM,LEFT,0.8252544290707434,0.7024963102588623,5.0,1.1592690434984154,307081,308906
IXI340,BRN-LAT-V,LEFT,0.9056021929073154,0.8274890419536631,1.0,0.5544012441211409,15179,14006
IXI340,BRN-INF-LAT-V,LEFT,0.3954022988505747,0.24641833810888253,5.385164807134504,1.6222162246186116,204,666
IXI340,BRN-CB-WM,LEFT,0.7804934958875342,0.6400076533052712,6.6332495807108,1.4151145426972982,15611,18675
IXI340,BRN-CB-EXT,LEFT,0.8414818396083882,0.7263432446531038,5.385164807134504,1.9776077478769158,70463,78460
IXI340,BRN-THA,LEFT,0.8841414093352999,0.7923418045369265,2.3214366836131646,0.9403656099556008,10611,10406
IXI340,BRN-CAU,LEFT,0.8457264957264957,0.7326915957052943,2.0,0.7177174008281795,4044,5316
IXI340,BRN-PUT,LEFT,0.7261334957793055,0.5700232272168329,3.4641016151377544,1.3986394426062314,4188,7303
IXI340,BRN-PAL,LEFT,0.8219451371571073,0.6977138018628282,2.23606797749979,0.8267043124880896,1871,2139
IXI340,BRN-3RD-VENTRICLE,NONE,0.5494011976047904,0.37874097007223945,8.660254037844387,2.127422060283776,2470,1538
IXI340,BRN-4TH-VENTRICLE,NONE,0.7346098414659255,0.5805401887406443,6.0,1.047185276022136,1972,2885
IXI340,BRN-BST,NONE,0.8187403993855606,0.6931079323797139,5.0990195135927845,1.475668845263319,18910,26660
IXI340,BRN-HIP,LEFT,0.7925157465728048,0.6563362994783676,2.8284271247461903,0.9178764164025885,4859,5937
IXI340,BRN-AMY,LEFT,0.6104486087450313,0.4393134450347364,4.123105625617661,1.5345668540690673,1213,2309
IXI340,BRN-ACC,LEFT,0.5569461827284106,0.38594969644405897,3.4641016151377544,3.617883062936374,621,977
IXI340,BRN-VDC,LEFT,0.8469169719169719,0.7344804765056254,2.449489742783178,0.8557785437501357,6964,6140
IXI340,BRN-CER-WM,RIGHT,0.7978897779502968,0.6637409476394144,8.602325267042627,1.6061673246770884,252059,314706
IXI340,BRN-LAT-V,RIGHT,0.8973335597826086,0.8137851366961879,1.4142135623730951,0.5481830403412794,12401,11151
IXI340,BRN-INF-LAT-V,RIGHT,0.670926517571885,0.5048076923076923,3.3166247903554,0.9029161564235207,609,643
IXI340,BRN-CB-WM,RIGHT,0.5593849213938722,0.3882958950666454,12.041594578792296,3.5930347837506904,7960,18183
IXI340,BRN-CB-EXT,RIGHT,0.7724101908551714,0.6292087023704218,7.0710678118654755,3.153079749519043,69505,75998
IXI340,BRN-THA,RIGHT,0.8914509037616023,0.8041600564075445,2.23606797749979,0.829758828694977,10408,10062
IXI340,BRN-CAU,RIGHT,0.8370284753598823,0.7197325623418865,1.7320508075688772,0.7492798278656414,4099,5418
IXI340,BRN-PUT,RIGHT,0.8503315440479949,0.73963196923922,2.23606797749979,0.7820889474948325,5510,7158
IXI340,BRN-PAL,RIGHT,0.8421580928481807,0.7273515387949718,1.7320508075688772,0.7097342890120775,1793,2192
IXI340,BRN-HIP,RIGHT,0.8423030924312318,0.7275678866587958,3.0,0.7529904571111815,5506,6200
IXI340,BRN-AMY,RIGHT,0.6411943319838057,0.4718808193668529,4.242640687119285,1.4242896186245433,1430,2522
IXI340,BRN-ACC,RIGHT,0.5663366336633663,0.39502762430939226,4.242640687119285,1.7277904851168662,583,932
IXI340,BRN-VDC,RIGHT,0.8205959549174,0.6957716978662128,2.8284271247461903,0.9709146287273552,6904,6050
IXI341,BRN-CER-WM,LEFT,0.8381214188344561,0.7213502619126438,3.7416573867739413,1.1134515957571078,242451,287928
IXI341,BRN-LAT-V,LEFT,0.9207133389565008,0.8530758066316847,1.4142135623730951,0.6616459445083736,25830,23964
IXI341,BRN-INF-LAT-V,LEFT,0.6473988439306358,0.47863247863247865,4.024621125123524,0.74331843523379,801,756
IXI341,BRN-CB-WM,LEFT,0.7216911043202782,0.5645670672866041,8.046693311223912,2.0636421743510924,14478,21191
IXI341,BRN-CB-EXT,LEFT,0.794360765382489,0.6588710308805601,101.11874208078342,13.74110611383288,76509,71809
IXI341,BRN-THA,LEFT,0.8904331711836924,0.8025052192066806,2.23606797749979,0.9034574693667379,8238,9030
IXI341,BRN-CAU,LEFT,0.8111638954869359,0.6823176823176823,3.7545745174352323,0.8750164508242343,3550,4870
IXI341,BRN-PUT,LEFT,0.7727479734037709,0.6296571174113107,3.0,1.1011649573539068,5082,5897
IXI341,BRN-PAL,LEFT,0.6240601503759399,0.453551912568306,3.7416573867739413,1.1405714132968356,1691,1501
IXI341,BRN-3RD-VENTRICLE,NONE,0.6993160054719563,0.5376525031552377,7.280109889280518,1.7005763882929334,4558,2752
IXI341,BRN-4TH-VENTRICLE,NONE,0.7663438256658596,0.6211972522080471,5.0990195135927845,0.85049434233602,2133,2823
IXI341,BRN-BST,NONE,0.8725065047701648,0.7738461538461539,4.123105625617661,1.0641281629172776,21554,26872
IXI341,BRN-HIP,LEFT,0.7673494983277592,0.6225199253857894,3.0,1.009507703455733,4389,5179
IXI341,BRN-AMY,LEFT,0.6197680282400403,0.44903178662769455,4.123105625617661,1.5444494168139056,1426,2540
IXI341,BRN-ACC,LEFT,0.5212510024057738,0.3524945770065076,3.7416573867739413,1.3794457898397623,434,813
IXI341,BRN-VDC,LEFT,0.8454561944494831,0.7322859387274155,2.23606797749979,0.7432754660302271,5809,5217
IXI341,BRN-CER-WM,RIGHT,0.8611818087180021,0.7562065791630417,2.449489742783178,0.8182934418945982,265472,291674
IXI341,BRN-LAT-V,RIGHT,0.9424825726498178,0.8912217881944444,1.0,0.5405322983130311,36223,33495
IXI341,BRN-INF-LAT-V,RIGHT,0.7042698998418555,0.5435313262815297,1.7320508075688772,0.5830638877449547,975,922
IXI341,BRN-CB-WM,RIGHT,0.7424135497529993,0.590347923681257,8.717797887081348,1.9336410214955881,15390,21452
IXI341,BRN-CB-EXT,RIGHT,0.7658994116954206,0.6206134402282568,117.00363241229552,19.199745995305417,88516,72795
IXI341,BRN-THA,RIGHT,0.8807316617930692,0.786881600889383,2.23606797749979,0.8293146743270808,7711,8362
IXI341,BRN-CAU,RIGHT,0.7488177273341441,0.598488120950324,5.744562646538029,1.188348256744748,2797,4604
IXI341,BRN-PUT,RIGHT,0.8273622047244095,0.7055564881651838,2.23606797749979,0.8194596332548831,4517,5643
IXI341,BRN-PAL,RIGHT,0.7955580865603644,0.6605200945626477,2.23606797749979,0.8412443015094869,1740,1772
IXI341,BRN-HIP,RIGHT,0.7948063477971369,0.6594843462246777,3.0,0.9075742916777978,4019,4992
IXI341,BRN-AMY,RIGHT,0.6290890790135883,0.4588839941262849,3.7416573867739413,1.436590187750831,1490,2484
IXI341,BRN-ACC,RIGHT,0.4662698412698413,0.3040103492884864,4.123105625617661,1.4787595686908637,318,690
IXI341,BRN-VDC,RIGHT,0.8299733038755408,0.7093627065302911,2.23606797749979,0.8257531413081337,5737,5126
IXI342,BRN-CER-WM,LEFT,0.8594874023188286,0.7535974649173468,3.7416573867739413,0.9163701931307939,267208,312740
IXI342,BRN-LAT-V,LEFT,0.9424549743119617,0.8911724337210142,1.0,0.592903831222262,27109,25250
IXI342,BRN-INF-LAT-V,LEFT,0.6857142857142857,0.5217391304347826,2.2680812422922934,0.6468317551055176,991,864
IXI342,BRN-CB-WM,LEFT,0.7732118997627683,0.630273394087575,7.516574604409316,1.6359873202432311,16405,20268
IXI342,BRN-CB-EXT,LEFT,0.783390134310432,0.6439123636946761,111.57508682497182,26.358681216514555,88126,75897
IXI342,BRN-THA,LEFT,0.8886636436383035,0.7996351766513057,2.23606797749979,1.4381850278244204,9008,9737
IXI342,BRN-CAU,LEFT,0.791984944093878,0.655608504398827,5.366263568691691,1.3465975628361742,3614,5419
IXI342,BRN-PUT,LEFT,0.8401230399879961,0.724320827943079,3.0,0.8663069988279993,5760,7569
IXI342,BRN-PAL,LEFT,0.8626003907097894,0.7583969465648855,2.0,0.6455230375697233,2205,2402
IXI342,BRN-3RD-VENTRICLE,NONE,0.620897320084312,0.4502183406113537,7.638653530565548,1.6807506661381608,2044,1277
IXI342,BRN-4TH-VENTRICLE,NONE,0.8402555910543131,0.7245179063360881,2.23606797749979,0.560191604296817,2353,2655
IXI342,BRN-BST,NONE,0.8760013721573138,0.7793616028149797,116.92305154122994,4.957781603041753,22406,27151
IXI342,BRN-HIP,LEFT,0.7678350515463918,0.6231593038821954,101.47905996651802,5.613916172841899,4390,5310
IXI342,BRN-AMY,LEFT,0.6390078917700113,0.4695162359178264,3.7416573867739413,2.2845321086580843,1581,2854
IXI342,BRN-ACC,LEFT,0.6313775510204082,0.4613233923578751,160.35896794544598,8.85555845006119,666,902
IXI342,BRN-VDC,LEFT,0.8257250503811443,0.7031786300552156,2.23606797749979,0.9164067448804831,6123,5290
IXI342,BRN-CER-WM,RIGHT,0.880195347726911,0.7860258000716505,2.449489742783178,1.1316093638838565,289704,313528
IXI342,BRN-LAT-V,RIGHT,0.9343995149126464,0.8768760224767053,1.0,0.5061778524171326,27372,25402
IXI342,BRN-INF-LAT-V,RIGHT,0.6824817518248175,0.518005540166205,2.23606797749979,0.7137447382614862,1227,965
IXI342,BRN-CB-WM,RIGHT,0.8119513570105501,0.6834327548806941,7.0710678118654755,1.3561349486409697,17258,19993
IXI342,BRN-CB-EXT,RIGHT,0.7017335537048626,0.5405158206987475,116.90594510117953,37.39126459596926,111405,75552
IXI342,BRN-THA,RIGHT,0.8864991363459074,0.7961369095276221,2.0,0.8628261753518515,8695,9252
IXI342,BRN-CAU,RIGHT,0.8030042918454936,0.6708497669415561,3.3166247903554,0.9702365621014398,3779,5541
IXI342,BRN-PUT,RIGHT,0.8371736967006047,0.7199473337722185,2.23606797749979,0.9997834111346099,5618,7445
IXI342,BRN-PAL,RIGHT,0.8820065430752454,0.7889192352711666,1.4142135623730951,0.5744972399256792,2270,2315
IXI342,BRN-HIP,RIGHT,0.794798951048951,0.6594741613780598,128.9205174061101,9.859399293153839,4313,4839
IXI342,BRN-AMY,RIGHT,0.6922219745932694,0.5293115201090661,3.605551275463989,1.3094611147514572,1695,2792
IXI342,BRN-ACC,RIGHT,0.593905031892275,0.4223790322580645,3.605551275463989,1.1895586127994093,484,927
IXI342,BRN-VDC,RIGHT,0.7764934262772435,0.6346458964373287,134.65436913207878,7.522226766123844,6210,5123
IXI344,BRN-CER-WM,LEFT,0.8667307213266432,0.7648056270803241,3.1622776601683795,0.7968792278688701,248071,285848
IXI344,BRN-LAT-V,LEFT,0.9229852879861814,0.8569848468089813,1.0,0.7134307943842875,17679,15899
IXI344,BRN-INF-LAT-V,LEFT,0.6446104589114194,0.4755905511811024,2.0,0.6887403166656658,1578,1233
IXI344,BRN-CB-WM,LEFT,0.7607682158041343,0.6139030853681621,8.774964387392123,1.82219982413894,14533,19572
IXI344,BRN-CB-EXT,LEFT,0.8071597661071133,0.6766704736919475,107.42834817094759,13.902330382623925,75477,72796
IXI344,BRN-THA,LEFT,0.9079870197843609,0.8314800613496932,2.0,0.7987410172580469,9969,9137
IXI344,BRN-CAU,LEFT,0.82925,0.7083066410420671,3.1622776601683795,0.7803314418247255,3428,4572
IXI344,BRN-PUT,LEFT,0.8481180567070138,0.7362890456312077,2.23606797749979,0.7612087705421859,5267,6795
IXI344,BRN-PAL,LEFT,0.8366553232863393,0.7191809444212286,2.0,0.6868768550491227,1999,2115
IXI344,BRN-3RD-VENTRICLE,NONE,0.459106239460371,0.29794801641586866,11.144418535063128,2.873837428808529,3573,1171
IXI344,BRN-4TH-VENTRICLE,NONE,0.7957046979865772,0.6607222469906375,4.358898943540674,0.8374863014786635,3292,4158
IXI344,BRN-BST,NONE,0.8835679826720488,0.7914212141521747,3.1622776601683795,1.574969107691684,22838,27947
IXI344,BRN-HIP,LEFT,0.8394142046897486,0.7232676878191101,2.0,0.7289172655800567,5346,6467
IXI344,BRN-AMY,LEFT,0.6577868852459017,0.4900763358778626,3.0,2.0396920830168717,1447,2457
IXI344,BRN-ACC,LEFT,0.5447520927237605,0.3743362831858407,4.123105625617661,1.3794356742836456,614,939
IXI344,BRN-VDC,LEFT,0.8232216690574635,0.6995554280797361,2.449489742783178,0.8636091424415516,6561,5290
IXI344,BRN-CER-WM,RIGHT,0.8851297229535814,0.7939306851901373,2.0,0.7222469639457146,270026,286776
IXI344,BRN-LAT-V,RIGHT,0.9151289119507053,0.8435370082506277,1.0,0.5713852913978282,16134,14701
IXI344,BRN-INF-LAT-V,RIGHT,0.6403286978508217,0.4709437470943747,2.23606797749979,0.6910129092948633,1689,1475
IXI344,BRN-CB-WM,RIGHT,0.7705298013245033,0.6267169404793967,9.273618495495704,1.8659679876529474,15915,20325
IXI344,BRN-CB-EXT,RIGHT,0.8113356039813499,0.6825607014888835,117.5457357797381,17.391438344700656,79075,72130
IXI344,BRN-THA,RIGHT,0.9092006364185,0.8335177547530429,2.0,1.6706030971476438,9355,8872
IXI344,BRN-CAU,RIGHT,0.8264311116209705,0.7042033235581623,2.23606797749979,0.8123982144822632,3630,5087
IXI344,BRN-PUT,RIGHT,0.8700130947184636,0.7699320148331273,1.785640646055053,0.6150675601643265,5204,6251
IXI344,BRN-PAL,RIGHT,0.8602752507581058,0.7548096602537864,1.7320508075688772,0.6438004256838833,2007,2280
IXI344,BRN-HIP,RIGHT,0.8415716096324461,0.7264770240700219,1.7320508075688772,0.7542024930387898,4999,6047
IXI344,BRN-AMY,RIGHT,0.7475409836065574,0.5968586387434555,3.4641016151377544,1.0216629313530066,1557,2408
IXI344,BRN-ACC,RIGHT,0.46599131693198265,0.30377358490566037,4.47213595499958,1.5176545560473997,436,946
IXI344,BRN-VDC,RIGHT,0.8082858793430717,0.6782548476454293,2.8284271247461903,1.12748948929314,6380,5737
IXI345,BRN-CER-WM,LEFT,0.8298000177891047,0.7091095799038876,4.898979485566356,1.1153639338480201,267812,283087
IXI345,BRN-LAT-V,LEFT,0.8981261183317931,0.8150897605196474,4.123105625617661,0.774271494510309,25991,24866
IXI345,BRN-INF-LAT-V,LEFT,0.5495049504950495,0.378839590443686,3.605551275463989,0.8803771852230472,408,804
IXI345,BRN-CB-WM,LEFT,0.5371460265614889,0.3671904621477019,11.180339887498949,3.6038669305390303,9225,23228
IXI345,BRN-CB-EXT,LEFT,0.7135940050554794,0.5547191227807166,7.0710678118654755,3.809846301691412,69551,75638
IXI345,BRN-THA,LEFT,0.8907947398513436,0.8030927835051547,2.0,0.8438865374342437,9803,9436
IXI345,BRN-CAU,LEFT,0.8198591076819859,0.694712905059693,4.652671737119759,0.9660775031622386,3778,5165
IXI345,BRN-PUT,LEFT,0.7179624187371983,0.5600166712975827,3.0,1.3655804717515296,4133,7096
IXI345,BRN-PAL,LEFT,0.8297655453618756,0.7090592334494773,2.23606797749979,0.7338230500419511,1898,2026
IXI345,BRN-3RD-VENTRICLE,NONE,0.6683915480810694,0.5019430051813472,8.06225774829855,1.879986823521551,4092,2865
IXI345,BRN-4TH-VENTRICLE,NONE,0.6508041418814717,0.48236446766819074,7.341633294442624,1.662170374315254,1648,2891
IXI345,BRN-BST,NONE,0.8062249209146303,0.6753574731450522,7.0710678118654755,2.4112204037667833,19574,27527
IXI345,BRN-HIP,LEFT,0.8023461502653384,0.669931592039801,2.8284271247461903,0.8926213996535978,4871,5870
IXI345,BRN-AMY,LEFT,0.66738894907909,0.5008130081300813,3.1622776601683795,1.286879387780663,1481,2211
IXI345,BRN-ACC,LEFT,0.43522561863173215,0.27813953488372095,4.123105625617661,2.614232307900857,529,845
IXI345,BRN-VDC,LEFT,0.8183903826741304,0.6926063995029512,2.23606797749979,0.9007019808366975,6010,4887
IXI345,BRN-CER-WM,RIGHT,0.8014427383740118,0.6686728820004458,6.557438524302,1.566625876235104,228052,280980
IXI345,BRN-LAT-V,RIGHT,0.8693347597743629,0.7688701561223173,4.58257569495584,0.8364199462778985,21191,19937
IXI345,BRN-INF-LAT-V,RIGHT,0.6254114549045424,0.4549808429118774,2.449489742783178,0.7567418779830924,711,808
IXI345,BRN-CB-WM,RIGHT,0.3245571688514241,0.19371426038388226,14.696938456699069,5.5379564014105975,4934,21995
IXI345,BRN-CB-EXT,RIGHT,0.7501440343869962,0.6001843852616096,7.874007874011811,3.136884837570556,78693,75784
IXI345,BRN-THA,RIGHT,0.8662937886370327,0.7641254673867885,2.4281475662548098,0.9474689172858145,9051,7934
IXI345,BRN-CAU,RIGHT,0.8297235850185474,0.708997955010225,2.8284271247461903,0.7485184931433344,3597,4760
IXI345,BRN-PUT,RIGHT,0.827154046997389,0.705253784505788,2.23606797749979,0.8608015087379023,4850,6640
IXI345,BRN-PAL,RIGHT,0.8135223555070883,0.6856617647058824,2.449489742783178,0.7895954873561388,1605,2063
IXI345,BRN-HIP,RIGHT,0.8300381841323716,0.7094574992747317,2.23606797749979,0.8854383975390019,5465,6320
IXI345,BRN-AMY,RIGHT,0.6361296963458569,0.46641509433962264,4.0,1.4344915436141619,1385,2501
IXI345,BRN-ACC,RIGHT,0.4896206156048676,0.3241706161137441,4.123105625617661,1.475385458076021,536,861
IXI345,BRN-VDC,RIGHT,0.8234044436576082,0.6998194402648209,2.8284271247461903,1.4736997160237175,5986,5311
IXI347,BRN-CER-WM,LEFT,0.8347939116944106,0.7164345604375832,6.6332495807108,1.2961412438948097,302551,317523
IXI347,BRN-LAT-V,LEFT,0.8609434515089365,0.7558390780944542,2.23606797749979,0.6576970595546825,8538,8527
IXI347,BRN-INF-LAT-V,LEFT,0.6211656441717791,0.45050055617352613,4.123105625617661,0.8330058667336885,534,770
IXI347,BRN-CB-WM,LEFT,0.5943783706560949,0.42285801402581563,11.090536506409418,3.314822918328562,8622,19377
IXI347,BRN-CB-EXT,LEFT,0.8019313879498187,0.6693534743202417,6.928203230275509,2.1012039761009325,66303,71836
IXI347,BRN-THA,LEFT,0.886626065773447,0.7963416768772974,2.23606797749979,1.1392500775130359,10221,10304
IXI347,BRN-CAU,LEFT,0.824398249452954,0.7012563983248022,2.23606797749979,0.8415850922241128,4601,6367
IXI347,BRN-PUT,LEFT,0.7792227317146508,0.6383004926108374,2.449489742783178,1.271518532670601,5266,8037
IXI347,BRN-PAL,LEFT,0.8403058929374719,0.7245927075252133,2.449489742783178,0.7226467814894768,2162,2284
IXI347,BRN-3RD-VENTRICLE,NONE,0.39816031537450725,0.24856439704675964,9.964823227814081,2.434353804115837,1738,1306
IXI347,BRN-4TH-VENTRICLE,NONE,0.7844925883694412,0.6454033771106942,5.800715657937744,0.8998697101900744,2365,2897
IXI347,BRN-BST,NONE,0.8045502870508187,0.6730105652591513,6.4031242374328485,1.6554175313068633,19058,27972
IXI347,BRN-HIP,LEFT,0.818238489625078,0.692388847023361,2.8284271247461903,0.8464461516165609,5227,6002
IXI347,BRN-AMY,LEFT,0.6313839640116433,0.4613302397525135,3.605551275463989,1.4011966404631677,1313,2466
IXI347,BRN-ACC,LEFT,0.6875,0.5238095238095238,3.0,0.9911847288203836,861,1027
IXI347,BRN-VDC,LEFT,0.820250284414107,0.695274831243973,2.23606797749979,0.920082093039525,6799,5507
IXI347,BRN-CER-WM,RIGHT,0.8291603848392136,0.7081758885698008,6.6332495807108,1.3083266948992684,267904,319770
IXI347,BRN-LAT-V,RIGHT,0.8707105719237435,0.7710251688152241,1.4142135623730951,0.5704917105463574,8643,8667
IXI347,BRN-INF-LAT-V,RIGHT,0.5537679932260796,0.382903981264637,3.605551275463989,0.8828806162157765,511,670
IXI347,BRN-CB-WM,RIGHT,0.3242368944923689,0.19348611592337772,16.02341465641105,5.909287253577694,4303,19809
IXI347,BRN-CB-EXT,RIGHT,0.730363515436712,0.5752540387085145,7.54983443527075,2.9953559798689695,66914,72915
IXI347,BRN-THA,RIGHT,0.8995460001043678,0.8174317147192717,2.0,0.7437909840749174,9622,9541
IXI347,BRN-CAU,RIGHT,0.7934883720930233,0.6576715497301465,2.449489742783178,0.9521961343187472,4301,6449
IXI347,BRN-PUT,RIGHT,0.7939644607843137,0.6583259240442016,2.449489742783178,1.0464967712841142,5263,7793
IXI347,BRN-PAL,RIGHT,0.8063992580570368,0.6756021756021756,2.449489742783178,0.9001438255002888,1940,2373
IXI347,BRN-HIP,RIGHT,0.8358836388094838,0.7180413115701285,2.449489742783178,0.7864484544370547,5944,5950
IXI347,BRN-AMY,RIGHT,0.6602296450939458,0.4927931437475653,3.7416573867739413,1.2913726518368438,1303,2529
IXI347,BRN-ACC,RIGHT,0.6193737769080235,0.44861800141743446,3.472569190875276,1.1620195022741728,946,1098
IXI347,BRN-VDC,RIGHT,0.8058396568789179,0.674816963669015,2.8284271247461903,1.0717143512978082,6754,5370
IXI348,BRN-CER-WM,LEFT,0.8767820160409685,0.7805982708276762,2.23606797749979,0.7678057841093968,253846,277294
IXI348,BRN-LAT-V,LEFT,0.9085906924477855,0.8324930767592132,1.0,0.5771183270727085,13830,11977
IXI348,BRN-INF-LAT-V,LEFT,0.6845809341010877,0.5204280155642024,2.23606797749979,0.5638290521589228,790,773
IXI348,BRN-CB-WM,LEFT,0.8109655226741591,0.6820370124994479,6.082762530298219,1.3302992081495624,16680,21403
IXI348,BRN-CB-EXT,LEFT,0.878323955743592,0.7830460142579391,5.385164807134504,1.6497562823878709,66376,71186
IXI348,BRN-THA,LEFT,0.8690069379724552,0.7683574436916316,2.8284271247461903,0.9592054098552999,9055,10259
IXI348,BRN-CAU,LEFT,0.8069064748201439,0.6763145200192957,3.3166247903554,1.018612426974275,4233,6192
IXI348,BRN-PUT,LEFT,0.8367611103120955,0.7193372898120672,3.0,0.8983051345564618,5927,7979
IXI348,BRN-PAL,LEFT,0.8483737975263399,0.7366746221161495,2.23606797749979,0.6799184665540728,2021,2345
IXI348,BRN-3RD-VENTRICLE,NONE,0.5246105919003116,0.35557432432432434,9.0,2.0470675152919724,2281,929
IXI348,BRN-4TH-VENTRICLE,NONE,0.8234479575351951,0.6998823067869753,2.449489742783178,0.617185818905722,2054,2279
IXI348,BRN-BST,NONE,0.893887342865368,0.8081340875177846,3.0,0.916567101290293,23555,28550
IXI348,BRN-HIP,LEFT,0.8340153707954886,0.7152884780003425,2.23606797749979,0.7280625223585666,4317,5702
IXI348,BRN-AMY,LEFT,0.6638365614221279,0.49682287529785546,3.3166247903554,1.364674891667587,1414,2355
IXI348,BRN-ACC,LEFT,0.6495507060333762,0.48098859315589354,3.3166247903554,1.0926587965559607,618,940
IXI348,BRN-VDC,LEFT,0.8260688390699225,0.7036774101945193,2.449489742783178,0.8883948249568419,6471,5528
IXI348,BRN-CER-WM,RIGHT,0.8996217601939203,0.8175568433200398,1.4142135623730951,0.601513589568748,289613,297845
IXI348,BRN-LAT-V,RIGHT,0.9080046940009245,0.83150970431158,1.0,0.5640537582675446,15036,13085
IXI348,BRN-INF-LAT-V,RIGHT,0.5968819599109132,0.4253968253968254,3.0567971810589367,0.784255058159611,745,602
IXI348,BRN-CB-WM,RIGHT,0.8137947962690231,0.6860489177668336,6.4031242374328485,1.3622653905161657,18154,22586
IXI348,BRN-CB-EXT,RIGHT,0.8662711996541436,0.7640903180636127,146.45135687341732,5.073151525411153,68520,72579
IXI348,BRN-THA,RIGHT,0.8688053097345133,0.7680422452571876,2.449489742783178,0.9393571807807909,8423,9657
IXI348,BRN-CAU,RIGHT,0.8117331288343558,0.6831235882542755,2.23606797749979,0.9408978840811483,4239,6193
IXI348,BRN-PUT,RIGHT,0.850078669363902,0.7392494136043785,2.23606797749979,0.8011084294077103,5821,7526
IXI348,BRN-PAL,RIGHT,0.8345138441725692,0.7160220994475138,2.0,0.7638752655016946,2275,2384
IXI348,BRN-HIP,RIGHT,0.8205374280230326,0.6956875508543532,2.23606797749979,0.8116805311591531,4464,5956
IXI348,BRN-AMY,RIGHT,0.6994780014914244,0.5378440366972477,3.0,1.2360398749062182,1580,2443
IXI348,BRN-ACC,RIGHT,0.5889803673210893,0.41741472172351884,3.1622776601683795,1.2306001898904104,555,1024
IXI348,BRN-VDC,RIGHT,0.8124845590051881,0.6841886269070735,2.449489742783178,0.9994989496920401,6376,5767
IXI350,BRN-CER-WM,LEFT,0.846733029218742,0.7342038319584748,4.358898943540674,1.0772755354344559,268555,321135
IXI350,BRN-LAT-V,LEFT,0.9283313500761988,0.866248490279347,1.4142135623730951,0.6632575351385848,25004,22897
IXI350,BRN-INF-LAT-V,LEFT,0.7328165374677003,0.5783034257748777,1.4142135623730951,0.4844294761370597,1003,932
IXI350,BRN-CB-WM,LEFT,0.7386716985143646,0.585630004214075,7.54983443527075,1.965148144734434,15368,22259
IXI350,BRN-CB-EXT,LEFT,0.7928840900221152,0.6568417195633197,150.58021115984587,19.745012008350884,81597,72143
IXI350,BRN-THA,LEFT,0.8992108869252942,0.8168784340659341,2.23606797749979,0.7743377397592769,10362,10801
IXI350,BRN-CAU,LEFT,0.66621511785424,0.4994921795653057,13.379088160259652,2.142663623728874,2490,4892
IXI350,BRN-PUT,LEFT,0.840948893488298,0.7255494505494505,2.8284271247461903,0.7960342951987699,5556,7006
IXI350,BRN-PAL,LEFT,0.8168210976478973,0.6903614457831325,2.23606797749979,0.7846379587941852,2004,2205
IXI350,BRN-3RD-VENTRICLE,NONE,0.5842905929835455,0.41271929824561404,9.899494936611665,2.334460330332978,4441,2001
IXI350,BRN-4TH-VENTRICLE,NONE,0.8138111888111889,0.686072218128224,3.1622776601683795,0.6751935431278306,3148,3716
IXI350,BRN-BST,NONE,0.8827839979871682,0.7901641190214791,3.23945122526189,1.0341666432608412,28494,35098
IXI350,BRN-HIP,LEFT,0.8324626193478653,0.713007251967289,2.23606797749979,0.7830526171604143,4952,6150
IXI350,BRN-AMY,LEFT,0.5808917197452229,0.40933572710951527,3.7416573867739413,1.7011127418649545,1348,2577
IXI350,BRN-ACC,LEFT,0.4272300469483568,0.2716417910447761,4.58257569495584,1.6819934308627382,430,848
IXI350,BRN-VDC,LEFT,0.8374340295844793,0.7203324808184143,2.23606797749979,0.8451098485296943,7186,6267
IXI350,BRN-CER-WM,RIGHT,0.8759438135125694,0.7792704884706976,2.8284271247461903,0.7726697949649647,291217,321457
IXI350,BRN-LAT-V,RIGHT,0.9370289629398941,0.8815188093284894,1.4142135623730951,0.506775055205055,25084,23081
IXI350,BRN-INF-LAT-V,RIGHT,0.6418400876232202,0.47258064516129034,3.1622776601683795,0.7520065422777306,1082,744
IXI350,BRN-CB-WM,RIGHT,0.7773761746890345,0.6358261295057902,8.246211251235321,1.6711026335704575,17636,22481
IXI350,BRN-CB-EXT,RIGHT,0.742063585864555,0.5899054813311536,148.34419435893,22.0662611911886,94616,74604
IXI350,BRN-THA,RIGHT,0.9005558362809499,0.8191010203143672,2.23606797749979,0.7553667736947062,9925,9865
IXI350,BRN-CAU,RIGHT,0.7990913679959616,0.6654056326187474,3.7416573867739413,0.9186137815961132,3180,4744
IXI350,BRN-PUT,RIGHT,0.8387356877922916,0.7222607971115123,2.23606797749979,0.8107720399983037,5419,6983
IXI350,BRN-PAL,RIGHT,0.8278649548264384,0.706288032454361,2.23606797749979,0.7677005190782268,2113,2093
IXI350,BRN-HIP,RIGHT,0.8399311531841652,0.7240356083086054,2.0,0.7588614039660708,5344,6276
IXI350,BRN-AMY,RIGHT,0.6462242562929061,0.47734956051386074,3.7416573867739413,1.4477297817044577,1577,2793
IXI350,BRN-ACC,RIGHT,0.4560530679933665,0.2953813104189044,4.47213595499958,1.5551059596064787,370,836
IXI350,BRN-VDC,RIGHT,0.8003447285262856,0.6671455938697318,4.212756921743878,3.67799711580343,7319,6605
IXI351,BRN-CER-WM,LEFT,0.8927006549468144,0.8061963180371395,2.0,0.6697376857524316,277267,287359
IXI351,BRN-LAT-V,LEFT,0.8854434887415767,0.7944357058592214,2.23606797749979,2.1820767519269,9664,8589
IXI351,BRN-INF-LAT-V,LEFT,0.5340501792114696,0.3643031784841076,5.4404012678848,0.9289931302800971,506,610
IXI351,BRN-CB-WM,LEFT,0.799449314452686,0.6659021764568219,7.0,1.4147641213561204,15795,19797
IXI351,BRN-CB-EXT,LEFT,0.8300560254861035,0.7094835680751174,150.37852239491642,19.906166306256036,75123,70525
IXI351,BRN-THA,LEFT,0.9074094584117842,0.8305119107957425,2.23606797749979,2.0664325717083676,9181,8877
IXI351,BRN-CAU,LEFT,0.8066348557146104,0.675932977913176,2.23606797749979,1.3374408444007495,3591,5211
IXI351,BRN-PUT,LEFT,0.8309385006979226,0.7107739851102683,2.23606797749979,0.882434275117994,5150,7029
IXI351,BRN-PAL,LEFT,0.8246219156274874,0.7015801354401806,1.7320508075688772,0.7285976266318834,1776,1993
IXI351,BRN-3RD-VENTRICLE,NONE,0.510559662090813,0.3427862460120525,8.831760866327848,2.20267085012188,2764,1024
IXI351,BRN-4TH-VENTRICLE,NONE,0.8022454707833631,0.6697912228376651,8.12403840463596,1.1042654551952429,1752,2167
IXI351,BRN-BST,NONE,0.8850260841212911,0.793763936104105,3.1622776601683795,2.230140027489574,22190,26882
IXI351,BRN-HIP,LEFT,0.8189451835078781,0.6934015018373542,3.4641016151377544,1.0082319154798676,4532,6067
IXI351,BRN-AMY,LEFT,0.63744141163496,0.4678267907729664,133.75499832668044,5.375895691785432,1428,2199
IXI351,BRN-ACC,LEFT,0.597051597051597,0.425569176882662,3.3166247903554,1.168558087152047,670,958
IXI351,BRN-VDC,LEFT,0.8179643901142706,0.6919964028776978,2.449489742783178,0.9133692293312204,6077,5212
IXI351,BRN-CER-WM,RIGHT,0.8942571576116711,0.808738816414255,1.4142135623730951,0.7229681297747154,292888,286111
IXI351,BRN-LAT-V,RIGHT,0.8922050945665245,0.8053883351426033,1.4142135623730951,0.5879171684352981,9727,8567
IXI351,BRN-INF-LAT-V,RIGHT,0.7040417209908736,0.5432595573440644,2.23606797749979,0.7346672268924861,1349,952
IXI351,BRN-CB-WM,RIGHT,0.796986115814426,0.6624912033779029,7.211102550927978,1.4442864227077983,16361,19075
IXI351,BRN-CB-EXT,RIGHT,0.8452269454967359,0.731942040213536,149.49916387726054,16.367342721243617,72206,70868
IXI351,BRN-THA,RIGHT,0.9069159746820742,0.8296855078623034,1.7320508075688772,0.677978324241313,8570,8651
IXI351,BRN-CAU,RIGHT,0.7617260787992496,0.6151515151515151,2.8284271247461903,1.095802797053358,3480,5581
IXI351,BRN-PUT,RIGHT,0.8460108031523953,0.7331184775936157,2.0,0.7860973474416276,4894,6399
IXI351,BRN-PAL,RIGHT,0.8517634579687086,0.7418013856812933,2.0,0.6574150859053344,1773,1998
IXI351,BRN-HIP,RIGHT,0.812201740432301,0.6837876161966283,2.449489742783178,0.9066228774516887,4581,6106
IXI351,BRN-AMY,RIGHT,0.6812889249932305,0.5166324435318275,3.3166247903554,1.2388964277173593,1315,2378
IXI351,BRN-ACC,RIGHT,0.6119307248236049,0.4408502772643253,3.3166247903554,1.1615004771802984,564,995
IXI351,BRN-VDC,RIGHT,0.801388147357181,0.668596881959911,3.605551275463989,3.2648439124100754,5927,5311
IXI353,BRN-CER-WM,LEFT,0.7691150954308849,0.6248472887886477,9.38083151964686,1.9410962595389274,218624,282786
IXI353,BRN-LAT-V,LEFT,0.896446182622003,0.812326656394453,1.0,0.5099255255873565,9379,8264
IXI353,BRN-INF-LAT-V,LEFT,0.5864432597105864,0.41487068965517243,2.23606797749979,0.6593984976859716,520,793
IXI353,BRN-CB-WM,LEFT,0.7335680751173709,0.5792400370713624,7.874007874011811,2.0033539230715554,15271,20513
IXI353,BRN-CB-EXT,LEFT,0.8406110001619258,0.7250465549348231,6.0,2.010819269075956,62222,67467
IXI353,BRN-THA,LEFT,0.8059701492537313,0.675,3.1622776601683795,1.2990713454325462,7608,9343
IXI353,BRN-CAU,LEFT,0.6369824163357912,0.4673325010403662,4.587967698199215,1.3354345580664526,2277,4775
IXI353,BRN-PUT,LEFT,0.6359259259259259,0.4661960358403475,4.123105625617661,1.49213608276727,3569,7231
IXI353,BRN-PAL,LEFT,0.6698529411764705,0.5035931453841902,3.605551275463989,1.1658786546311806,1168,1552
IXI353,BRN-3RD-VENTRICLE,NONE,0.4566880930517294,0.295914319714399,10.295630140987,2.378302066627437,2110,1157
IXI353,BRN-4TH-VENTRICLE,NONE,0.7580095432856169,0.610318331503842,5.916079783099616,0.9491249331215735,1788,2613
IXI353,BRN-BST,NONE,0.8439845546444531,0.7300806905610808,3.7416573867739413,1.2745341125895098,19816,26282
IXI353,BRN-HIP,LEFT,0.756952169076752,0.6089485458612975,3.0,1.0772869058444206,4356,6432
IXI353,BRN-AMY,LEFT,0.5023028989433758,0.335383502170767,4.47213595499958,1.997416042710091,1042,2649
IXI353,BRN-ACC,LEFT,0.04408817635270541,0.022540983606557378,10.198039027185569,4.371046892054795,39,959
IXI353,BRN-VDC,LEFT,0.7911492041280391,0.6544638981334105,2.8284271247461903,1.05338860537916,5705,5729
IXI353,BRN-CER-WM,RIGHT,0.7791777434795961,0.6382401199830793,9.0,1.8099232363482984,223626,287577
IXI353,BRN-LAT-V,RIGHT,0.8971079507492603,0.8134141064474254,1.0,0.501453747854922,11195,9759
IXI353,BRN-INF-LAT-V,RIGHT,0.6419180201082754,0.47266514806378135,2.449489742783178,0.6462957620815546,602,691
IXI353,BRN-CB-WM,RIGHT,0.7532672849915683,0.6041930847916138,8.246211251235321,1.9177391852634236,16345,21607
IXI353,BRN-CB-EXT,RIGHT,0.8540140284004811,0.7452220616701655,5.196152422706632,1.9316216376937136,62457,65569
IXI353,BRN-THA,RIGHT,0.8329000236350744,0.7136492507087889,3.3166247903554,1.0936939485950525,7698,9226
IXI353,BRN-CAU,RIGHT,0.7665239032295404,0.621433933933934,3.1622776601683795,0.9383765158006828,3388,5251
IXI353,BRN-PUT,RIGHT,0.7806546165119688,0.6402243589743589,3.0,1.0833058551762422,4995,7287
IXI353,BRN-PAL,RIGHT,0.7416346681294569,0.5893635571054926,3.0,1.035367737299028,1700,1946
IXI353,BRN-HIP,RIGHT,0.7694753577106518,0.6253229974160207,3.1622776601683795,0.987104754743329,4414,6279
IXI353,BRN-AMY,RIGHT,0.5750061379818315,0.40351481736733286,4.123105625617661,1.596065583124062,1251,2822
IXI353,BRN-ACC,RIGHT,0.03905447070914697,0.019916142557651992,6.4031242374328485,3.243120976509715,78,895
IXI353,BRN-VDC,RIGHT,0.7568623801991253,0.6088323353293413,4.358898943540674,1.3463082674187883,5202,5545
IXI354,BRN-CER-WM,LEFT,0.762275527146411,0.6158685102096878,12.409673645990857,2.538916484732907,230868,298539
IXI354,BRN-LAT-V,LEFT,0.8937068441200673,0.8078390789728995,1.0,0.5703327964119299,14927,13024
IXI354,BRN-INF-LAT-V,LEFT,0.5546875,0.3837837837837838,3.0,0.7674603660189706,328,696
IXI354,BRN-CB-WM,LEFT,0.7662921348314606,0.6211293260473588,7.483314773547883,1.7763416599302644,19357,22473
IXI354,BRN-CB-EXT,LEFT,0.8460594822052635,0.7331915893049186,5.830951894845301,2.37884293195433,66719,73491
IXI354,BRN-THA,LEFT,0.8352101506740682,0.7170479302832244,3.0,1.1471187175262567,8498,10417
IXI354,BRN-CAU,LEFT,0.6608003857280618,0.4934293429342934,4.212756921743878,1.3778216182381653,2755,5541
IXI354,BRN-PUT,LEFT,0.7013662979830839,0.5400801603206413,4.58257569495584,1.4032445320828957,4370,7926
IXI354,BRN-PAL,LEFT,0.7609093284557095,0.6140868831716575,3.605551275463989,1.030567190518187,1644,2183
IXI354,BRN-3RD-VENTRICLE,NONE,0.5350752627094575,0.36525785188057386,9.0,2.02055385282151,2211,1310
IXI354,BRN-4TH-VENTRICLE,NONE,0.6907065376722369,0.5275414240931482,5.385164807134504,1.0147306752422618,1263,2148
IXI354,BRN-BST,NONE,0.7257062206399697,0.569496792964359,6.164414002968976,1.9560349520021088,17860,29611
IXI354,BRN-HIP,LEFT,0.7166900420757363,0.5584699453551912,3.605551275463989,1.3261356209552442,3839,6143
IXI354,BRN-AMY,LEFT,0.46670560747663553,0.30438095238095236,4.358898943540674,2.070189424537802,967,2457
IXI354,BRN-ACC,LEFT,0.10679611650485436,0.05641025641025641,7.483314773547883,3.6640864161950772,44,780
IXI354,BRN-VDC,LEFT,0.7919427511264246,0.6555506801228609,2.8284271247461903,1.0400072426659428,5977,5342
IXI354,BRN-CER-WM,RIGHT,0.7677513121638209,0.6230489995586745,12.041594578792296,2.3728945154878,230514,291715
IXI354,BRN-LAT-V,RIGHT,0.8952587109838699,0.8103786107072878,1.0,0.5920367653978613,15406,13236
IXI354,BRN-INF-LAT-V,RIGHT,0.5961227786752827,0.42462600690448793,3.0,0.8296413869797088,592,646
IXI354,BRN-CB-WM,RIGHT,0.7708338001658189,0.6271192620410544,6.164414002968976,1.5007950208615546,20938,23689
IXI354,BRN-CB-EXT,RIGHT,0.8343628542184112,0.715799815781394,5.656854249492381,1.7647548571391882,65012,74697
IXI354,BRN-THA,RIGHT,0.8306302131603337,0.7103229641371112,2.8284271247461903,1.0949762198784148,7818,9446
IXI354,BRN-CAU,RIGHT,0.746804268793245,0.5959198951899681,3.3166247903554,1.0856726279253324,3208,5319
IXI354,BRN-PUT,RIGHT,0.7841156356854212,0.644893263453918,3.0,1.090952000127042,5165,7703
IXI354,BRN-PAL,RIGHT,0.7931707317073171,0.6572352465642683,2.23606797749979,0.8766600659979131,1916,2184
IXI354,BRN-HIP,RIGHT,0.7370149866557175,0.5835500650195059,2.8284271247461903,1.0485047962762277,3928,5814
IXI354,BRN-AMY,RIGHT,0.5348641837020442,0.3650611620795107,4.123105625617661,1.6375692977963725,1013,2558
IXI354,BRN-ACC,RIGHT,0.2571711177052423,0.14755959137343927,6.324555320336759,2.6029398489851694,143,868
IXI354,BRN-VDC,RIGHT,0.7940756602426838,0.6584788398934596,3.0,1.0870807310996475,5824,5384
IXI356,BRN-CER-WM,LEFT,0.7475560827269977,0.5968778900333377,11.180339887498949,2.3929598024263465,214510,287962
IXI356,BRN-LAT-V,LEFT,0.8927053079092478,0.8062039078537215,1.0,0.6159295448903211,12558,11199
IXI356,BRN-INF-LAT-V,LEFT,0.5108225108225108,0.3430232558139535,5.0,1.1213067579306109,294,630
IXI356,BRN-CB-WM,LEFT,0.762471958124132,0.6161249946048599,7.605882305274899,1.8705004568875772,17553,19891
IXI356,BRN-CB-EXT,LEFT,0.8470651982894968,0.7347034689496615,6.4031242374328485,2.5331532039479083,64459,72109
IXI356,BRN-THA,LEFT,0.843035925533902,0.7286621461629534,3.0,1.0579021648952427,7251,8810
IXI356,BRN-CAU,LEFT,0.7098885118759088,0.5502536163817396,3.5136089962519237,1.2000439151582087,2967,5285
IXI356,BRN-PUT,LEFT,0.6888477088948787,0.5253758190928948,4.0,1.4966463208987921,4150,7722
IXI356,BRN-PAL,LEFT,0.728418744861606,0.5728448275862069,3.7416573867739413,1.1727367205339658,1575,2074
IXI356,BRN-3RD-VENTRICLE,NONE,0.41470713980333473,0.261596548004315,9.0,2.332743435662585,1650,689
IXI356,BRN-4TH-VENTRICLE,NONE,0.7053817271589486,0.5448569218870843,3.605551275463989,0.7877560949161508,1529,2466
IXI356,BRN-BST,NONE,0.8493228360194535,0.7381069709260453,3.1622776601683795,1.1364647768096183,20056,25797
IXI356,BRN-HIP,LEFT,0.6767385025549878,0.5114170584284755,4.123105625617661,1.2731843231128674,3901,5101
IXI356,BRN-AMY,LEFT,0.4706636742545688,0.3077568134171908,4.898979485566356,1.9585643859937378,829,2290
IXI356,BRN-ACC,LEFT,0.08014247551202137,0.041743970315398886,9.284339797910816,4.123549491889527,78,1045
IXI356,BRN-VDC,LEFT,0.7833252544837616,0.6438247011952192,2.449489742783178,1.0580875797374036,5531,4784
IXI356,BRN-CER-WM,RIGHT,0.7797465970681527,0.6390038292003047,9.9498743710662,1.8823144827335687,224398,285383
IXI356,BRN-LAT-V,RIGHT,0.8828134409249668,0.7902112979732644,1.0,0.5656200242074033,8839,7767
IXI356,BRN-INF-LAT-V,RIGHT,0.5973741794310722,0.42589703588143524,2.449489742783178,0.766551860695996,355,559
IXI356,BRN-CB-WM,RIGHT,0.7570907048581859,0.6091278807049254,6.4031242374328485,1.6050727742867206,17799,21372
IXI356,BRN-CB-EXT,RIGHT,0.837256306798899,0.7200695318276752,105.4305447664136,3.9888092477482053,63209,69386
IXI356,BRN-THA,RIGHT,0.8403677111990875,0.7246846429811364,3.0,0.9910541128042242,6940,7963
IXI356,BRN-CAU,RIGHT,0.594939879759519,0.4234266357639508,3.3166247903554,1.4524852211248163,2394,5590
IXI356,BRN-PUT,RIGHT,0.7939879104721451,0.6583581685180168,3.0,1.0576846714073282,4995,7247
IXI356,BRN-PAL,RIGHT,0.8103309120258273,0.6811397557666214,2.23606797749979,0.8284631439227109,1807,1910
IXI356,BRN-HIP,RIGHT,0.7646371267665498,0.6189575090314812,2.8284271247461903,1.0784597609604043,3935,5476
IXI356,BRN-AMY,RIGHT,0.6289772727272728,0.45876502279320347,3.7416573867739413,1.3715104791149948,1207,2313
IXI356,BRN-ACC,RIGHT,0.20826446280991737,0.11623616236162361,5.744562646538029,2.3379266505333445,204,1006
IXI356,BRN-VDC,RIGHT,0.7556818181818182,0.6073059360730594,7.681145747868608,1.5862109289698694,5647,4913
IXI357,BRN-CER-WM,LEFT,0.7480764099716599,0.597541587945256,12.569805089976535,2.440251094808101,236581,318111
IXI357,BRN-LAT-V,LEFT,0.8859413537955604,0.795237626685034,1.4142135623730951,0.6756606037709065,19313,17177
IXI357,BRN-INF-LAT-V,LEFT,0.6781389420012747,0.5130183220829315,2.0,0.5551384198211022,721,848
IXI357,BRN-CB-WM,LEFT,0.7252124645892352,0.5688888888888889,9.16515138991168,2.3133879430958526,17764,23184
IXI357,BRN-CB-EXT,LEFT,0.8309759865608736,0.7108288426995124,6.164414002968976,1.5880045757025822,64409,68933
IXI357,BRN-THA,LEFT,0.8190633984698601,0.6935710159280349,4.47213595499958,1.2249358442716791,9322,11199
IXI357,BRN-CAU,LEFT,0.6171181424994309,0.4462551440329218,6.912931993250088,1.7007829143612605,2759,6027
IXI357,BRN-PUT,LEFT,0.6716112919094831,0.5055834092980857,5.0,1.5834363492419143,4528,8685
IXI357,BRN-PAL,LEFT,0.7244318181818182,0.5679287305122495,4.242640687119285,1.2230738425942516,1665,2559
IXI357,BRN-3RD-VENTRICLE,NONE,0.6835152211372775,0.5191972076788831,10.198039027185569,1.8527745777907931,3094,2129
IXI357,BRN-4TH-VENTRICLE,NONE,0.6963696369636964,0.5341772151898734,7.681145747868608,1.3293814975842981,1535,2707
IXI357,BRN-BST,NONE,0.7668401685446815,0.621849778904728,7.3484692283495345,2.1066021100941152,20702,31747
IXI357,BRN-HIP,LEFT,0.6959605570452383,0.5336959405677899,3.7416573867739413,1.2033614924966491,4325,7236
IXI357,BRN-AMY,LEFT,0.3793103448275862,0.23404255319148937,5.385164807134504,2.093416512421499,977,2909
IXI357,BRN-ACC,LEFT,0.009237875288683603,0.004640371229698376,8.306623862918075,5.188391388713504,5,861
IXI357,BRN-VDC,LEFT,0.7601114709648263,0.6130482322925526,3.0,1.0805102965090836,6220,7057
IXI357,BRN-CER-WM,RIGHT,0.7684233567880356,0.6239346621449232,11.180339887498949,2.293166548066515,248058,318424
IXI357,BRN-LAT-V,RIGHT,0.9174021188392446,0.8474080125259539,1.4142135623730951,0.6458856461306568,28701,25574
IXI357,BRN-INF-LAT-V,RIGHT,0.6721415034744157,0.5061845861084682,2.449489742783178,0.613439322343084,740,843
IXI357,BRN-CB-WM,RIGHT,0.7774317079397498,0.6359004343468092,6.4031242374328485,1.6335278344075668,18404,20766
IXI357,BRN-CB-EXT,RIGHT,0.8514046256278472,0.7412572300260599,5.477225575051661,1.4711664779649019,65262,71714
IXI357,BRN-THA,RIGHT,0.8314722911497106,0.7115554769067421,3.1622776601683795,1.1527267441521047,8923,10421
IXI357,BRN-CAU,RIGHT,0.6744487678339819,0.5088062622309197,5.0,1.3619691609998372,3149,6103
IXI357,BRN-PUT,RIGHT,0.7681292695743562,0.6235469766449824,3.0,1.2088612811881356,6146,9078
IXI357,BRN-PAL,RIGHT,0.7729789590254706,0.6299638989169675,2.8284271247461903,0.97268444261305,2041,2474
IXI357,BRN-HIP,RIGHT,0.7405455936092462,0.5879892037786775,3.0,1.0498162672803066,4794,6973
IXI357,BRN-AMY,RIGHT,0.5742798820594239,0.40279987273305756,4.135059131767812,1.683150146798425,1420,2989
IXI357,BRN-ACC,RIGHT,0.3015075376884422,0.17751479289940827,4.47213595499958,2.164921439187474,194,801
IXI357,BRN-VDC,RIGHT,0.7258258258258258,0.5696441197266086,3.3166247903554,1.374527731497214,6384,6936
IXI358,BRN-CER-WM,LEFT,0.8839069167429435,0.7919652312184107,2.23606797749979,0.6863126365346479,259725,276698
IXI358,BRN-LAT-V,LEFT,0.8980841398380407,0.8150206130130848,1.0,0.9738727406195838,10798,9454
IXI358,BRN-INF-LAT-V,LEFT,0.7103235747303543,0.5507765830346476,1.4142135623730951,0.423803812151923,576,722
IXI358,BRN-CB-WM,LEFT,0.7639327024185069,0.6180348787749894,7.14142842854285,1.9273666418629234,15954,22086
IXI358,BRN-CB-EXT,LEFT,0.7458644049994748,0.5947238942685161,145.23377705784836,31.799359000369254,85732,66604
IXI358,BRN-THA,LEFT,0.9013411521963404,0.8204013047346052,2.23606797749979,1.2486971874872446,9484,8933
IXI358,BRN-CAU,LEFT,0.8038005923000987,0.6719620383742522,3.605551275463989,1.761483844554896,3323,4781
IXI358,BRN-PUT,LEFT,0.874085194220304,0.7763333333333333,2.0,0.6404491781412814,4866,5792
IXI358,BRN-PAL,LEFT,0.8637350705754615,0.7601528905876732,1.906217782649101,0.5975865888319595,1735,1949
IXI358,BRN-3RD-VENTRICLE,NONE,0.49430276722734673,0.32828828828828827,10.63014581273465,2.660899126863021,2575,1111
IXI358,BRN-4TH-VENTRICLE,NONE,0.779828905898244,0.6391143911439114,6.049425980858491,1.0071134314793266,1951,2491
IXI358,BRN-BST,NONE,0.875548891506908,0.7786455852938375,119.46966142079754,11.93509586565364,26332,29690
IXI358,BRN-HIP,LEFT,0.8425353797089894,0.7279145858446703,2.23606797749979,0.8812778064322251,4524,5510
IXI358,BRN-AMY,LEFT,0.624090541632983,0.4535840188014101,136.47985190991392,7.797758784947894,1424,2287
IXI358,BRN-ACC,LEFT,0.5369458128078818,0.367003367003367,3.7416573867739413,1.5068536353647104,434,784
IXI358,BRN-VDC,LEFT,0.8331578947368421,0.7140279657194407,2.23606797749979,0.8250769405534235,6023,5377
IXI358,BRN-CER-WM,RIGHT,0.8873497467293727,0.797510038865326,1.7320508075688772,0.8404918761154605,278015,279294
IXI358,BRN-LAT-V,RIGHT,0.8424168050241825,0.7277375904215515,2.0,0.7288390781254593,6974,6879
IXI358,BRN-INF-LAT-V,RIGHT,0.6090342679127726,0.43784994400895855,2.23606797749979,1.03051886422264,617,667
IXI358,BRN-CB-WM,RIGHT,0.7849860282456008,0.6460716061660865,7.483314773547883,1.6126357418601973,17086,22637
IXI358,BRN-CB-EXT,RIGHT,0.7205792737570348,0.5632074414434607,144.8136733875638,32.13859230742914,97785,69597
IXI358,BRN-THA,RIGHT,0.8960154319127133,0.8116195260456481,2.0,0.8548168496553272,8342,8247
IXI358,BRN-CAU,RIGHT,0.8081643911184664,0.6780837769034945,2.23606797749979,0.767897855089512,2973,4278
IXI358,BRN-PUT,RIGHT,0.8617112401256305,0.7570234113712374,2.0,0.8075579174379899,4699,5808
IXI358,BRN-PAL,RIGHT,0.8595988538681948,0.7537688442211056,2.0,0.6375070653398744,1826,2013
IXI358,BRN-HIP,RIGHT,0.8304885226603884,0.7101157523905385,2.23606797749979,0.9121289651735124,4623,5571
IXI358,BRN-AMY,RIGHT,0.6867662753468516,0.5229581470946769,3.185429729696429,1.186527212379325,1405,2343
IXI358,BRN-ACC,RIGHT,0.5813765182186235,0.4098173515981735,3.7416573867739413,1.2215959531740987,443,792
IXI358,BRN-VDC,RIGHT,0.7889291257113296,0.6514310123878684,123.62362227461334,5.415043202580867,6322,5276
IXI359,BRN-CER-WM,LEFT,0.8657227677551953,0.76323736661969,3.0,0.8493146403780868,256599,295155
IXI359,BRN-LAT-V,LEFT,0.9086729481212397,0.8326311957143601,1.0,0.565897792767652,18937,16299
IXI359,BRN-INF-LAT-V,LEFT,0.6113744075829384,0.4402730375426621,2.8284271247461903,0.7473284662972463,918,770
IXI359,BRN-CB-WM,LEFT,0.7767609404663389,0.6350033825460624,8.12403840463596,1.7055822209032616,17581,23505
IXI359,BRN-CB-EXT,LEFT,0.8604998351978596,0.7551555162322194,99.33227044679653,6.747889178158234,76629,78102
IXI359,BRN-THA,LEFT,0.9095243140163153,0.8340619838725347,1.7320508075688772,0.6953904476660853,9347,9531
IXI359,BRN-CAU,LEFT,0.7986577181208053,0.664804469273743,4.432503000988947,1.0330986072820396,3610,5330
IXI359,BRN-PUT,LEFT,0.8398530012249897,0.7239194706462059,3.0,0.8300858949192115,5344,6901
IXI359,BRN-PAL,LEFT,0.8415051311288484,0.7263779527559056,2.23606797749979,0.7218341667048442,2154,2231
IXI359,BRN-3RD-VENTRICLE,NONE,0.597679374852001,0.4262073623775751,8.497025848454365,1.8373730537539912,2773,1450
IXI359,BRN-4TH-VENTRICLE,NONE,0.8226079593564776,0.6986695433297375,3.0,0.6056354383397835,2174,2550
IXI359,BRN-BST,NONE,0.8860397292686953,0.7953961667654613,3.1622776601683795,0.9639960997710296,24460,30059
IXI359,BRN-HIP,LEFT,0.8346816742877242,0.7162692423785089,2.23606797749979,1.060633624229739,5063,6309
IXI359,BRN-AMY,LEFT,0.6859545004945599,0.5220173127587505,3.1622776601683795,1.5178574346622247,1565,2479
IXI359,BRN-ACC,LEFT,0.5461638491547465,0.3756708407871199,3.605551275463989,1.4173329896815157,554,984
IXI359,BRN-VDC,LEFT,0.8313939093835108,0.7114406779661017,2.449489742783178,0.864691833023243,6588,5529
IXI359,BRN-CER-WM,RIGHT,0.8868947394376616,0.7967752654314151,2.23606797749979,0.6887923697903664,274795,292977
IXI359,BRN-LAT-V,RIGHT,0.9213903602392811,0.8542389445394576,1.0,0.5308135443010366,20201,17746
IXI359,BRN-INF-LAT-V,RIGHT,0.68994708994709,0.5266558966074314,2.23606797749979,0.6243746614095368,1033,857
IXI359,BRN-CB-WM,RIGHT,0.7735816939425626,0.6307649601459333,8.366600265340756,1.8681794359664015,17632,23491
IXI359,BRN-CB-EXT,RIGHT,0.8286996078431372,0.7075039105187598,114.67170519626627,15.041844190850775,81563,77812
IXI359,BRN-THA,RIGHT,0.9004052280120998,0.8188518633862764,2.0,0.7206514116686152,8500,9021
IXI359,BRN-CAU,RIGHT,0.7857472324723247,0.6471035137701804,4.123105625617661,0.9954147243193139,3417,5255
IXI359,BRN-PUT,RIGHT,0.8458995242319168,0.7329513694801565,2.23606797749979,0.7896296147925916,5504,6897
IXI359,BRN-PAL,RIGHT,0.8460820895522388,0.7332255456750202,2.0,0.7304491956754826,2032,2256
IXI359,BRN-HIP,RIGHT,0.8351247600767754,0.7169220629428242,2.23606797749979,0.723192538351809,4595,5825
IXI359,BRN-AMY,RIGHT,0.7095834547043403,0.5498871331828442,3.0,1.082418975697522,1333,2100
IXI359,BRN-ACC,RIGHT,0.5680297397769517,0.39667705088265837,3.7416573867739413,1.2717093007592428,482,863
IXI359,BRN-VDC,RIGHT,0.8169083312853281,0.6904860822600748,2.449489742783178,0.9414803724974022,6689,5518
IXI360,BRN-CER-WM,LEFT,0.8759422399123823,0.7792679976197171,2.449489742783178,0.732505956647339,256604,287578
IXI360,BRN-LAT-V,LEFT,0.9057496867604066,0.827735368956743,1.0,0.5703325629983115,11200,10349
IXI360,BRN-INF-LAT-V,LEFT,0.6514864010120177,0.4831144465290807,2.23606797749979,0.6113700728771871,836,745
IXI360,BRN-CB-WM,LEFT,0.7613964647701121,0.6147216951296648,8.06225774829855,1.7148574002523138,16960,23886
IXI360,BRN-CB-EXT,LEFT,0.834665686353922,0.7162456958316402,100.42907945411031,9.789490602053604,80390,80103
IXI360,BRN-THA,LEFT,0.9111087282865108,0.8367306745445593,1.7320508075688772,0.7442755304278911,9180,9472
IXI360,BRN-CAU,LEFT,0.8194488106465472,0.6941239126575537,3.0,0.9181711435819089,3957,5586
IXI360,BRN-PUT,LEFT,0.88280966548146,0.7902052481163939,2.0,0.6471182730356222,6384,7397
IXI360,BRN-PAL,LEFT,0.8516039695361182,0.7415594855305466,2.0,0.68443450328261,2094,2239
IXI360,BRN-3RD-VENTRICLE,NONE,0.47812390619530976,0.3141674333026679,10.471364791224671,2.543277309996966,2050,807
IXI360,BRN-4TH-VENTRICLE,NONE,0.8356035697510569,0.717628075837031,2.0,0.4877954906014145,2054,2204
IXI360,BRN-BST,NONE,0.8786616861182106,0.7835830411220912,3.3166247903554,1.266854811021848,24871,31080
IXI360,BRN-HIP,LEFT,0.8224463813534424,0.6984364604125083,2.695799041059084,0.8288768169922601,4478,5733
IXI360,BRN-AMY,LEFT,0.6767109295199183,0.5113855654187572,3.3166247903554,1.4516421965500732,1457,2459
IXI360,BRN-ACC,LEFT,0.6387096774193548,0.46919431279620855,3.3166247903554,1.062764937478842,688,862
IXI360,BRN-VDC,LEFT,0.8181344450234497,0.6922398589065256,2.449489742783178,0.9832744068477903,6323,5191
IXI360,BRN-CER-WM,RIGHT,0.8929451955174481,0.8065952940196301,2.0,0.7073400029137648,274421,289365
IXI360,BRN-LAT-V,RIGHT,0.9078543040930881,0.8312575030012005,1.0,0.6441968808421885,12745,11662
IXI360,BRN-INF-LAT-V,RIGHT,0.7016733987305251,0.5404444444444444,3.1217082451262845,0.7718472674579007,893,840
IXI360,BRN-CB-WM,RIGHT,0.7739113624281089,0.6312034372659545,7.810249675906654,1.5981345913933087,17740,23642
IXI360,BRN-CB-EXT,RIGHT,0.8264137672045351,0.7041781371582979,111.03287799450023,13.642169000969963,86562,81199
IXI360,BRN-THA,RIGHT,0.8998878923766817,0.817996535208397,2.0,0.7253643997024152,8698,9142
IXI360,BRN-CAU,RIGHT,0.835880531415443,0.718036725587781,2.449489742783178,0.7981149066066675,4233,5778
IXI360,BRN-PUT,RIGHT,0.8856729377713459,0.7948051948051948,2.0,0.633751342217367,6248,7572
IXI360,BRN-PAL,RIGHT,0.8494825964252116,0.7383483237939493,1.4142135623730951,0.6730494036965007,2096,2156
IXI360,BRN-HIP,RIGHT,0.8350439106972807,0.716802906448683,2.23606797749979,0.7497143918829492,4254,5197
IXI360,BRN-AMY,RIGHT,0.701627486437613,0.5403899721448467,3.0,1.1954978907916922,1493,2378
IXI360,BRN-ACC,RIGHT,0.5391180654338549,0.36903602726387535,4.0,1.26650242851387,551,855
IXI360,BRN-VDC,RIGHT,0.8154059680777238,0.6883421206795548,2.449489742783178,0.9807212667272756,6230,5298
IXI361,BRN-CER-WM,LEFT,0.8892382671823786,0.8005661708624822,2.23606797749979,0.8792679556495935,302871,327455
IXI361,BRN-LAT-V,LEFT,0.8749646872704673,0.7777219766974689,1.0,0.5379993731677737,9750,7949
IXI361,BRN-INF-LAT-V,LEFT,0.6862745098039216,0.5223880597014925,2.0,0.5593941017970634,707,619
IXI361,BRN-CB-WM,LEFT,0.7930409568684306,0.6570570570570571,7.0,1.5066561022206484,19038,25106
IXI361,BRN-CB-EXT,LEFT,0.8348637941095175,0.7165375085666087,102.98616407034773,10.225051020794325,80258,82547
IXI361,BRN-THA,LEFT,0.8928727167013906,0.8064770240700219,2.23606797749979,0.8131186526346242,9743,10896
IXI361,BRN-CAU,LEFT,0.8233228608390316,0.699701586304382,2.449489742783178,0.8732846972846797,4465,6357
IXI361,BRN-PUT,LEFT,0.8744552811786678,0.7769174041297935,2.23606797749979,0.7014299714986728,6445,8012
IXI361,BRN-PAL,LEFT,0.8651182612401449,0.7622981599699586,2.0,0.6616537802037125,2255,2438
IXI361,BRN-3RD-VENTRICLE,NONE,0.49493670886075947,0.3288477712363331,9.643650760992955,2.362919090578763,2203,957
IXI361,BRN-4TH-VENTRICLE,NONE,0.8637433155080214,0.7601656626506024,1.4142135623730951,0.4688143499732201,2354,2321
IXI361,BRN-BST,NONE,0.8811957434892187,0.787622802077467,3.0,1.5492410246212898,25538,31598
IXI361,BRN-HIP,LEFT,0.8501962285823681,0.7394272394272394,2.8284271247461903,0.7040598213700104,4695,5752
IXI361,BRN-AMY,LEFT,0.6841823056300268,0.5199674001629991,3.7416573867739413,1.3777735186922997,1383,2347
IXI361,BRN-ACC,LEFT,0.6579727326615293,0.4902826855123675,3.7416573867739413,1.0480783945610532,698,989
IXI361,BRN-VDC,LEFT,0.8271504940871537,0.7052486187845304,2.449489742783178,0.8930537160877603,6622,5724
IXI361,BRN-CER-WM,RIGHT,0.8997573959985123,0.8177809082525728,1.7320508075688772,0.6921305844016626,319593,323018
IXI361,BRN-LAT-V,RIGHT,0.8743951475499216,0.7768224751755873,1.0,0.7392399723412814,7785,6888
IXI361,BRN-INF-LAT-V,RIGHT,0.6592427616926503,0.49169435215946844,1.7320508075688772,0.5642241557065765,703,644
IXI361,BRN-CB-WM,RIGHT,0.8078298425672225,0.677612870554322,6.324555320336759,1.3261613704043642,19383,23683
IXI361,BRN-CB-EXT,RIGHT,0.8144700504713837,0.6870092575857983,114.02477798981019,16.373825086315346,86993,81023
IXI361,BRN-THA,RIGHT,0.8930125281752896,0.806705180414812,2.0,0.7883485078829222,9214,9863
IXI361,BRN-CAU,RIGHT,0.8269980948924975,0.7050270688321733,2.23606797749979,0.8475771667955696,4576,6447
IXI361,BRN-PUT,RIGHT,0.8668414711926865,0.7649781113195747,2.23606797749979,0.7371878180495655,6248,7863
IXI361,BRN-PAL,RIGHT,0.8624188311688312,0.7581163039600428,2.0,0.657372988768437,2352,2576
IXI361,BRN-HIP,RIGHT,0.843951123962317,0.7300306599967726,2.23606797749979,0.7394285650550951,4861,5860
IXI361,BRN-AMY,RIGHT,0.6936304189876483,0.5309603262884687,3.605551275463989,1.2489946240834242,1488,2641
IXI361,BRN-ACC,RIGHT,0.623249299719888,0.4526958290946083,3.193147086205782,1.0343765237053086,568,860
IXI361,BRN-VDC,RIGHT,0.8145006402048656,0.6870527879033347,3.0,1.9026085000962882,6670,5826
