subject_id,model,model_version,canonical_id,preferred_name,laterality,voxel_count,volume_mm3,parent_id,category,ontology_level
IXI357,UNesT,0.2.7,BRN-3RD-VENTRICLE,3rd-Ventricle,NONE,3093,3093.0,BRN-VEN,anatomical_structure,1
IXI357,UNesT,0.2.7,BRN-4TH-VENTRICLE,4th-Ventricle,NONE,1534,1534.0,BRN-VEN,anatomical_structure,1
IXI357,UNesT,0.2.7,BRN-ACC,Accumbens-Area,RIGHT,194,194.0,BRN-DGM,anatomical_structure,1
IXI357,UNesT,0.2.7,BRN-AMY,Amygdala,RIGHT,1415,1415.0,BRN-DGM,deep_gray_matter,1
IXI357,UNesT,0.2.7,BRN-AMY,Amygdala,LEFT,977,977.0,BRN-DGM,deep_gray_matter,1
IXI357,UNesT,0.2.7,BRN-BST,Brain-Stem,NONE,20620,20620.0,BRN-BST-GRP,brainstem,1
IXI357,UNesT,0.2.7,BRN-CAU,Caudate,RIGHT,3149,3149.0,BRN-DGM,deep_gray_matter,1
IXI357,UNesT,0.2.7,BRN-CAU,Caudate,LEFT,2759,2759.0,BRN-DGM,deep_gray_matter,1
IXI357,UNesT,0.2.7,BRN-CB-EXT,Cerebellum-Exterior,RIGHT,65177,65177.0,BRN-CBL,anatomical_structure,1
IXI357,UNesT,0.2.7,BRN-CB-EXT,Cerebellum-Exterior,LEFT,64396,64396.0,BRN-CBL,anatomical_structure,1
IXI357,UNesT,0.2.7,BRN-CB-WM,Cerebellum-White-Matter,RIGHT,18392,18392.0,BRN-CBL,anatomical_structure,1
IXI357,UNesT,0.2.7,BRN-CB-WM,Cerebellum-White-Matter,LEFT,17758,17758.0,BRN-CBL,anatomical_structure,1
IXI357,UNesT,0.2.7,BRN-CER-WM,Cerebral-White-Matter,RIGHT,244176,244176.0,BRN-WM,anatomical_structure,1
IXI357,UNesT,0.2.7,BRN-CER-WM,Cerebral-White-Matter,LEFT,235162,235162.0,BRN-WM,anatomical_structure,1
IXI357,UNesT,0.2.7,BRN-HIP,Hippocampus,RIGHT,4792,4792.0,BRN-LIM,deep_gray_matter,1
IXI357,UNesT,0.2.7,BRN-HIP,Hippocampus,LEFT,4321,4321.0,BRN-LIM,deep_gray_matter,1
IXI357,UNesT,0.2.7,BRN-INF-LAT-V,Inf-Lat-Vent,RIGHT,740,740.0,BRN-VEN,anatomical_structure,1
IXI357,UNesT,0.2.7,BRN-INF-LAT-V,Inf-Lat-Vent,LEFT,704,704.0,BRN-VEN,anatomical_structure,1
IXI357,UNesT,0.2.7,BRN-LAT-V,Lateral-Ventricle,RIGHT,28202,28202.0,BRN-VEN,anatomical_structure,1
IXI357,UNesT,0.2.7,BRN-LAT-V,Lateral-Ventricle,LEFT,19233,19233.0,BRN-VEN,anatomical_structure,1
IXI357,UNesT,0.2.7,BRN-PAL,Pallidum,RIGHT,2041,2041.0,BRN-DGM,deep_gray_matter,1
IXI357,UNesT,0.2.7,BRN-PAL,Pallidum,LEFT,1665,1665.0,BRN-DGM,deep_gray_matter,1
IXI357,UNesT,0.2.7,BRN-PUT,Putamen,RIGHT,6132,6132.0,BRN-DGM,deep_gray_matter,1
IXI357,UNesT,0.2.7,BRN-PUT,Putamen,LEFT,4512,4512.0,BRN-DGM,deep_gray_matter,1
IXI357,UNesT,0.2.7,BRN-THA,Thalamus-Proper,RIGHT,8923,8923.0,BRN-DGM,deep_gray_matter,1
IXI357,UNesT,0.2.7,BRN-THA,Thalamus-Proper,LEFT,9309,9309.0,BRN-DGM,deep_gray_matter,1
IXI357,UNesT,0.2.7,BRN-VDC,Ventral-DC,RIGHT,6363,6363.0,BRN-DGM,anatomical_structure,1
IXI357,UNesT,0.2.7,BRN-VDC,Ventral-DC,LEFT,6209,6209.0,BRN-DGM,anatomical_structure,1
IXI357,UNesT,0.2.7,BRN-CEREBELLAR-VERMAL-LOBULES-I-V,Cerebellar-Vermal-Lobules-I-V,NONE,7794,7794.0,BRN-CBL,anatomical_structure,1
IXI357,UNesT,0.2.7,BRN-CEREBELLAR-VERMAL-LOBULES-VI-VII,Cerebellar-Vermal-Lobules-VI-VII,NONE,3713,3713.0,BRN-CBL,anatomical_structure,1
IXI357,UNesT,0.2.7,BRN-CEREBELLAR-VERMAL-LOBULES-VIII-X,Cerebellar-Vermal-Lobules-VIII-X,NONE,4355,4355.0,BRN-CBL,anatomical_structure,1
IXI357,UNesT,0.2.7,BRN-BASAL-FOREBRAIN,Basal-Forebrain,LEFT,445,445.0,BRN-DGM,anatomical_structure,1
IXI357,UNesT,0.2.7,BRN-BASAL-FOREBRAIN,Basal-Forebrain,RIGHT,499,499.0,BRN-DGM,anatomical_structure,1
IXI357,UNesT,0.2.7,BRN-ANTERIOR-CINGULATE-GYRUS,ACgG--anterior-cingulate-gyrus,RIGHT,9125,9125.0,BRN-LIM,anatomical_structure,4
IXI357,UNesT,0.2.7,BRN-ANTERIOR-CINGULATE-GYRUS,ACgG--anterior-cingulate-gyrus,LEFT,6199,6199.0,BRN-LIM,anatomical_structure,4
IXI357,UNesT,0.2.7,BRN-ANTERIOR-INSULA,AIns--anterior-insula,RIGHT,6677,6677.0,BRN-INS,anatomical_structure,4
IXI357,UNesT,0.2.7,BRN-ANTERIOR-INSULA,AIns--anterior-insula,LEFT,6615,6615.0,BRN-INS,anatomical_structure,4
IXI357,UNesT,0.2.7,BRN-ANTERIOR-ORBITAL-GYRUS,AOrG--anterior-orbital-gyrus,RIGHT,2979,2979.0,BRN-FRO,anatomical_structure,4
IXI357,UNesT,0.2.7,BRN-ANTERIOR-ORBITAL-GYRUS,AOrG--anterior-orbital-gyrus,LEFT,2527,2527.0,BRN-FRO,anatomical_structure,4
IXI357,UNesT,0.2.7,BRN-ANGULAR-GYRUS,AnG---angular-gyrus,RIGHT,15689,15689.0,BRN-PAR,anatomical_structure,4
IXI357,UNesT,0.2.7,BRN-ANGULAR-GYRUS,AnG---angular-gyrus,LEFT,15678,15678.0,BRN-PAR,anatomical_structure,4
IXI357,UNesT,0.2.7,BRN-CALCARINE-CORTEX,Calc--calcarine-cortex,RIGHT,5265,5265.0,BRN-OCC,anatomical_structure,4
IXI357,UNesT,0.2.7,BRN-CALCARINE-CORTEX,Calc--calcarine-cortex,LEFT,6393,6393.0,BRN-OCC,anatomical_structure,4
IXI357,UNesT,0.2.7,BRN-CENTRAL-OPERCULUM,CO----central-operculum,RIGHT,6064,6064.0,BRN-CER-COR,anatomical_structure,3
IXI357,UNesT,0.2.7,BRN-CENTRAL-OPERCULUM,CO----central-operculum,LEFT,6654,6654.0,BRN-CER-COR,anatomical_structure,3
IXI357,UNesT,0.2.7,BRN-CUNEUS,Cun---cuneus,RIGHT,7937,7937.0,BRN-CER-COR,anatomical_structure,1
IXI357,UNesT,0.2.7,BRN-CUNEUS,Cun---cuneus,LEFT,7724,7724.0,BRN-CER-COR,anatomical_structure,1
IXI357,UNesT,0.2.7,BRN-ENTORHINAL-AREA,Ent---entorhinal-area,RIGHT,3381,3381.0,BRN-LIM,anatomical_structure,1
IXI357,UNesT,0.2.7,BRN-ENTORHINAL-AREA,Ent---entorhinal-area,LEFT,3002,3002.0,BRN-LIM,anatomical_structure,1
IXI357,UNesT,0.2.7,BRN-FRONTAL-OPERCULUM,FO----frontal-operculum,RIGHT,2523,2523.0,BRN-FRO,anatomical_structure,4
IXI357,UNesT,0.2.7,BRN-FRONTAL-OPERCULUM,FO----frontal-operculum,LEFT,2807,2807.0,BRN-FRO,anatomical_structure,4
IXI357,UNesT,0.2.7,BRN-FRONTAL-POLE,FRP---frontal-pole,RIGHT,3997,3997.0,BRN-FRO,anatomical_structure,4
IXI357,UNesT,0.2.7,BRN-FRONTAL-POLE,FRP---frontal-pole,LEFT,3832,3832.0,BRN-FRO,anatomical_structure,4
IXI357,UNesT,0.2.7,BRN-FUSIFORM-GYRUS,FuG---fusiform-gyrus,RIGHT,9516,9516.0,BRN-TEM,anatomical_structure,4
IXI357,UNesT,0.2.7,BRN-FUSIFORM-GYRUS,FuG---fusiform-gyrus,LEFT,11688,11688.0,BRN-TEM,anatomical_structure,4
IXI357,UNesT,0.2.7,BRN-GYRUS-RECTUS,GRe---gyrus-rectus,RIGHT,2899,2899.0,BRN-FRO,anatomical_structure,4
IXI357,UNesT,0.2.7,BRN-GYRUS-RECTUS,GRe---gyrus-rectus,LEFT,2226,2226.0,BRN-FRO,anatomical_structure,4
IXI357,UNesT,0.2.7,BRN-INFERIOR-OCCIPITAL-GYRUS,IOG---inferior-occipital-gyrus,RIGHT,11235,11235.0,BRN-OCC,anatomical_structure,4
IXI357,UNesT,0.2.7,BRN-INFERIOR-OCCIPITAL-GYRUS,IOG---inferior-occipital-gyrus,LEFT,11468,11468.0,BRN-OCC,anatomical_structure,4
IXI357,UNesT,0.2.7,BRN-INFERIOR-TEMPORAL-GYRUS,ITG---inferior-temporal-gyrus,RIGHT,15240,15240.0,BRN-TEM,anatomical_structure,4
IXI357,UNesT,0.2.7,BRN-INFERIOR-TEMPORAL-GYRUS,ITG---inferior-temporal-gyrus,LEFT,20548,20548.0,BRN-TEM,anatomical_structure,4
IXI357,UNesT,0.2.7,BRN-LINGUAL-GYRUS,LiG---lingual-gyrus,RIGHT,14071,14071.0,BRN-OCC,anatomical_structure,4
IXI357,UNesT,0.2.7,BRN-LINGUAL-GYRUS,LiG---lingual-gyrus,LEFT,15096,15096.0,BRN-OCC,anatomical_structure,4
IXI357,UNesT,0.2.7,BRN-LATERAL-ORBITAL-GYRUS,LOrG--lateral-orbital-gyrus,RIGHT,3232,3232.0,BRN-FRO,anatomical_structure,4
IXI357,UNesT,0.2.7,BRN-LATERAL-ORBITAL-GYRUS,LOrG--lateral-orbital-gyrus,LEFT,3497,3497.0,BRN-FRO,anatomical_structure,4
IXI357,UNesT,0.2.7,BRN-MIDDLE-CINGULATE-GYRUS,MCgG--middle-cingulate-gyrus,RIGHT,8598,8598.0,BRN-LIM,anatomical_structure,4
IXI357,UNesT,0.2.7,BRN-MIDDLE-CINGULATE-GYRUS,MCgG--middle-cingulate-gyrus,LEFT,7443,7443.0,BRN-LIM,anatomical_structure,4
IXI357,UNesT,0.2.7,BRN-MEDIAL-FRONTAL-CORTEX,MFC---medial-frontal-cortex,RIGHT,3442,3442.0,BRN-FRO,anatomical_structure,4
IXI357,UNesT,0.2.7,BRN-MEDIAL-FRONTAL-CORTEX,MFC---medial-frontal-cortex,LEFT,2035,2035.0,BRN-FRO,anatomical_structure,4
IXI357,UNesT,0.2.7,BRN-MIDDLE-FRONTAL-GYRUS,MFG---middle-frontal-gyrus,RIGHT,33691,33691.0,BRN-FRO,anatomical_structure,4
IXI357,UNesT,0.2.7,BRN-MIDDLE-FRONTAL-GYRUS,MFG---middle-frontal-gyrus,LEFT,32193,32193.0,BRN-FRO,anatomical_structure,4
IXI357,UNesT,0.2.7,BRN-MIDDLE-OCCIPITAL-GYRUS,MOG---middle-occipital-gyrus,RIGHT,8622,8622.0,BRN-OCC,anatomical_structure,4
IXI357,UNesT,0.2.7,BRN-MIDDLE-OCCIPITAL-GYRUS,MOG---middle-occipital-gyrus,LEFT,8576,8576.0,BRN-OCC,anatomical_structure,4
IXI357,UNesT,0.2.7,BRN-MEDIAL-ORBITAL-GYRUS,MOrG--medial-orbital-gyrus,RIGHT,4298,4298.0,BRN-FRO,anatomical_structure,4
IXI357,UNesT,0.2.7,BRN-MEDIAL-ORBITAL-GYRUS,MOrG--medial-orbital-gyrus,LEFT,4272,4272.0,BRN-FRO,anatomical_structure,4
IXI357,UNesT,0.2.7,BRN-POG-MED,"Postcentral Gyrus, Medial Segment",RIGHT,1481,1481.0,BRN-PAR,cortical_subregion,4
IXI357,UNesT,0.2.7,BRN-POG-MED,"Postcentral Gyrus, Medial Segment",LEFT,1729,1729.0,BRN-PAR,cortical_subregion,4
IXI357,UNesT,0.2.7,BRN-PRG-MED,"Precentral Gyrus, Medial Segment",RIGHT,3975,3975.0,BRN-FRO,cortical_subregion,4
IXI357,UNesT,0.2.7,BRN-PRG-MED,"Precentral Gyrus, Medial Segment",LEFT,3916,3916.0,BRN-FRO,cortical_subregion,4
IXI357,UNesT,0.2.7,BRN-SUPERIOR-FRONTAL-GYRUS,MSFG--superior-frontal-gyrus,RIGHT,40855,40855.0,BRN-FRO,anatomical_structure,4
IXI357,UNesT,0.2.7,BRN-SUPERIOR-FRONTAL-GYRUS,MSFG--superior-frontal-gyrus,LEFT,38823,38823.0,BRN-FRO,anatomical_structure,4
IXI357,UNesT,0.2.7,BRN-MIDDLE-TEMPORAL-GYRUS,MTG---middle-temporal-gyrus,RIGHT,22351,22351.0,BRN-TEM,anatomical_structure,4
IXI357,UNesT,0.2.7,BRN-MIDDLE-TEMPORAL-GYRUS,MTG---middle-temporal-gyrus,LEFT,20895,20895.0,BRN-TEM,anatomical_structure,4
IXI357,UNesT,0.2.7,BRN-OCCIPITAL-POLE,OCP---occipital-pole,RIGHT,7951,7951.0,BRN-OCC,anatomical_structure,4
IXI357,UNesT,0.2.7,BRN-OCCIPITAL-POLE,OCP---occipital-pole,LEFT,6673,6673.0,BRN-OCC,anatomical_structure,4
IXI357,UNesT,0.2.7,BRN-OCCIPITAL-FUSIFORM-GYRUS,OFuG--occipital-fusiform-gyrus,RIGHT,8461,8461.0,BRN-OCC,anatomical_structure,4
IXI357,UNesT,0.2.7,BRN-OCCIPITAL-FUSIFORM-GYRUS,OFuG--occipital-fusiform-gyrus,LEFT,7966,7966.0,BRN-OCC,anatomical_structure,4
IXI357,UNesT,0.2.7,BRN-OPIFG-OPERCULAR-PART-OF-THE-IFG,OpIFG-opercular-part-of-the-IFG,RIGHT,4869,4869.0,BRN-CER-COR,anatomical_structure,1
IXI357,UNesT,0.2.7,BRN-OPIFG-OPERCULAR-PART-OF-THE-IFG,OpIFG-opercular-part-of-the-IFG,LEFT,4857,4857.0,BRN-CER-COR,anatomical_structure,1
IXI357,UNesT,0.2.7,BRN-ORIFG-ORBITAL-PART-OF-THE-IFG,OrIFG-orbital-part-of-the-IFG,RIGHT,1599,1599.0,BRN-CER-COR,anatomical_structure,1
IXI357,UNesT,0.2.7,BRN-ORIFG-ORBITAL-PART-OF-THE-IFG,OrIFG-orbital-part-of-the-IFG,LEFT,3350,3350.0,BRN-CER-COR,anatomical_structure,1
IXI357,UNesT,0.2.7,BRN-POSTERIOR-CINGULATE-GYRUS,PCgG--posterior-cingulate-gyrus,RIGHT,6402,6402.0,BRN-LIM,anatomical_structure,4
IXI357,UNesT,0.2.7,BRN-POSTERIOR-CINGULATE-GYRUS,PCgG--posterior-cingulate-gyrus,LEFT,6328,6328.0,BRN-LIM,anatomical_structure,4
IXI357,UNesT,0.2.7,BRN-PCU,PCu---precuneus,RIGHT,18101,18101.0,BRN-PAR,cortical_structure,4
IXI357,UNesT,0.2.7,BRN-PCU,PCu---precuneus,LEFT,19171,19171.0,BRN-PAR,cortical_structure,4
IXI357,UNesT,0.2.7,BRN-PARAHIPPOCAMPAL-GYRUS,PHG---parahippocampal-gyrus,RIGHT,3368,3368.0,BRN-LIM,anatomical_structure,4
IXI357,UNesT,0.2.7,BRN-PARAHIPPOCAMPAL-GYRUS,PHG---parahippocampal-gyrus,LEFT,3351,3351.0,BRN-LIM,anatomical_structure,4
IXI357,UNesT,0.2.7,BRN-POSTERIOR-INSULA,PIns--posterior-insula,RIGHT,3279,3279.0,BRN-INS,anatomical_structure,4
IXI357,UNesT,0.2.7,BRN-POSTERIOR-INSULA,PIns--posterior-insula,LEFT,2953,2953.0,BRN-INS,anatomical_structure,4
IXI357,UNesT,0.2.7,BRN-PARIETAL-OPERCULUM,PO----parietal-operculum,RIGHT,4777,4777.0,BRN-PAR,anatomical_structure,4
IXI357,UNesT,0.2.7,BRN-PARIETAL-OPERCULUM,PO----parietal-operculum,LEFT,3865,3865.0,BRN-PAR,anatomical_structure,4
IXI357,UNesT,0.2.7,BRN-POG,MPoG--postcentral-gyrus,RIGHT,21822,21822.0,BRN-PAR,cortical_structure,4
IXI357,UNesT,0.2.7,BRN-POG,MPoG--postcentral-gyrus,LEFT,21865,21865.0,BRN-PAR,cortical_structure,4
IXI357,UNesT,0.2.7,BRN-POSTERIOR-ORBITAL-GYRUS,POrG--posterior-orbital-gyrus,RIGHT,4622,4622.0,BRN-FRO,anatomical_structure,4
IXI357,UNesT,0.2.7,BRN-POSTERIOR-ORBITAL-GYRUS,POrG--posterior-orbital-gyrus,LEFT,3959,3959.0,BRN-FRO,anatomical_structure,4
IXI357,UNesT,0.2.7,BRN-PLANUM-POLARE,PP----planum-polare,RIGHT,3127,3127.0,BRN-TEM,anatomical_structure,4
IXI357,UNesT,0.2.7,BRN-PLANUM-POLARE,PP----planum-polare,LEFT,3593,3593.0,BRN-TEM,anatomical_structure,4
IXI357,UNesT,0.2.7,BRN-PRG,MPrG--precentral-gyrus,RIGHT,25540,25540.0,BRN-FRO,cortical_structure,4
IXI357,UNesT,0.2.7,BRN-PRG,MPrG--precentral-gyrus,LEFT,27307,27307.0,BRN-FRO,cortical_structure,4
IXI357,UNesT,0.2.7,BRN-PLANUM-TEMPORALE,PT----planum-temporale,RIGHT,3240,3240.0,BRN-TEM,anatomical_structure,4
IXI357,UNesT,0.2.7,BRN-PLANUM-TEMPORALE,PT----planum-temporale,LEFT,4009,4009.0,BRN-TEM,anatomical_structure,4
IXI357,UNesT,0.2.7,BRN-SUBCALLOSAL-AREA,SCA---subcallosal-area,RIGHT,921,921.0,BRN-LIM,anatomical_structure,4
IXI357,UNesT,0.2.7,BRN-SUBCALLOSAL-AREA,SCA---subcallosal-area,LEFT,423,423.0,BRN-LIM,anatomical_structure,4
IXI357,UNesT,0.2.7,BRN-SUPPLEMENTARY-MOTOR-CORTEX,SMC---supplementary-motor-cortex,RIGHT,9343,9343.0,BRN-FRO,anatomical_structure,4
IXI357,UNesT,0.2.7,BRN-SUPPLEMENTARY-MOTOR-CORTEX,SMC---supplementary-motor-cortex,LEFT,11901,11901.0,BRN-FRO,anatomical_structure,4
IXI357,UNesT,0.2.7,BRN-SUPRAMARGINAL-GYRUS,SMG---supramarginal-gyrus,RIGHT,15090,15090.0,BRN-PAR,anatomical_structure,4
IXI357,UNesT,0.2.7,BRN-SUPRAMARGINAL-GYRUS,SMG---supramarginal-gyrus,LEFT,19188,19188.0,BRN-PAR,anatomical_structure,4
IXI357,UNesT,0.2.7,BRN-SUPERIOR-OCCIPITAL-GYRUS,SOG---superior-occipital-gyrus,RIGHT,8164,8164.0,BRN-OCC,anatomical_structure,4
IXI357,UNesT,0.2.7,BRN-SUPERIOR-OCCIPITAL-GYRUS,SOG---superior-occipital-gyrus,LEFT,5878,5878.0,BRN-OCC,anatomical_structure,4
IXI357,UNesT,0.2.7,BRN-SUPERIOR-PARIETAL-LOBULE,SPL---superior-parietal-lobule,RIGHT,20045,20045.0,BRN-CER-COR,anatomical_structure,1
IXI357,UNesT,0.2.7,BRN-SUPERIOR-PARIETAL-LOBULE,SPL---superior-parietal-lobule,LEFT,21032,21032.0,BRN-CER-COR,anatomical_structure,1
IXI357,UNesT,0.2.7,BRN-SUPERIOR-TEMPORAL-GYRUS,STG---superior-temporal-gyrus,RIGHT,9956,9956.0,BRN-TEM,anatomical_structure,4
IXI357,UNesT,0.2.7,BRN-SUPERIOR-TEMPORAL-GYRUS,STG---superior-temporal-gyrus,LEFT,12302,12302.0,BRN-TEM,anatomical_structure,4
IXI357,UNesT,0.2.7,BRN-TEMPORAL-POLE,TMP---temporal-pole,RIGHT,11418,11418.0,BRN-TEM,anatomical_structure,4
IXI357,UNesT,0.2.7,BRN-TEMPORAL-POLE,TMP---temporal-pole,LEFT,11500,11500.0,BRN-TEM,anatomical_structure,4
IXI357,UNesT,0.2.7,BRN-TRIFG-TRIANGULAR-PART-OF-THE-IFG,TrIFG-triangular-part-of-the-IFG,RIGHT,6208,6208.0,BRN-CER-COR,anatomical_structure,1
IXI357,UNesT,0.2.7,BRN-TRIFG-TRIANGULAR-PART-OF-THE-IFG,TrIFG-triangular-part-of-the-IFG,LEFT,5744,5744.0,BRN-CER-COR,anatomical_structure,1
IXI357,UNesT,0.2.7,BRN-TRANSVERSE-TEMPORAL-GYRUS,TTG---transverse-temporal-gyrus,RIGHT,2816,2816.0,BRN-TEM,anatomical_structure,4
IXI357,UNesT,0.2.7,BRN-TRANSVERSE-TEMPORAL-GYRUS,TTG---transverse-temporal-gyrus,LEFT,3239,3239.0,BRN-TEM,anatomical_structure,4
IXI312,UNesT,0.2.7,BRN-3RD-VENTRICLE,3rd-Ventricle,NONE,2449,2449.0,BRN-VEN,anatomical_structure,1
IXI312,UNesT,0.2.7,BRN-4TH-VENTRICLE,4th-Ventricle,NONE,1497,1497.0,BRN-VEN,anatomical_structure,1
IXI312,UNesT,0.2.7,BRN-ACC,Accumbens-Area,RIGHT,523,523.0,BRN-DGM,anatomical_structure,1
IXI312,UNesT,0.2.7,BRN-ACC,Accumbens-Area,LEFT,590,590.0,BRN-DGM,anatomical_structure,1
IXI312,UNesT,0.2.7,BRN-AMY,Amygdala,RIGHT,1579,1579.0,BRN-DGM,deep_gray_matter,1
IXI312,UNesT,0.2.7,BRN-AMY,Amygdala,LEFT,1607,1607.0,BRN-DGM,deep_gray_matter,1
IXI312,UNesT,0.2.7,BRN-BST,Brain-Stem,NONE,24090,24090.0,BRN-BST-GRP,brainstem,1
IXI312,UNesT,0.2.7,BRN-CAU,Caudate,RIGHT,3921,3921.0,BRN-DGM,deep_gray_matter,1
IXI312,UNesT,0.2.7,BRN-CAU,Caudate,LEFT,3651,3651.0,BRN-DGM,deep_gray_matter,1
IXI312,UNesT,0.2.7,BRN-CB-EXT,Cerebellum-Exterior,RIGHT,73040,73040.0,BRN-CBL,anatomical_structure,1
IXI312,UNesT,0.2.7,BRN-CB-EXT,Cerebellum-Exterior,LEFT,71397,71397.0,BRN-CBL,anatomical_structure,1
IXI312,UNesT,0.2.7,BRN-CB-WM,Cerebellum-White-Matter,RIGHT,18868,18868.0,BRN-CBL,anatomical_structure,1
IXI312,UNesT,0.2.7,BRN-CB-WM,Cerebellum-White-Matter,LEFT,18462,18462.0,BRN-CBL,anatomical_structure,1
IXI312,UNesT,0.2.7,BRN-CER-WM,Cerebral-White-Matter,RIGHT,273933,273933.0,BRN-WM,anatomical_structure,1
IXI312,UNesT,0.2.7,BRN-CER-WM,Cerebral-White-Matter,LEFT,259452,259452.0,BRN-WM,anatomical_structure,1
IXI312,UNesT,0.2.7,BRN-HIP,Hippocampus,RIGHT,4859,4859.0,BRN-LIM,deep_gray_matter,1
IXI312,UNesT,0.2.7,BRN-HIP,Hippocampus,LEFT,4748,4748.0,BRN-LIM,deep_gray_matter,1
IXI312,UNesT,0.2.7,BRN-INF-LAT-V,Inf-Lat-Vent,RIGHT,405,405.0,BRN-VEN,anatomical_structure,1
IXI312,UNesT,0.2.7,BRN-INF-LAT-V,Inf-Lat-Vent,LEFT,837,837.0,BRN-VEN,anatomical_structure,1
IXI312,UNesT,0.2.7,BRN-LAT-V,Lateral-Ventricle,RIGHT,7813,7813.0,BRN-VEN,anatomical_structure,1
IXI312,UNesT,0.2.7,BRN-LAT-V,Lateral-Ventricle,LEFT,8929,8929.0,BRN-VEN,anatomical_structure,1
IXI312,UNesT,0.2.7,BRN-PAL,Pallidum,RIGHT,1848,1848.0,BRN-DGM,deep_gray_matter,1
IXI312,UNesT,0.2.7,BRN-PAL,Pallidum,LEFT,1823,1823.0,BRN-DGM,deep_gray_matter,1
IXI312,UNesT,0.2.7,BRN-PUT,Putamen,RIGHT,5225,5225.0,BRN-DGM,deep_gray_matter,1
IXI312,UNesT,0.2.7,BRN-PUT,Putamen,LEFT,5385,5385.0,BRN-DGM,deep_gray_matter,1
IXI312,UNesT,0.2.7,BRN-THA,Thalamus-Proper,RIGHT,9401,9401.0,BRN-DGM,deep_gray_matter,1
IXI312,UNesT,0.2.7,BRN-THA,Thalamus-Proper,LEFT,9669,9669.0,BRN-DGM,deep_gray_matter,1
IXI312,UNesT,0.2.7,BRN-VDC,Ventral-DC,RIGHT,6370,6370.0,BRN-DGM,anatomical_structure,1
IXI312,UNesT,0.2.7,BRN-VDC,Ventral-DC,LEFT,6598,6598.0,BRN-DGM,anatomical_structure,1
IXI312,UNesT,0.2.7,BRN-CEREBELLAR-VERMAL-LOBULES-I-V,Cerebellar-Vermal-Lobules-I-V,NONE,6952,6952.0,BRN-CBL,anatomical_structure,1
IXI312,UNesT,0.2.7,BRN-CEREBELLAR-VERMAL-LOBULES-VI-VII,Cerebellar-Vermal-Lobules-VI-VII,NONE,3025,3025.0,BRN-CBL,anatomical_structure,1
IXI312,UNesT,0.2.7,BRN-CEREBELLAR-VERMAL-LOBULES-VIII-X,Cerebellar-Vermal-Lobules-VIII-X,NONE,3699,3699.0,BRN-CBL,anatomical_structure,1
IXI312,UNesT,0.2.7,BRN-BASAL-FOREBRAIN,Basal-Forebrain,LEFT,720,720.0,BRN-DGM,anatomical_structure,1
IXI312,UNesT,0.2.7,BRN-BASAL-FOREBRAIN,Basal-Forebrain,RIGHT,683,683.0,BRN-DGM,anatomical_structure,1
IXI312,UNesT,0.2.7,BRN-ANTERIOR-CINGULATE-GYRUS,ACgG--anterior-cingulate-gyrus,RIGHT,6542,6542.0,BRN-LIM,anatomical_structure,4
IXI312,UNesT,0.2.7,BRN-ANTERIOR-CINGULATE-GYRUS,ACgG--anterior-cingulate-gyrus,LEFT,5518,5518.0,BRN-LIM,anatomical_structure,4
IXI312,UNesT,0.2.7,BRN-ANTERIOR-INSULA,AIns--anterior-insula,RIGHT,6147,6147.0,BRN-INS,anatomical_structure,4
IXI312,UNesT,0.2.7,BRN-ANTERIOR-INSULA,AIns--anterior-insula,LEFT,6543,6543.0,BRN-INS,anatomical_structure,4
IXI312,UNesT,0.2.7,BRN-ANTERIOR-ORBITAL-GYRUS,AOrG--anterior-orbital-gyrus,RIGHT,2518,2518.0,BRN-FRO,anatomical_structure,4
IXI312,UNesT,0.2.7,BRN-ANTERIOR-ORBITAL-GYRUS,AOrG--anterior-orbital-gyrus,LEFT,2533,2533.0,BRN-FRO,anatomical_structure,4
IXI312,UNesT,0.2.7,BRN-ANGULAR-GYRUS,AnG---angular-gyrus,RIGHT,12059,12059.0,BRN-PAR,anatomical_structure,4
IXI312,UNesT,0.2.7,BRN-ANGULAR-GYRUS,AnG---angular-gyrus,LEFT,9691,9691.0,BRN-PAR,anatomical_structure,4
IXI312,UNesT,0.2.7,BRN-CALCARINE-CORTEX,Calc--calcarine-cortex,RIGHT,6074,6074.0,BRN-OCC,anatomical_structure,4
IXI312,UNesT,0.2.7,BRN-CALCARINE-CORTEX,Calc--calcarine-cortex,LEFT,6079,6079.0,BRN-OCC,anatomical_structure,4
IXI312,UNesT,0.2.7,BRN-CENTRAL-OPERCULUM,CO----central-operculum,RIGHT,5495,5495.0,BRN-CER-COR,anatomical_structure,3
IXI312,UNesT,0.2.7,BRN-CENTRAL-OPERCULUM,CO----central-operculum,LEFT,5561,5561.0,BRN-CER-COR,anatomical_structure,3
IXI312,UNesT,0.2.7,BRN-CUNEUS,Cun---cuneus,RIGHT,7418,7418.0,BRN-CER-COR,anatomical_structure,1
IXI312,UNesT,0.2.7,BRN-CUNEUS,Cun---cuneus,LEFT,5745,5745.0,BRN-CER-COR,anatomical_structure,1
IXI312,UNesT,0.2.7,BRN-ENTORHINAL-AREA,Ent---entorhinal-area,RIGHT,3423,3423.0,BRN-LIM,anatomical_structure,1
IXI312,UNesT,0.2.7,BRN-ENTORHINAL-AREA,Ent---entorhinal-area,LEFT,3072,3072.0,BRN-LIM,anatomical_structure,1
IXI312,UNesT,0.2.7,BRN-FRONTAL-OPERCULUM,FO----frontal-operculum,RIGHT,2437,2437.0,BRN-FRO,anatomical_structure,4
IXI312,UNesT,0.2.7,BRN-FRONTAL-OPERCULUM,FO----frontal-operculum,LEFT,2633,2633.0,BRN-FRO,anatomical_structure,4
IXI312,UNesT,0.2.7,BRN-FRONTAL-POLE,FRP---frontal-pole,RIGHT,4272,4272.0,BRN-FRO,anatomical_structure,4
IXI312,UNesT,0.2.7,BRN-FRONTAL-POLE,FRP---frontal-pole,LEFT,3960,3960.0,BRN-FRO,anatomical_structure,4
IXI312,UNesT,0.2.7,BRN-FUSIFORM-GYRUS,FuG---fusiform-gyrus,RIGHT,8442,8442.0,BRN-TEM,anatomical_structure,4
IXI312,UNesT,0.2.7,BRN-FUSIFORM-GYRUS,FuG---fusiform-gyrus,LEFT,9759,9759.0,BRN-TEM,anatomical_structure,4
IXI312,UNesT,0.2.7,BRN-GYRUS-RECTUS,GRe---gyrus-rectus,RIGHT,2744,2744.0,BRN-FRO,anatomical_structure,4
IXI312,UNesT,0.2.7,BRN-GYRUS-RECTUS,GRe---gyrus-rectus,LEFT,2922,2922.0,BRN-FRO,anatomical_structure,4
IXI312,UNesT,0.2.7,BRN-INFERIOR-OCCIPITAL-GYRUS,IOG---inferior-occipital-gyrus,RIGHT,8129,8129.0,BRN-OCC,anatomical_structure,4
IXI312,UNesT,0.2.7,BRN-INFERIOR-OCCIPITAL-GYRUS,IOG---inferior-occipital-gyrus,LEFT,8473,8473.0,BRN-OCC,anatomical_structure,4
IXI312,UNesT,0.2.7,BRN-INFERIOR-TEMPORAL-GYRUS,ITG---inferior-temporal-gyrus,RIGHT,16701,16701.0,BRN-TEM,anatomical_structure,4
IXI312,UNesT,0.2.7,BRN-INFERIOR-TEMPORAL-GYRUS,ITG---inferior-temporal-gyrus,LEFT,17357,17357.0,BRN-TEM,anatomical_structure,4
IXI312,UNesT,0.2.7,BRN-LINGUAL-GYRUS,LiG---lingual-gyrus,RIGHT,11844,11844.0,BRN-OCC,anatomical_structure,4
IXI312,UNesT,0.2.7,BRN-LINGUAL-GYRUS,LiG---lingual-gyrus,LEFT,11669,11669.0,BRN-OCC,anatomical_structure,4
IXI312,UNesT,0.2.7,BRN-LATERAL-ORBITAL-GYRUS,LOrG--lateral-orbital-gyrus,RIGHT,4256,4256.0,BRN-FRO,anatomical_structure,4
IXI312,UNesT,0.2.7,BRN-LATERAL-ORBITAL-GYRUS,LOrG--lateral-orbital-gyrus,LEFT,3611,3611.0,BRN-FRO,anatomical_structure,4
IXI312,UNesT,0.2.7,BRN-MIDDLE-CINGULATE-GYRUS,MCgG--middle-cingulate-gyrus,RIGHT,5952,5952.0,BRN-LIM,anatomical_structure,4
IXI312,UNesT,0.2.7,BRN-MIDDLE-CINGULATE-GYRUS,MCgG--middle-cingulate-gyrus,LEFT,6522,6522.0,BRN-LIM,anatomical_structure,4
IXI312,UNesT,0.2.7,BRN-MEDIAL-FRONTAL-CORTEX,MFC---medial-frontal-cortex,RIGHT,3143,3143.0,BRN-FRO,anatomical_structure,4
IXI312,UNesT,0.2.7,BRN-MEDIAL-FRONTAL-CORTEX,MFC---medial-frontal-cortex,LEFT,2775,2775.0,BRN-FRO,anatomical_structure,4
IXI312,UNesT,0.2.7,BRN-MIDDLE-FRONTAL-GYRUS,MFG---middle-frontal-gyrus,RIGHT,26791,26791.0,BRN-FRO,anatomical_structure,4
IXI312,UNesT,0.2.7,BRN-MIDDLE-FRONTAL-GYRUS,MFG---middle-frontal-gyrus,LEFT,28109,28109.0,BRN-FRO,anatomical_structure,4
IXI312,UNesT,0.2.7,BRN-MIDDLE-OCCIPITAL-GYRUS,MOG---middle-occipital-gyrus,RIGHT,7877,7877.0,BRN-OCC,anatomical_structure,4
IXI312,UNesT,0.2.7,BRN-MIDDLE-OCCIPITAL-GYRUS,MOG---middle-occipital-gyrus,LEFT,7498,7498.0,BRN-OCC,anatomical_structure,4
IXI312,UNesT,0.2.7,BRN-MEDIAL-ORBITAL-GYRUS,MOrG--medial-orbital-gyrus,RIGHT,5676,5676.0,BRN-FRO,anatomical_structure,4
IXI312,UNesT,0.2.7,BRN-MEDIAL-ORBITAL-GYRUS,MOrG--medial-orbital-gyrus,LEFT,5593,5593.0,BRN-FRO,anatomical_structure,4
IXI312,UNesT,0.2.7,BRN-POG-MED,"Postcentral Gyrus, Medial Segment",RIGHT,1612,1612.0,BRN-PAR,cortical_subregion,4
IXI312,UNesT,0.2.7,BRN-POG-MED,"Postcentral Gyrus, Medial Segment",LEFT,1993,1993.0,BRN-PAR,cortical_subregion,4
IXI312,UNesT,0.2.7,BRN-PRG-MED,"Precentral Gyrus, Medial Segment",RIGHT,3183,3183.0,BRN-FRO,cortical_subregion,4
IXI312,UNesT,0.2.7,BRN-PRG-MED,"Precentral Gyrus, Medial Segment",LEFT,3339,3339.0,BRN-FRO,cortical_subregion,4
IXI312,UNesT,0.2.7,BRN-SUPERIOR-FRONTAL-GYRUS,MSFG--superior-frontal-gyrus,RIGHT,28510,28510.0,BRN-FRO,anatomical_structure,4
IXI312,UNesT,0.2.7,BRN-SUPERIOR-FRONTAL-GYRUS,MSFG--superior-frontal-gyrus,LEFT,29091,29091.0,BRN-FRO,anatomical_structure,4
IXI312,UNesT,0.2.7,BRN-MIDDLE-TEMPORAL-GYRUS,MTG---middle-temporal-gyrus,RIGHT,19389,19389.0,BRN-TEM,anatomical_structure,4
IXI312,UNesT,0.2.7,BRN-MIDDLE-TEMPORAL-GYRUS,MTG---middle-temporal-gyrus,LEFT,16284,16284.0,BRN-TEM,anatomical_structure,4
IXI312,UNesT,0.2.7,BRN-OCCIPITAL-POLE,OCP---occipital-pole,RIGHT,5257,5257.0,BRN-OCC,anatomical_structure,4
IXI312,UNesT,0.2.7,BRN-OCCIPITAL-POLE,OCP---occipital-pole,LEFT,5116,5116.0,BRN-OCC,anatomical_structure,4
IXI312,UNesT,0.2.7,BRN-OCCIPITAL-FUSIFORM-GYRUS,OFuG--occipital-fusiform-gyrus,RIGHT,6607,6607.0,BRN-OCC,anatomical_structure,4
IXI312,UNesT,0.2.7,BRN-OCCIPITAL-FUSIFORM-GYRUS,OFuG--occipital-fusiform-gyrus,LEFT,6598,6598.0,BRN-OCC,anatomical_structure,4
IXI312,UNesT,0.2.7,BRN-OPIFG-OPERCULAR-PART-OF-THE-IFG,OpIFG-opercular-part-of-the-IFG,RIGHT,5426,5426.0,BRN-CER-COR,anatomical_structure,1
IXI312,UNesT,0.2.7,BRN-OPIFG-OPERCULAR-PART-OF-THE-IFG,OpIFG-opercular-part-of-the-IFG,LEFT,5230,5230.0,BRN-CER-COR,anatomical_structure,1
IXI312,UNesT,0.2.7,BRN-ORIFG-ORBITAL-PART-OF-THE-IFG,OrIFG-orbital-part-of-the-IFG,RIGHT,3639,3639.0,BRN-CER-COR,anatomical_structure,1
IXI312,UNesT,0.2.7,BRN-ORIFG-ORBITAL-PART-OF-THE-IFG,OrIFG-orbital-part-of-the-IFG,LEFT,3485,3485.0,BRN-CER-COR,anatomical_structure,1
IXI312,UNesT,0.2.7,BRN-POSTERIOR-CINGULATE-GYRUS,PCgG--posterior-cingulate-gyrus,RIGHT,6715,6715.0,BRN-LIM,anatomical_structure,4
IXI312,UNesT,0.2.7,BRN-POSTERIOR-CINGULATE-GYRUS,PCgG--posterior-cingulate-gyrus,LEFT,5870,5870.0,BRN-LIM,anatomical_structure,4
IXI312,UNesT,0.2.7,BRN-PCU,PCu---precuneus,RIGHT,11240,11240.0,BRN-PAR,cortical_structure,4
IXI312,UNesT,0.2.7,BRN-PCU,PCu---precuneus,LEFT,14755,14755.0,BRN-PAR,cortical_structure,4
IXI312,UNesT,0.2.7,BRN-PARAHIPPOCAMPAL-GYRUS,PHG---parahippocampal-gyrus,RIGHT,4163,4163.0,BRN-LIM,anatomical_structure,4
IXI312,UNesT,0.2.7,BRN-PARAHIPPOCAMPAL-GYRUS,PHG---parahippocampal-gyrus,LEFT,4046,4046.0,BRN-LIM,anatomical_structure,4
IXI312,UNesT,0.2.7,BRN-POSTERIOR-INSULA,PIns--posterior-insula,RIGHT,2953,2953.0,BRN-INS,anatomical_structure,4
IXI312,UNesT,0.2.7,BRN-POSTERIOR-INSULA,PIns--posterior-insula,LEFT,2759,2759.0,BRN-INS,anatomical_structure,4
IXI312,UNesT,0.2.7,BRN-PARIETAL-OPERCULUM,PO----parietal-operculum,RIGHT,3612,3612.0,BRN-PAR,anatomical_structure,4
IXI312,UNesT,0.2.7,BRN-PARIETAL-OPERCULUM,PO----parietal-operculum,LEFT,4411,4411.0,BRN-PAR,anatomical_structure,4
IXI312,UNesT,0.2.7,BRN-POG,MPoG--postcentral-gyrus,RIGHT,13665,13665.0,BRN-PAR,cortical_structure,4
IXI312,UNesT,0.2.7,BRN-POG,MPoG--postcentral-gyrus,LEFT,15761,15761.0,BRN-PAR,cortical_structure,4
IXI312,UNesT,0.2.7,BRN-POSTERIOR-ORBITAL-GYRUS,POrG--posterior-orbital-gyrus,RIGHT,4882,4882.0,BRN-FRO,anatomical_structure,4
IXI312,UNesT,0.2.7,BRN-POSTERIOR-ORBITAL-GYRUS,POrG--posterior-orbital-gyrus,LEFT,5307,5307.0,BRN-FRO,anatomical_structure,4
IXI312,UNesT,0.2.7,BRN-PLANUM-POLARE,PP----planum-polare,RIGHT,2125,2125.0,BRN-TEM,anatomical_structure,4
IXI312,UNesT,0.2.7,BRN-PLANUM-POLARE,PP----planum-polare,LEFT,2694,2694.0,BRN-TEM,anatomical_structure,4
IXI312,UNesT,0.2.7,BRN-PRG,MPrG--precentral-gyrus,RIGHT,18598,18598.0,BRN-FRO,cortical_structure,4
IXI312,UNesT,0.2.7,BRN-PRG,MPrG--precentral-gyrus,LEFT,20936,20936.0,BRN-FRO,cortical_structure,4
IXI312,UNesT,0.2.7,BRN-PLANUM-TEMPORALE,PT----planum-temporale,RIGHT,3155,3155.0,BRN-TEM,anatomical_structure,4
IXI312,UNesT,0.2.7,BRN-PLANUM-TEMPORALE,PT----planum-temporale,LEFT,3681,3681.0,BRN-TEM,anatomical_structure,4
IXI312,UNesT,0.2.7,BRN-SUBCALLOSAL-AREA,SCA---subcallosal-area,RIGHT,1691,1691.0,BRN-LIM,anatomical_structure,4
IXI312,UNesT,0.2.7,BRN-SUBCALLOSAL-AREA,SCA---subcallosal-area,LEFT,1524,1524.0,BRN-LIM,anatomical_structure,4
IXI312,UNesT,0.2.7,BRN-SUPPLEMENTARY-MOTOR-CORTEX,SMC---supplementary-motor-cortex,RIGHT,6511,6511.0,BRN-FRO,anatomical_structure,4
IXI312,UNesT,0.2.7,BRN-SUPPLEMENTARY-MOTOR-CORTEX,SMC---supplementary-motor-cortex,LEFT,5704,5704.0,BRN-FRO,anatomical_structure,4
IXI312,UNesT,0.2.7,BRN-SUPRAMARGINAL-GYRUS,SMG---supramarginal-gyrus,RIGHT,10465,10465.0,BRN-PAR,anatomical_structure,4
IXI312,UNesT,0.2.7,BRN-SUPRAMARGINAL-GYRUS,SMG---supramarginal-gyrus,LEFT,12339,12339.0,BRN-PAR,anatomical_structure,4
IXI312,UNesT,0.2.7,BRN-SUPERIOR-OCCIPITAL-GYRUS,SOG---superior-occipital-gyrus,RIGHT,6115,6115.0,BRN-OCC,anatomical_structure,4
IXI312,UNesT,0.2.7,BRN-SUPERIOR-OCCIPITAL-GYRUS,SOG---superior-occipital-gyrus,LEFT,6943,6943.0,BRN-OCC,anatomical_structure,4
IXI312,UNesT,0.2.7,BRN-SUPERIOR-PARIETAL-LOBULE,SPL---superior-parietal-lobule,RIGHT,16742,16742.0,BRN-CER-COR,anatomical_structure,1
IXI312,UNesT,0.2.7,BRN-SUPERIOR-PARIETAL-LOBULE,SPL---superior-parietal-lobule,LEFT,17826,17826.0,BRN-CER-COR,anatomical_structure,1
IXI312,UNesT,0.2.7,BRN-SUPERIOR-TEMPORAL-GYRUS,STG---superior-temporal-gyrus,RIGHT,8341,8341.0,BRN-TEM,anatomical_structure,4
IXI312,UNesT,0.2.7,BRN-SUPERIOR-TEMPORAL-GYRUS,STG---superior-temporal-gyrus,LEFT,9343,9343.0,BRN-TEM,anatomical_structure,4
IXI312,UNesT,0.2.7,BRN-TEMPORAL-POLE,TMP---temporal-pole,RIGHT,10696,10696.0,BRN-TEM,anatomical_structure,4
IXI312,UNesT,0.2.7,BRN-TEMPORAL-POLE,TMP---temporal-pole,LEFT,10800,10800.0,BRN-TEM,anatomical_structure,4
IXI312,UNesT,0.2.7,BRN-TRIFG-TRIANGULAR-PART-OF-THE-IFG,TrIFG-triangular-part-of-the-IFG,RIGHT,4949,4949.0,BRN-CER-COR,anatomical_structure,1
IXI312,UNesT,0.2.7,BRN-TRIFG-TRIANGULAR-PART-OF-THE-IFG,TrIFG-triangular-part-of-the-IFG,LEFT,4636,4636.0,BRN-CER-COR,anatomical_structure,1
IXI312,UNesT,0.2.7,BRN-TRANSVERSE-TEMPORAL-GYRUS,TTG---transverse-temporal-gyrus,RIGHT,2490,2490.0,BRN-TEM,anatomical_structure,4
IXI312,UNesT,0.2.7,BRN-TRANSVERSE-TEMPORAL-GYRUS,TTG---transverse-temporal-gyrus,LEFT,2786,2786.0,BRN-TEM,anatomical_structure,4
IXI341,UNesT,0.2.7,BRN-3RD-VENTRICLE,3rd-Ventricle,NONE,4551,4551.0,BRN-VEN,anatomical_structure,1
IXI341,UNesT,0.2.7,BRN-4TH-VENTRICLE,4th-Ventricle,NONE,2126,2126.0,BRN-VEN,anatomical_structure,1
IXI341,UNesT,0.2.7,BRN-ACC,Accumbens-Area,RIGHT,318,318.0,BRN-DGM,anatomical_structure,1
IXI341,UNesT,0.2.7,BRN-ACC,Accumbens-Area,LEFT,434,434.0,BRN-DGM,anatomical_structure,1
IXI341,UNesT,0.2.7,BRN-AMY,Amygdala,RIGHT,1490,1490.0,BRN-DGM,deep_gray_matter,1
IXI341,UNesT,0.2.7,BRN-AMY,Amygdala,LEFT,1426,1426.0,BRN-DGM,deep_gray_matter,1
IXI341,UNesT,0.2.7,BRN-BST,Brain-Stem,NONE,21551,21551.0,BRN-BST-GRP,brainstem,1
IXI341,UNesT,0.2.7,BRN-CAU,Caudate,RIGHT,2796,2796.0,BRN-DGM,deep_gray_matter,1
IXI341,UNesT,0.2.7,BRN-CAU,Caudate,LEFT,3550,3550.0,BRN-DGM,deep_gray_matter,1
IXI341,UNesT,0.2.7,BRN-CB-EXT,Cerebellum-Exterior,RIGHT,71147,71147.0,BRN-CBL,anatomical_structure,1
IXI341,UNesT,0.2.7,BRN-CB-EXT,Cerebellum-Exterior,LEFT,67950,67950.0,BRN-CBL,anatomical_structure,1
IXI341,UNesT,0.2.7,BRN-CB-WM,Cerebellum-White-Matter,RIGHT,15372,15372.0,BRN-CBL,anatomical_structure,1
IXI341,UNesT,0.2.7,BRN-CB-WM,Cerebellum-White-Matter,LEFT,14470,14470.0,BRN-CBL,anatomical_structure,1
IXI341,UNesT,0.2.7,BRN-CER-WM,Cerebral-White-Matter,RIGHT,265121,265121.0,BRN-WM,anatomical_structure,1
IXI341,UNesT,0.2.7,BRN-CER-WM,Cerebral-White-Matter,LEFT,241491,241491.0,BRN-WM,anatomical_structure,1
IXI341,UNesT,0.2.7,BRN-HIP,Hippocampus,RIGHT,4019,4019.0,BRN-LIM,deep_gray_matter,1
IXI341,UNesT,0.2.7,BRN-HIP,Hippocampus,LEFT,4388,4388.0,BRN-LIM,deep_gray_matter,1
IXI341,UNesT,0.2.7,BRN-INF-LAT-V,Inf-Lat-Vent,RIGHT,839,839.0,BRN-VEN,anatomical_structure,1
IXI341,UNesT,0.2.7,BRN-INF-LAT-V,Inf-Lat-Vent,LEFT,757,757.0,BRN-VEN,anatomical_structure,1
IXI341,UNesT,0.2.7,BRN-LAT-V,Lateral-Ventricle,RIGHT,36220,36220.0,BRN-VEN,anatomical_structure,1
IXI341,UNesT,0.2.7,BRN-LAT-V,Lateral-Ventricle,LEFT,25769,25769.0,BRN-VEN,anatomical_structure,1
IXI341,UNesT,0.2.7,BRN-PAL,Pallidum,RIGHT,1740,1740.0,BRN-DGM,deep_gray_matter,1
IXI341,UNesT,0.2.7,BRN-PAL,Pallidum,LEFT,1691,1691.0,BRN-DGM,deep_gray_matter,1
IXI341,UNesT,0.2.7,BRN-PUT,Putamen,RIGHT,4515,4515.0,BRN-DGM,deep_gray_matter,1
IXI341,UNesT,0.2.7,BRN-PUT,Putamen,LEFT,5078,5078.0,BRN-DGM,deep_gray_matter,1
IXI341,UNesT,0.2.7,BRN-THA,Thalamus-Proper,RIGHT,7711,7711.0,BRN-DGM,deep_gray_matter,1
IXI341,UNesT,0.2.7,BRN-THA,Thalamus-Proper,LEFT,8218,8218.0,BRN-DGM,deep_gray_matter,1
IXI341,UNesT,0.2.7,BRN-VDC,Ventral-DC,RIGHT,5734,5734.0,BRN-DGM,anatomical_structure,1
IXI341,UNesT,0.2.7,BRN-VDC,Ventral-DC,LEFT,5808,5808.0,BRN-DGM,anatomical_structure,1
IXI341,UNesT,0.2.7,BRN-CEREBELLAR-VERMAL-LOBULES-I-V,Cerebellar-Vermal-Lobules-I-V,NONE,7294,7294.0,BRN-CBL,anatomical_structure,1
IXI341,UNesT,0.2.7,BRN-CEREBELLAR-VERMAL-LOBULES-VI-VII,Cerebellar-Vermal-Lobules-VI-VII,NONE,2821,2821.0,BRN-CBL,anatomical_structure,1
IXI341,UNesT,0.2.7,BRN-CEREBELLAR-VERMAL-LOBULES-VIII-X,Cerebellar-Vermal-Lobules-VIII-X,NONE,4266,4266.0,BRN-CBL,anatomical_structure,1
IXI341,UNesT,0.2.7,BRN-BASAL-FOREBRAIN,Basal-Forebrain,LEFT,786,786.0,BRN-DGM,anatomical_structure,1
IXI341,UNesT,0.2.7,BRN-BASAL-FOREBRAIN,Basal-Forebrain,RIGHT,596,596.0,BRN-DGM,anatomical_structure,1
IXI341,UNesT,0.2.7,BRN-ANTERIOR-CINGULATE-GYRUS,ACgG--anterior-cingulate-gyrus,RIGHT,6702,6702.0,BRN-LIM,anatomical_structure,4
IXI341,UNesT,0.2.7,BRN-ANTERIOR-CINGULATE-GYRUS,ACgG--anterior-cingulate-gyrus,LEFT,7439,7439.0,BRN-LIM,anatomical_structure,4
IXI341,UNesT,0.2.7,BRN-ANTERIOR-INSULA,AIns--anterior-insula,RIGHT,5798,5798.0,BRN-INS,anatomical_structure,4
IXI341,UNesT,0.2.7,BRN-ANTERIOR-INSULA,AIns--anterior-insula,LEFT,6364,6364.0,BRN-INS,anatomical_structure,4
IXI341,UNesT,0.2.7,BRN-ANTERIOR-ORBITAL-GYRUS,AOrG--anterior-orbital-gyrus,RIGHT,3036,3036.0,BRN-FRO,anatomical_structure,4
IXI341,UNesT,0.2.7,BRN-ANTERIOR-ORBITAL-GYRUS,AOrG--anterior-orbital-gyrus,LEFT,1893,1893.0,BRN-FRO,anatomical_structure,4
IXI341,UNesT,0.2.7,BRN-ANGULAR-GYRUS,AnG---angular-gyrus,RIGHT,14665,14665.0,BRN-PAR,anatomical_structure,4
IXI341,UNesT,0.2.7,BRN-ANGULAR-GYRUS,AnG---angular-gyrus,LEFT,15976,15976.0,BRN-PAR,anatomical_structure,4
IXI341,UNesT,0.2.7,BRN-CALCARINE-CORTEX,Calc--calcarine-cortex,RIGHT,5253,5253.0,BRN-OCC,anatomical_structure,4
IXI341,UNesT,0.2.7,BRN-CALCARINE-CORTEX,Calc--calcarine-cortex,LEFT,5224,5224.0,BRN-OCC,anatomical_structure,4
IXI341,UNesT,0.2.7,BRN-CENTRAL-OPERCULUM,CO----central-operculum,RIGHT,5406,5406.0,BRN-CER-COR,anatomical_structure,3
IXI341,UNesT,0.2.7,BRN-CENTRAL-OPERCULUM,CO----central-operculum,LEFT,5912,5912.0,BRN-CER-COR,anatomical_structure,3
IXI341,UNesT,0.2.7,BRN-CUNEUS,Cun---cuneus,RIGHT,6832,6832.0,BRN-CER-COR,anatomical_structure,1
IXI341,UNesT,0.2.7,BRN-CUNEUS,Cun---cuneus,LEFT,6417,6417.0,BRN-CER-COR,anatomical_structure,1
IXI341,UNesT,0.2.7,BRN-ENTORHINAL-AREA,Ent---entorhinal-area,RIGHT,3481,3481.0,BRN-LIM,anatomical_structure,1
IXI341,UNesT,0.2.7,BRN-ENTORHINAL-AREA,Ent---entorhinal-area,LEFT,2436,2436.0,BRN-LIM,anatomical_structure,1
IXI341,UNesT,0.2.7,BRN-FRONTAL-OPERCULUM,FO----frontal-operculum,RIGHT,2660,2660.0,BRN-FRO,anatomical_structure,4
IXI341,UNesT,0.2.7,BRN-FRONTAL-OPERCULUM,FO----frontal-operculum,LEFT,2730,2730.0,BRN-FRO,anatomical_structure,4
IXI341,UNesT,0.2.7,BRN-FRONTAL-POLE,FRP---frontal-pole,RIGHT,4823,4823.0,BRN-FRO,anatomical_structure,4
IXI341,UNesT,0.2.7,BRN-FRONTAL-POLE,FRP---frontal-pole,LEFT,4928,4928.0,BRN-FRO,anatomical_structure,4
IXI341,UNesT,0.2.7,BRN-FUSIFORM-GYRUS,FuG---fusiform-gyrus,RIGHT,9508,9508.0,BRN-TEM,anatomical_structure,4
IXI341,UNesT,0.2.7,BRN-FUSIFORM-GYRUS,FuG---fusiform-gyrus,LEFT,11092,11092.0,BRN-TEM,anatomical_structure,4
IXI341,UNesT,0.2.7,BRN-GYRUS-RECTUS,GRe---gyrus-rectus,RIGHT,2573,2573.0,BRN-FRO,anatomical_structure,4
IXI341,UNesT,0.2.7,BRN-GYRUS-RECTUS,GRe---gyrus-rectus,LEFT,2333,2333.0,BRN-FRO,anatomical_structure,4
IXI341,UNesT,0.2.7,BRN-INFERIOR-OCCIPITAL-GYRUS,IOG---inferior-occipital-gyrus,RIGHT,11203,11203.0,BRN-OCC,anatomical_structure,4
IXI341,UNesT,0.2.7,BRN-INFERIOR-OCCIPITAL-GYRUS,IOG---inferior-occipital-gyrus,LEFT,8774,8774.0,BRN-OCC,anatomical_structure,4
IXI341,UNesT,0.2.7,BRN-INFERIOR-TEMPORAL-GYRUS,ITG---inferior-temporal-gyrus,RIGHT,17542,17542.0,BRN-TEM,anatomical_structure,4
IXI341,UNesT,0.2.7,BRN-INFERIOR-TEMPORAL-GYRUS,ITG---inferior-temporal-gyrus,LEFT,22067,22067.0,BRN-TEM,anatomical_structure,4
IXI341,UNesT,0.2.7,BRN-LINGUAL-GYRUS,LiG---lingual-gyrus,RIGHT,11637,11637.0,BRN-OCC,anatomical_structure,4
IXI341,UNesT,0.2.7,BRN-LINGUAL-GYRUS,LiG---lingual-gyrus,LEFT,10587,10587.0,BRN-OCC,anatomical_structure,4
IXI341,UNesT,0.2.7,BRN-LATERAL-ORBITAL-GYRUS,LOrG--lateral-orbital-gyrus,RIGHT,3444,3444.0,BRN-FRO,anatomical_structure,4
IXI341,UNesT,0.2.7,BRN-LATERAL-ORBITAL-GYRUS,LOrG--lateral-orbital-gyrus,LEFT,3501,3501.0,BRN-FRO,anatomical_structure,4
IXI341,UNesT,0.2.7,BRN-MIDDLE-CINGULATE-GYRUS,MCgG--middle-cingulate-gyrus,RIGHT,7828,7828.0,BRN-LIM,anatomical_structure,4
IXI341,UNesT,0.2.7,BRN-MIDDLE-CINGULATE-GYRUS,MCgG--middle-cingulate-gyrus,LEFT,6108,6108.0,BRN-LIM,anatomical_structure,4
IXI341,UNesT,0.2.7,BRN-MEDIAL-FRONTAL-CORTEX,MFC---medial-frontal-cortex,RIGHT,2831,2831.0,BRN-FRO,anatomical_structure,4
IXI341,UNesT,0.2.7,BRN-MEDIAL-FRONTAL-CORTEX,MFC---medial-frontal-cortex,LEFT,3188,3188.0,BRN-FRO,anatomical_structure,4
IXI341,UNesT,0.2.7,BRN-MIDDLE-FRONTAL-GYRUS,MFG---middle-frontal-gyrus,RIGHT,28881,28881.0,BRN-FRO,anatomical_structure,4
IXI341,UNesT,0.2.7,BRN-MIDDLE-FRONTAL-GYRUS,MFG---middle-frontal-gyrus,LEFT,31346,31346.0,BRN-FRO,anatomical_structure,4
IXI341,UNesT,0.2.7,BRN-MIDDLE-OCCIPITAL-GYRUS,MOG---middle-occipital-gyrus,RIGHT,8365,8365.0,BRN-OCC,anatomical_structure,4
IXI341,UNesT,0.2.7,BRN-MIDDLE-OCCIPITAL-GYRUS,MOG---middle-occipital-gyrus,LEFT,7778,7778.0,BRN-OCC,anatomical_structure,4
IXI341,UNesT,0.2.7,BRN-MEDIAL-ORBITAL-GYRUS,MOrG--medial-orbital-gyrus,RIGHT,5575,5575.0,BRN-FRO,anatomical_structure,4
IXI341,UNesT,0.2.7,BRN-MEDIAL-ORBITAL-GYRUS,MOrG--medial-orbital-gyrus,LEFT,6524,6524.0,BRN-FRO,anatomical_structure,4
IXI341,UNesT,0.2.7,BRN-POG-MED,"Postcentral Gyrus, Medial Segment",RIGHT,848,848.0,BRN-PAR,cortical_subregion,4
IXI341,UNesT,0.2.7,BRN-POG-MED,"Postcentral Gyrus, Medial Segment",LEFT,1284,1284.0,BRN-PAR,cortical_subregion,4
IXI341,UNesT,0.2.7,BRN-PRG-MED,"Precentral Gyrus, Medial Segment",RIGHT,3558,3558.0,BRN-FRO,cortical_subregion,4
IXI341,UNesT,0.2.7,BRN-PRG-MED,"Precentral Gyrus, Medial Segment",LEFT,2863,2863.0,BRN-FRO,cortical_subregion,4
IXI341,UNesT,0.2.7,BRN-SUPERIOR-FRONTAL-GYRUS,MSFG--superior-frontal-gyrus,RIGHT,27901,27901.0,BRN-FRO,anatomical_structure,4
IXI341,UNesT,0.2.7,BRN-SUPERIOR-FRONTAL-GYRUS,MSFG--superior-frontal-gyrus,LEFT,27667,27667.0,BRN-FRO,anatomical_structure,4
IXI341,UNesT,0.2.7,BRN-MIDDLE-TEMPORAL-GYRUS,MTG---middle-temporal-gyrus,RIGHT,17268,17268.0,BRN-TEM,anatomical_structure,4
IXI341,UNesT,0.2.7,BRN-MIDDLE-TEMPORAL-GYRUS,MTG---middle-temporal-gyrus,LEFT,17668,17668.0,BRN-TEM,anatomical_structure,4
IXI341,UNesT,0.2.7,BRN-OCCIPITAL-POLE,OCP---occipital-pole,RIGHT,5980,5980.0,BRN-OCC,anatomical_structure,4
IXI341,UNesT,0.2.7,BRN-OCCIPITAL-POLE,OCP---occipital-pole,LEFT,6337,6337.0,BRN-OCC,anatomical_structure,4
IXI341,UNesT,0.2.7,BRN-OCCIPITAL-FUSIFORM-GYRUS,OFuG--occipital-fusiform-gyrus,RIGHT,6686,6686.0,BRN-OCC,anatomical_structure,4
IXI341,UNesT,0.2.7,BRN-OCCIPITAL-FUSIFORM-GYRUS,OFuG--occipital-fusiform-gyrus,LEFT,4987,4987.0,BRN-OCC,anatomical_structure,4
IXI341,UNesT,0.2.7,BRN-OPIFG-OPERCULAR-PART-OF-THE-IFG,OpIFG-opercular-part-of-the-IFG,RIGHT,4108,4108.0,BRN-CER-COR,anatomical_structure,1
IXI341,UNesT,0.2.7,BRN-OPIFG-OPERCULAR-PART-OF-THE-IFG,OpIFG-opercular-part-of-the-IFG,LEFT,4015,4015.0,BRN-CER-COR,anatomical_structure,1
IXI341,UNesT,0.2.7,BRN-ORIFG-ORBITAL-PART-OF-THE-IFG,OrIFG-orbital-part-of-the-IFG,RIGHT,1468,1468.0,BRN-CER-COR,anatomical_structure,1
IXI341,UNesT,0.2.7,BRN-ORIFG-ORBITAL-PART-OF-THE-IFG,OrIFG-orbital-part-of-the-IFG,LEFT,2409,2409.0,BRN-CER-COR,anatomical_structure,1
IXI341,UNesT,0.2.7,BRN-POSTERIOR-CINGULATE-GYRUS,PCgG--posterior-cingulate-gyrus,RIGHT,6836,6836.0,BRN-LIM,anatomical_structure,4
IXI341,UNesT,0.2.7,BRN-POSTERIOR-CINGULATE-GYRUS,PCgG--posterior-cingulate-gyrus,LEFT,6213,6213.0,BRN-LIM,anatomical_structure,4
IXI341,UNesT,0.2.7,BRN-PCU,PCu---precuneus,RIGHT,17356,17356.0,BRN-PAR,cortical_structure,4
IXI341,UNesT,0.2.7,BRN-PCU,PCu---precuneus,LEFT,15758,15758.0,BRN-PAR,cortical_structure,4
IXI341,UNesT,0.2.7,BRN-PARAHIPPOCAMPAL-GYRUS,PHG---parahippocampal-gyrus,RIGHT,3571,3571.0,BRN-LIM,anatomical_structure,4
IXI341,UNesT,0.2.7,BRN-PARAHIPPOCAMPAL-GYRUS,PHG---parahippocampal-gyrus,LEFT,3874,3874.0,BRN-LIM,anatomical_structure,4
IXI341,UNesT,0.2.7,BRN-POSTERIOR-INSULA,PIns--posterior-insula,RIGHT,3171,3171.0,BRN-INS,anatomical_structure,4
IXI341,UNesT,0.2.7,BRN-POSTERIOR-INSULA,PIns--posterior-insula,LEFT,2970,2970.0,BRN-INS,anatomical_structure,4
IXI341,UNesT,0.2.7,BRN-PARIETAL-OPERCULUM,PO----parietal-operculum,RIGHT,3892,3892.0,BRN-PAR,anatomical_structure,4
IXI341,UNesT,0.2.7,BRN-PARIETAL-OPERCULUM,PO----parietal-operculum,LEFT,3456,3456.0,BRN-PAR,anatomical_structure,4
IXI341,UNesT,0.2.7,BRN-POG,MPoG--postcentral-gyrus,RIGHT,17647,17647.0,BRN-PAR,cortical_structure,4
IXI341,UNesT,0.2.7,BRN-POG,MPoG--postcentral-gyrus,LEFT,16450,16450.0,BRN-PAR,cortical_structure,4
IXI341,UNesT,0.2.7,BRN-POSTERIOR-ORBITAL-GYRUS,POrG--posterior-orbital-gyrus,RIGHT,4342,4342.0,BRN-FRO,anatomical_structure,4
IXI341,UNesT,0.2.7,BRN-POSTERIOR-ORBITAL-GYRUS,POrG--posterior-orbital-gyrus,LEFT,4889,4889.0,BRN-FRO,anatomical_structure,4
IXI341,UNesT,0.2.7,BRN-PLANUM-POLARE,PP----planum-polare,RIGHT,2328,2328.0,BRN-TEM,anatomical_structure,4
IXI341,UNesT,0.2.7,BRN-PLANUM-POLARE,PP----planum-polare,LEFT,2945,2945.0,BRN-TEM,anatomical_structure,4
IXI341,UNesT,0.2.7,BRN-PRG,MPrG--precentral-gyrus,RIGHT,19817,19817.0,BRN-FRO,cortical_structure,4
IXI341,UNesT,0.2.7,BRN-PRG,MPrG--precentral-gyrus,LEFT,22233,22233.0,BRN-FRO,cortical_structure,4
IXI341,UNesT,0.2.7,BRN-PLANUM-TEMPORALE,PT----planum-temporale,RIGHT,2805,2805.0,BRN-TEM,anatomical_structure,4
IXI341,UNesT,0.2.7,BRN-PLANUM-TEMPORALE,PT----planum-temporale,LEFT,2380,2380.0,BRN-TEM,anatomical_structure,4
IXI341,UNesT,0.2.7,BRN-SUBCALLOSAL-AREA,SCA---subcallosal-area,RIGHT,1561,1561.0,BRN-LIM,anatomical_structure,4
IXI341,UNesT,0.2.7,BRN-SUBCALLOSAL-AREA,SCA---subcallosal-area,LEFT,2105,2105.0,BRN-LIM,anatomical_structure,4
IXI341,UNesT,0.2.7,BRN-SUPPLEMENTARY-MOTOR-CORTEX,SMC---supplementary-motor-cortex,RIGHT,5420,5420.0,BRN-FRO,anatomical_structure,4
IXI341,UNesT,0.2.7,BRN-SUPPLEMENTARY-MOTOR-CORTEX,SMC---supplementary-motor-cortex,LEFT,8256,8256.0,BRN-FRO,anatomical_structure,4
IXI341,UNesT,0.2.7,BRN-SUPRAMARGINAL-GYRUS,SMG---supramarginal-gyrus,RIGHT,13589,13589.0,BRN-PAR,anatomical_structure,4
IXI341,UNesT,0.2.7,BRN-SUPRAMARGINAL-GYRUS,SMG---supramarginal-gyrus,LEFT,14470,14470.0,BRN-PAR,anatomical_structure,4
IXI341,UNesT,0.2.7,BRN-SUPERIOR-OCCIPITAL-GYRUS,SOG---superior-occipital-gyrus,RIGHT,6580,6580.0,BRN-OCC,anatomical_structure,4
IXI341,UNesT,0.2.7,BRN-SUPERIOR-OCCIPITAL-GYRUS,SOG---superior-occipital-gyrus,LEFT,4627,4627.0,BRN-OCC,anatomical_structure,4
IXI341,UNesT,0.2.7,BRN-SUPERIOR-PARIETAL-LOBULE,SPL---superior-parietal-lobule,RIGHT,16686,16686.0,BRN-CER-COR,anatomical_structure,1
IXI341,UNesT,0.2.7,BRN-SUPERIOR-PARIETAL-LOBULE,SPL---superior-parietal-lobule,LEFT,20855,20855.0,BRN-CER-COR,anatomical_structure,1
IXI341,UNesT,0.2.7,BRN-SUPERIOR-TEMPORAL-GYRUS,STG---superior-temporal-gyrus,RIGHT,8758,8758.0,BRN-TEM,anatomical_structure,4
IXI341,UNesT,0.2.7,BRN-SUPERIOR-TEMPORAL-GYRUS,STG---superior-temporal-gyrus,LEFT,9152,9152.0,BRN-TEM,anatomical_structure,4
IXI341,UNesT,0.2.7,BRN-TEMPORAL-POLE,TMP---temporal-pole,RIGHT,10593,10593.0,BRN-TEM,anatomical_structure,4
IXI341,UNesT,0.2.7,BRN-TEMPORAL-POLE,TMP---temporal-pole,LEFT,10681,10681.0,BRN-TEM,anatomical_structure,4
IXI341,UNesT,0.2.7,BRN-TRIFG-TRIANGULAR-PART-OF-THE-IFG,TrIFG-triangular-part-of-the-IFG,RIGHT,4472,4472.0,BRN-CER-COR,anatomical_structure,1
IXI341,UNesT,0.2.7,BRN-TRIFG-TRIANGULAR-PART-OF-THE-IFG,TrIFG-triangular-part-of-the-IFG,LEFT,4313,4313.0,BRN-CER-COR,anatomical_structure,1
IXI341,UNesT,0.2.7,BRN-TRANSVERSE-TEMPORAL-GYRUS,TTG---transverse-temporal-gyrus,RIGHT,2555,2555.0,BRN-TEM,anatomical_structure,4
IXI341,UNesT,0.2.7,BRN-TRANSVERSE-TEMPORAL-GYRUS,TTG---transverse-temporal-gyrus,LEFT,2825,2825.0,BRN-TEM,anatomical_structure,4
IXI308,UNesT,0.2.7,BRN-3RD-VENTRICLE,3rd-Ventricle,NONE,2046,2046.0,BRN-VEN,anatomical_structure,1
IXI308,UNesT,0.2.7,BRN-4TH-VENTRICLE,4th-Ventricle,NONE,2515,2515.0,BRN-VEN,anatomical_structure,1
IXI308,UNesT,0.2.7,BRN-ACC,Accumbens-Area,RIGHT,454,454.0,BRN-DGM,anatomical_structure,1
IXI308,UNesT,0.2.7,BRN-ACC,Accumbens-Area,LEFT,532,532.0,BRN-DGM,anatomical_structure,1
IXI308,UNesT,0.2.7,BRN-AMY,Amygdala,RIGHT,1504,1504.0,BRN-DGM,deep_gray_matter,1
IXI308,UNesT,0.2.7,BRN-AMY,Amygdala,LEFT,1493,1493.0,BRN-DGM,deep_gray_matter,1
IXI308,UNesT,0.2.7,BRN-BST,Brain-Stem,NONE,23309,23309.0,BRN-BST-GRP,brainstem,1
IXI308,UNesT,0.2.7,BRN-CAU,Caudate,RIGHT,3548,3548.0,BRN-DGM,deep_gray_matter,1
IXI308,UNesT,0.2.7,BRN-CAU,Caudate,LEFT,3602,3602.0,BRN-DGM,deep_gray_matter,1
IXI308,UNesT,0.2.7,BRN-CB-EXT,Cerebellum-Exterior,RIGHT,64140,64140.0,BRN-CBL,anatomical_structure,1
IXI308,UNesT,0.2.7,BRN-CB-EXT,Cerebellum-Exterior,LEFT,63884,63884.0,BRN-CBL,anatomical_structure,1
IXI308,UNesT,0.2.7,BRN-CB-WM,Cerebellum-White-Matter,RIGHT,17142,17142.0,BRN-CBL,anatomical_structure,1
IXI308,UNesT,0.2.7,BRN-CB-WM,Cerebellum-White-Matter,LEFT,15967,15967.0,BRN-CBL,anatomical_structure,1
IXI308,UNesT,0.2.7,BRN-CER-WM,Cerebral-White-Matter,RIGHT,284707,284707.0,BRN-WM,anatomical_structure,1
IXI308,UNesT,0.2.7,BRN-CER-WM,Cerebral-White-Matter,LEFT,271351,271351.0,BRN-WM,anatomical_structure,1
IXI308,UNesT,0.2.7,BRN-HIP,Hippocampus,RIGHT,4237,4237.0,BRN-LIM,deep_gray_matter,1
IXI308,UNesT,0.2.7,BRN-HIP,Hippocampus,LEFT,4496,4496.0,BRN-LIM,deep_gray_matter,1
IXI308,UNesT,0.2.7,BRN-INF-LAT-V,Inf-Lat-Vent,RIGHT,252,252.0,BRN-VEN,anatomical_structure,1
IXI308,UNesT,0.2.7,BRN-INF-LAT-V,Inf-Lat-Vent,LEFT,216,216.0,BRN-VEN,anatomical_structure,1
IXI308,UNesT,0.2.7,BRN-LAT-V,Lateral-Ventricle,RIGHT,5844,5844.0,BRN-VEN,anatomical_structure,1
IXI308,UNesT,0.2.7,BRN-LAT-V,Lateral-Ventricle,LEFT,7096,7096.0,BRN-VEN,anatomical_structure,1
IXI308,UNesT,0.2.7,BRN-PAL,Pallidum,RIGHT,1918,1918.0,BRN-DGM,deep_gray_matter,1
IXI308,UNesT,0.2.7,BRN-PAL,Pallidum,LEFT,1764,1764.0,BRN-DGM,deep_gray_matter,1
IXI308,UNesT,0.2.7,BRN-PUT,Putamen,RIGHT,5049,5049.0,BRN-DGM,deep_gray_matter,1
IXI308,UNesT,0.2.7,BRN-PUT,Putamen,LEFT,5001,5001.0,BRN-DGM,deep_gray_matter,1
IXI308,UNesT,0.2.7,BRN-THA,Thalamus-Proper,RIGHT,8757,8757.0,BRN-DGM,deep_gray_matter,1
IXI308,UNesT,0.2.7,BRN-THA,Thalamus-Proper,LEFT,9491,9491.0,BRN-DGM,deep_gray_matter,1
IXI308,UNesT,0.2.7,BRN-VDC,Ventral-DC,RIGHT,5881,5881.0,BRN-DGM,anatomical_structure,1
IXI308,UNesT,0.2.7,BRN-VDC,Ventral-DC,LEFT,6075,6075.0,BRN-DGM,anatomical_structure,1
IXI308,UNesT,0.2.7,BRN-CEREBELLAR-VERMAL-LOBULES-I-V,Cerebellar-Vermal-Lobules-I-V,NONE,6604,6604.0,BRN-CBL,anatomical_structure,1
IXI308,UNesT,0.2.7,BRN-CEREBELLAR-VERMAL-LOBULES-VI-VII,Cerebellar-Vermal-Lobules-VI-VII,NONE,3233,3233.0,BRN-CBL,anatomical_structure,1
IXI308,UNesT,0.2.7,BRN-CEREBELLAR-VERMAL-LOBULES-VIII-X,Cerebellar-Vermal-Lobules-VIII-X,NONE,3765,3765.0,BRN-CBL,anatomical_structure,1
IXI308,UNesT,0.2.7,BRN-BASAL-FOREBRAIN,Basal-Forebrain,LEFT,711,711.0,BRN-DGM,anatomical_structure,1
IXI308,UNesT,0.2.7,BRN-BASAL-FOREBRAIN,Basal-Forebrain,RIGHT,589,589.0,BRN-DGM,anatomical_structure,1
IXI308,UNesT,0.2.7,BRN-ANTERIOR-CINGULATE-GYRUS,ACgG--anterior-cingulate-gyrus,RIGHT,6244,6244.0,BRN-LIM,anatomical_structure,4
IXI308,UNesT,0.2.7,BRN-ANTERIOR-CINGULATE-GYRUS,ACgG--anterior-cingulate-gyrus,LEFT,7825,7825.0,BRN-LIM,anatomical_structure,4
IXI308,UNesT,0.2.7,BRN-ANTERIOR-INSULA,AIns--anterior-insula,RIGHT,5577,5577.0,BRN-INS,anatomical_structure,4
IXI308,UNesT,0.2.7,BRN-ANTERIOR-INSULA,AIns--anterior-insula,LEFT,5777,5777.0,BRN-INS,anatomical_structure,4
IXI308,UNesT,0.2.7,BRN-ANTERIOR-ORBITAL-GYRUS,AOrG--anterior-orbital-gyrus,RIGHT,3741,3741.0,BRN-FRO,anatomical_structure,4
IXI308,UNesT,0.2.7,BRN-ANTERIOR-ORBITAL-GYRUS,AOrG--anterior-orbital-gyrus,LEFT,3021,3021.0,BRN-FRO,anatomical_structure,4
IXI308,UNesT,0.2.7,BRN-ANGULAR-GYRUS,AnG---angular-gyrus,RIGHT,16332,16332.0,BRN-PAR,anatomical_structure,4
IXI308,UNesT,0.2.7,BRN-ANGULAR-GYRUS,AnG---angular-gyrus,LEFT,15921,15921.0,BRN-PAR,anatomical_structure,4
IXI308,UNesT,0.2.7,BRN-CALCARINE-CORTEX,Calc--calcarine-cortex,RIGHT,4399,4399.0,BRN-OCC,anatomical_structure,4
IXI308,UNesT,0.2.7,BRN-CALCARINE-CORTEX,Calc--calcarine-cortex,LEFT,5315,5315.0,BRN-OCC,anatomical_structure,4
IXI308,UNesT,0.2.7,BRN-CENTRAL-OPERCULUM,CO----central-operculum,RIGHT,6335,6335.0,BRN-CER-COR,anatomical_structure,3
IXI308,UNesT,0.2.7,BRN-CENTRAL-OPERCULUM,CO----central-operculum,LEFT,6498,6498.0,BRN-CER-COR,anatomical_structure,3
IXI308,UNesT,0.2.7,BRN-CUNEUS,Cun---cuneus,RIGHT,7997,7997.0,BRN-CER-COR,anatomical_structure,1
IXI308,UNesT,0.2.7,BRN-CUNEUS,Cun---cuneus,LEFT,6004,6004.0,BRN-CER-COR,anatomical_structure,1
IXI308,UNesT,0.2.7,BRN-ENTORHINAL-AREA,Ent---entorhinal-area,RIGHT,2994,2994.0,BRN-LIM,anatomical_structure,1
IXI308,UNesT,0.2.7,BRN-ENTORHINAL-AREA,Ent---entorhinal-area,LEFT,2988,2988.0,BRN-LIM,anatomical_structure,1
IXI308,UNesT,0.2.7,BRN-FRONTAL-OPERCULUM,FO----frontal-operculum,RIGHT,2491,2491.0,BRN-FRO,anatomical_structure,4
IXI308,UNesT,0.2.7,BRN-FRONTAL-OPERCULUM,FO----frontal-operculum,LEFT,2843,2843.0,BRN-FRO,anatomical_structure,4
IXI308,UNesT,0.2.7,BRN-FRONTAL-POLE,FRP---frontal-pole,RIGHT,5647,5647.0,BRN-FRO,anatomical_structure,4
IXI308,UNesT,0.2.7,BRN-FRONTAL-POLE,FRP---frontal-pole,LEFT,4108,4108.0,BRN-FRO,anatomical_structure,4
IXI308,UNesT,0.2.7,BRN-FUSIFORM-GYRUS,FuG---fusiform-gyrus,RIGHT,8281,8281.0,BRN-TEM,anatomical_structure,4
IXI308,UNesT,0.2.7,BRN-FUSIFORM-GYRUS,FuG---fusiform-gyrus,LEFT,10228,10228.0,BRN-TEM,anatomical_structure,4
IXI308,UNesT,0.2.7,BRN-GYRUS-RECTUS,GRe---gyrus-rectus,RIGHT,3544,3544.0,BRN-FRO,anatomical_structure,4
IXI308,UNesT,0.2.7,BRN-GYRUS-RECTUS,GRe---gyrus-rectus,LEFT,2493,2493.0,BRN-FRO,anatomical_structure,4
IXI308,UNesT,0.2.7,BRN-INFERIOR-OCCIPITAL-GYRUS,IOG---inferior-occipital-gyrus,RIGHT,9906,9906.0,BRN-OCC,anatomical_structure,4
IXI308,UNesT,0.2.7,BRN-INFERIOR-OCCIPITAL-GYRUS,IOG---inferior-occipital-gyrus,LEFT,9148,9148.0,BRN-OCC,anatomical_structure,4
IXI308,UNesT,0.2.7,BRN-INFERIOR-TEMPORAL-GYRUS,ITG---inferior-temporal-gyrus,RIGHT,15923,15923.0,BRN-TEM,anatomical_structure,4
IXI308,UNesT,0.2.7,BRN-INFERIOR-TEMPORAL-GYRUS,ITG---inferior-temporal-gyrus,LEFT,19655,19655.0,BRN-TEM,anatomical_structure,4
IXI308,UNesT,0.2.7,BRN-LINGUAL-GYRUS,LiG---lingual-gyrus,RIGHT,12846,12846.0,BRN-OCC,anatomical_structure,4
IXI308,UNesT,0.2.7,BRN-LINGUAL-GYRUS,LiG---lingual-gyrus,LEFT,11982,11982.0,BRN-OCC,anatomical_structure,4
IXI308,UNesT,0.2.7,BRN-LATERAL-ORBITAL-GYRUS,LOrG--lateral-orbital-gyrus,RIGHT,3942,3942.0,BRN-FRO,anatomical_structure,4
IXI308,UNesT,0.2.7,BRN-LATERAL-ORBITAL-GYRUS,LOrG--lateral-orbital-gyrus,LEFT,2981,2981.0,BRN-FRO,anatomical_structure,4
IXI308,UNesT,0.2.7,BRN-MIDDLE-CINGULATE-GYRUS,MCgG--middle-cingulate-gyrus,RIGHT,6104,6104.0,BRN-LIM,anatomical_structure,4
IXI308,UNesT,0.2.7,BRN-MIDDLE-CINGULATE-GYRUS,MCgG--middle-cingulate-gyrus,LEFT,6616,6616.0,BRN-LIM,anatomical_structure,4
IXI308,UNesT,0.2.7,BRN-MEDIAL-FRONTAL-CORTEX,MFC---medial-frontal-cortex,RIGHT,3076,3076.0,BRN-FRO,anatomical_structure,4
IXI308,UNesT,0.2.7,BRN-MEDIAL-FRONTAL-CORTEX,MFC---medial-frontal-cortex,LEFT,2878,2878.0,BRN-FRO,anatomical_structure,4
IXI308,UNesT,0.2.7,BRN-MIDDLE-FRONTAL-GYRUS,MFG---middle-frontal-gyrus,RIGHT,30652,30652.0,BRN-FRO,anatomical_structure,4
IXI308,UNesT,0.2.7,BRN-MIDDLE-FRONTAL-GYRUS,MFG---middle-frontal-gyrus,LEFT,29850,29850.0,BRN-FRO,anatomical_structure,4
IXI308,UNesT,0.2.7,BRN-MIDDLE-OCCIPITAL-GYRUS,MOG---middle-occipital-gyrus,RIGHT,8610,8610.0,BRN-OCC,anatomical_structure,4
IXI308,UNesT,0.2.7,BRN-MIDDLE-OCCIPITAL-GYRUS,MOG---middle-occipital-gyrus,LEFT,9354,9354.0,BRN-OCC,anatomical_structure,4
IXI308,UNesT,0.2.7,BRN-MEDIAL-ORBITAL-GYRUS,MOrG--medial-orbital-gyrus,RIGHT,5390,5390.0,BRN-FRO,anatomical_structure,4
IXI308,UNesT,0.2.7,BRN-MEDIAL-ORBITAL-GYRUS,MOrG--medial-orbital-gyrus,LEFT,5538,5538.0,BRN-FRO,anatomical_structure,4
IXI308,UNesT,0.2.7,BRN-POG-MED,"Postcentral Gyrus, Medial Segment",RIGHT,2274,2274.0,BRN-PAR,cortical_subregion,4
IXI308,UNesT,0.2.7,BRN-POG-MED,"Postcentral Gyrus, Medial Segment",LEFT,1744,1744.0,BRN-PAR,cortical_subregion,4
IXI308,UNesT,0.2.7,BRN-PRG-MED,"Precentral Gyrus, Medial Segment",RIGHT,4240,4240.0,BRN-FRO,cortical_subregion,4
IXI308,UNesT,0.2.7,BRN-PRG-MED,"Precentral Gyrus, Medial Segment",LEFT,3462,3462.0,BRN-FRO,cortical_subregion,4
IXI308,UNesT,0.2.7,BRN-SUPERIOR-FRONTAL-GYRUS,MSFG--superior-frontal-gyrus,RIGHT,33354,33354.0,BRN-FRO,anatomical_structure,4
IXI308,UNesT,0.2.7,BRN-SUPERIOR-FRONTAL-GYRUS,MSFG--superior-frontal-gyrus,LEFT,30647,30647.0,BRN-FRO,anatomical_structure,4
IXI308,UNesT,0.2.7,BRN-MIDDLE-TEMPORAL-GYRUS,MTG---middle-temporal-gyrus,RIGHT,19726,19726.0,BRN-TEM,anatomical_structure,4
IXI308,UNesT,0.2.7,BRN-MIDDLE-TEMPORAL-GYRUS,MTG---middle-temporal-gyrus,LEFT,20359,20359.0,BRN-TEM,anatomical_structure,4
IXI308,UNesT,0.2.7,BRN-OCCIPITAL-POLE,OCP---occipital-pole,RIGHT,4225,4225.0,BRN-OCC,anatomical_structure,4
IXI308,UNesT,0.2.7,BRN-OCCIPITAL-POLE,OCP---occipital-pole,LEFT,3895,3895.0,BRN-OCC,anatomical_structure,4
IXI308,UNesT,0.2.7,BRN-OCCIPITAL-FUSIFORM-GYRUS,OFuG--occipital-fusiform-gyrus,RIGHT,8008,8008.0,BRN-OCC,anatomical_structure,4
IXI308,UNesT,0.2.7,BRN-OCCIPITAL-FUSIFORM-GYRUS,OFuG--occipital-fusiform-gyrus,LEFT,8316,8316.0,BRN-OCC,anatomical_structure,4
IXI308,UNesT,0.2.7,BRN-OPIFG-OPERCULAR-PART-OF-THE-IFG,OpIFG-opercular-part-of-the-IFG,RIGHT,5458,5458.0,BRN-CER-COR,anatomical_structure,1
IXI308,UNesT,0.2.7,BRN-OPIFG-OPERCULAR-PART-OF-THE-IFG,OpIFG-opercular-part-of-the-IFG,LEFT,5077,5077.0,BRN-CER-COR,anatomical_structure,1
IXI308,UNesT,0.2.7,BRN-ORIFG-ORBITAL-PART-OF-THE-IFG,OrIFG-orbital-part-of-the-IFG,RIGHT,2119,2119.0,BRN-CER-COR,anatomical_structure,1
IXI308,UNesT,0.2.7,BRN-ORIFG-ORBITAL-PART-OF-THE-IFG,OrIFG-orbital-part-of-the-IFG,LEFT,3034,3034.0,BRN-CER-COR,anatomical_structure,1
IXI308,UNesT,0.2.7,BRN-POSTERIOR-CINGULATE-GYRUS,PCgG--posterior-cingulate-gyrus,RIGHT,6338,6338.0,BRN-LIM,anatomical_structure,4
IXI308,UNesT,0.2.7,BRN-POSTERIOR-CINGULATE-GYRUS,PCgG--posterior-cingulate-gyrus,LEFT,7334,7334.0,BRN-LIM,anatomical_structure,4
IXI308,UNesT,0.2.7,BRN-PCU,PCu---precuneus,RIGHT,14738,14738.0,BRN-PAR,cortical_structure,4
IXI308,UNesT,0.2.7,BRN-PCU,PCu---precuneus,LEFT,15758,15758.0,BRN-PAR,cortical_structure,4
IXI308,UNesT,0.2.7,BRN-PARAHIPPOCAMPAL-GYRUS,PHG---parahippocampal-gyrus,RIGHT,3749,3749.0,BRN-LIM,anatomical_structure,4
IXI308,UNesT,0.2.7,BRN-PARAHIPPOCAMPAL-GYRUS,PHG---parahippocampal-gyrus,LEFT,4064,4064.0,BRN-LIM,anatomical_structure,4
IXI308,UNesT,0.2.7,BRN-POSTERIOR-INSULA,PIns--posterior-insula,RIGHT,3535,3535.0,BRN-INS,anatomical_structure,4
IXI308,UNesT,0.2.7,BRN-POSTERIOR-INSULA,PIns--posterior-insula,LEFT,3367,3367.0,BRN-INS,anatomical_structure,4
IXI308,UNesT,0.2.7,BRN-PARIETAL-OPERCULUM,PO----parietal-operculum,RIGHT,4188,4188.0,BRN-PAR,anatomical_structure,4
IXI308,UNesT,0.2.7,BRN-PARIETAL-OPERCULUM,PO----parietal-operculum,LEFT,4419,4419.0,BRN-PAR,anatomical_structure,4
IXI308,UNesT,0.2.7,BRN-POG,MPoG--postcentral-gyrus,RIGHT,16480,16480.0,BRN-PAR,cortical_structure,4
IXI308,UNesT,0.2.7,BRN-POG,MPoG--postcentral-gyrus,LEFT,18878,18878.0,BRN-PAR,cortical_structure,4
IXI308,UNesT,0.2.7,BRN-POSTERIOR-ORBITAL-GYRUS,POrG--posterior-orbital-gyrus,RIGHT,3131,3131.0,BRN-FRO,anatomical_structure,4
IXI308,UNesT,0.2.7,BRN-POSTERIOR-ORBITAL-GYRUS,POrG--posterior-orbital-gyrus,LEFT,4031,4031.0,BRN-FRO,anatomical_structure,4
IXI308,UNesT,0.2.7,BRN-PLANUM-POLARE,PP----planum-polare,RIGHT,2253,2253.0,BRN-TEM,anatomical_structure,4
IXI308,UNesT,0.2.7,BRN-PLANUM-POLARE,PP----planum-polare,LEFT,3344,3344.0,BRN-TEM,anatomical_structure,4
IXI308,UNesT,0.2.7,BRN-PRG,MPrG--precentral-gyrus,RIGHT,20669,20669.0,BRN-FRO,cortical_structure,4
IXI308,UNesT,0.2.7,BRN-PRG,MPrG--precentral-gyrus,LEFT,21348,21348.0,BRN-FRO,cortical_structure,4
IXI308,UNesT,0.2.7,BRN-PLANUM-TEMPORALE,PT----planum-temporale,RIGHT,3145,3145.0,BRN-TEM,anatomical_structure,4
IXI308,UNesT,0.2.7,BRN-PLANUM-TEMPORALE,PT----planum-temporale,LEFT,3617,3617.0,BRN-TEM,anatomical_structure,4
IXI308,UNesT,0.2.7,BRN-SUBCALLOSAL-AREA,SCA---subcallosal-area,RIGHT,1239,1239.0,BRN-LIM,anatomical_structure,4
IXI308,UNesT,0.2.7,BRN-SUBCALLOSAL-AREA,SCA---subcallosal-area,LEFT,1459,1459.0,BRN-LIM,anatomical_structure,4
IXI308,UNesT,0.2.7,BRN-SUPPLEMENTARY-MOTOR-CORTEX,SMC---supplementary-motor-cortex,RIGHT,7308,7308.0,BRN-FRO,anatomical_structure,4
IXI308,UNesT,0.2.7,BRN-SUPPLEMENTARY-MOTOR-CORTEX,SMC---supplementary-motor-cortex,LEFT,7267,7267.0,BRN-FRO,anatomical_structure,4
IXI308,UNesT,0.2.7,BRN-SUPRAMARGINAL-GYRUS,SMG---supramarginal-gyrus,RIGHT,10592,10592.0,BRN-PAR,anatomical_structure,4
IXI308,UNesT,0.2.7,BRN-SUPRAMARGINAL-GYRUS,SMG---supramarginal-gyrus,LEFT,14151,14151.0,BRN-PAR,anatomical_structure,4
IXI308,UNesT,0.2.7,BRN-SUPERIOR-OCCIPITAL-GYRUS,SOG---superior-occipital-gyrus,RIGHT,5173,5173.0,BRN-OCC,anatomical_structure,4
IXI308,UNesT,0.2.7,BRN-SUPERIOR-OCCIPITAL-GYRUS,SOG---superior-occipital-gyrus,LEFT,3711,3711.0,BRN-OCC,anatomical_structure,4
IXI308,UNesT,0.2.7,BRN-SUPERIOR-PARIETAL-LOBULE,SPL---superior-parietal-lobule,RIGHT,16008,16008.0,BRN-CER-COR,anatomical_structure,1
IXI308,UNesT,0.2.7,BRN-SUPERIOR-PARIETAL-LOBULE,SPL---superior-parietal-lobule,LEFT,13614,13614.0,BRN-CER-COR,anatomical_structure,1
IXI308,UNesT,0.2.7,BRN-SUPERIOR-TEMPORAL-GYRUS,STG---superior-temporal-gyrus,RIGHT,9702,9702.0,BRN-TEM,anatomical_structure,4
IXI308,UNesT,0.2.7,BRN-SUPERIOR-TEMPORAL-GYRUS,STG---superior-temporal-gyrus,LEFT,11039,11039.0,BRN-TEM,anatomical_structure,4
IXI308,UNesT,0.2.7,BRN-TEMPORAL-POLE,TMP---temporal-pole,RIGHT,11951,11951.0,BRN-TEM,anatomical_structure,4
IXI308,UNesT,0.2.7,BRN-TEMPORAL-POLE,TMP---temporal-pole,LEFT,12590,12590.0,BRN-TEM,anatomical_structure,4
IXI308,UNesT,0.2.7,BRN-TRIFG-TRIANGULAR-PART-OF-THE-IFG,TrIFG-triangular-part-of-the-IFG,RIGHT,4093,4093.0,BRN-CER-COR,anatomical_structure,1
IXI308,UNesT,0.2.7,BRN-TRIFG-TRIANGULAR-PART-OF-THE-IFG,TrIFG-triangular-part-of-the-IFG,LEFT,4833,4833.0,BRN-CER-COR,anatomical_structure,1
IXI308,UNesT,0.2.7,BRN-TRANSVERSE-TEMPORAL-GYRUS,TTG---transverse-temporal-gyrus,RIGHT,3083,3083.0,BRN-TEM,anatomical_structure,4
IXI308,UNesT,0.2.7,BRN-TRANSVERSE-TEMPORAL-GYRUS,TTG---transverse-temporal-gyrus,LEFT,3540,3540.0,BRN-TEM,anatomical_structure,4
IXI336,UNesT,0.2.7,BRN-3RD-VENTRICLE,3rd-Ventricle,NONE,3620,3620.0,BRN-VEN,anatomical_structure,1
IXI336,UNesT,0.2.7,BRN-4TH-VENTRICLE,4th-Ventricle,NONE,2697,2697.0,BRN-VEN,anatomical_structure,1
IXI336,UNesT,0.2.7,BRN-ACC,Accumbens-Area,RIGHT,467,467.0,BRN-DGM,anatomical_structure,1
IXI336,UNesT,0.2.7,BRN-ACC,Accumbens-Area,LEFT,593,593.0,BRN-DGM,anatomical_structure,1
IXI336,UNesT,0.2.7,BRN-AMY,Amygdala,RIGHT,1422,1422.0,BRN-DGM,deep_gray_matter,1
IXI336,UNesT,0.2.7,BRN-AMY,Amygdala,LEFT,1392,1392.0,BRN-DGM,deep_gray_matter,1
IXI336,UNesT,0.2.7,BRN-BST,Brain-Stem,NONE,22252,22252.0,BRN-BST-GRP,brainstem,1
IXI336,UNesT,0.2.7,BRN-CAU,Caudate,RIGHT,3756,3756.0,BRN-DGM,deep_gray_matter,1
IXI336,UNesT,0.2.7,BRN-CAU,Caudate,LEFT,3713,3713.0,BRN-DGM,deep_gray_matter,1
IXI336,UNesT,0.2.7,BRN-CB-EXT,Cerebellum-Exterior,RIGHT,62806,62806.0,BRN-CBL,anatomical_structure,1
IXI336,UNesT,0.2.7,BRN-CB-EXT,Cerebellum-Exterior,LEFT,62704,62704.0,BRN-CBL,anatomical_structure,1
IXI336,UNesT,0.2.7,BRN-CB-WM,Cerebellum-White-Matter,RIGHT,15048,15048.0,BRN-CBL,anatomical_structure,1
IXI336,UNesT,0.2.7,BRN-CB-WM,Cerebellum-White-Matter,LEFT,13092,13092.0,BRN-CBL,anatomical_structure,1
IXI336,UNesT,0.2.7,BRN-CER-WM,Cerebral-White-Matter,RIGHT,273432,273432.0,BRN-WM,anatomical_structure,1
IXI336,UNesT,0.2.7,BRN-CER-WM,Cerebral-White-Matter,LEFT,249348,249348.0,BRN-WM,anatomical_structure,1
IXI336,UNesT,0.2.7,BRN-HIP,Hippocampus,RIGHT,4437,4437.0,BRN-LIM,deep_gray_matter,1
IXI336,UNesT,0.2.7,BRN-HIP,Hippocampus,LEFT,4453,4453.0,BRN-LIM,deep_gray_matter,1
IXI336,UNesT,0.2.7,BRN-INF-LAT-V,Inf-Lat-Vent,RIGHT,871,871.0,BRN-VEN,anatomical_structure,1
IXI336,UNesT,0.2.7,BRN-INF-LAT-V,Inf-Lat-Vent,LEFT,529,529.0,BRN-VEN,anatomical_structure,1
IXI336,UNesT,0.2.7,BRN-LAT-V,Lateral-Ventricle,RIGHT,24518,24518.0,BRN-VEN,anatomical_structure,1
IXI336,UNesT,0.2.7,BRN-LAT-V,Lateral-Ventricle,LEFT,22593,22593.0,BRN-VEN,anatomical_structure,1
IXI336,UNesT,0.2.7,BRN-PAL,Pallidum,RIGHT,2037,2037.0,BRN-DGM,deep_gray_matter,1
IXI336,UNesT,0.2.7,BRN-PAL,Pallidum,LEFT,1996,1996.0,BRN-DGM,deep_gray_matter,1
IXI336,UNesT,0.2.7,BRN-PUT,Putamen,RIGHT,5174,5174.0,BRN-DGM,deep_gray_matter,1
IXI336,UNesT,0.2.7,BRN-PUT,Putamen,LEFT,5501,5501.0,BRN-DGM,deep_gray_matter,1
IXI336,UNesT,0.2.7,BRN-THA,Thalamus-Proper,RIGHT,8441,8441.0,BRN-DGM,deep_gray_matter,1
IXI336,UNesT,0.2.7,BRN-THA,Thalamus-Proper,LEFT,9139,9139.0,BRN-DGM,deep_gray_matter,1
IXI336,UNesT,0.2.7,BRN-VDC,Ventral-DC,RIGHT,6190,6190.0,BRN-DGM,anatomical_structure,1
IXI336,UNesT,0.2.7,BRN-VDC,Ventral-DC,LEFT,6420,6420.0,BRN-DGM,anatomical_structure,1
IXI336,UNesT,0.2.7,BRN-CEREBELLAR-VERMAL-LOBULES-I-V,Cerebellar-Vermal-Lobules-I-V,NONE,5874,5874.0,BRN-CBL,anatomical_structure,1
IXI336,UNesT,0.2.7,BRN-CEREBELLAR-VERMAL-LOBULES-VI-VII,Cerebellar-Vermal-Lobules-VI-VII,NONE,2819,2819.0,BRN-CBL,anatomical_structure,1
IXI336,UNesT,0.2.7,BRN-CEREBELLAR-VERMAL-LOBULES-VIII-X,Cerebellar-Vermal-Lobules-VIII-X,NONE,3903,3903.0,BRN-CBL,anatomical_structure,1
IXI336,UNesT,0.2.7,BRN-BASAL-FOREBRAIN,Basal-Forebrain,LEFT,650,650.0,BRN-DGM,anatomical_structure,1
IXI336,UNesT,0.2.7,BRN-BASAL-FOREBRAIN,Basal-Forebrain,RIGHT,641,641.0,BRN-DGM,anatomical_structure,1
IXI336,UNesT,0.2.7,BRN-ANTERIOR-CINGULATE-GYRUS,ACgG--anterior-cingulate-gyrus,RIGHT,5558,5558.0,BRN-LIM,anatomical_structure,4
IXI336,UNesT,0.2.7,BRN-ANTERIOR-CINGULATE-GYRUS,ACgG--anterior-cingulate-gyrus,LEFT,7446,7446.0,BRN-LIM,anatomical_structure,4
IXI336,UNesT,0.2.7,BRN-ANTERIOR-INSULA,AIns--anterior-insula,RIGHT,5420,5420.0,BRN-INS,anatomical_structure,4
IXI336,UNesT,0.2.7,BRN-ANTERIOR-INSULA,AIns--anterior-insula,LEFT,5977,5977.0,BRN-INS,anatomical_structure,4
IXI336,UNesT,0.2.7,BRN-ANTERIOR-ORBITAL-GYRUS,AOrG--anterior-orbital-gyrus,RIGHT,2717,2717.0,BRN-FRO,anatomical_structure,4
IXI336,UNesT,0.2.7,BRN-ANTERIOR-ORBITAL-GYRUS,AOrG--anterior-orbital-gyrus,LEFT,2381,2381.0,BRN-FRO,anatomical_structure,4
IXI336,UNesT,0.2.7,BRN-ANGULAR-GYRUS,AnG---angular-gyrus,RIGHT,13756,13756.0,BRN-PAR,anatomical_structure,4
IXI336,UNesT,0.2.7,BRN-ANGULAR-GYRUS,AnG---angular-gyrus,LEFT,12057,12057.0,BRN-PAR,anatomical_structure,4
IXI336,UNesT,0.2.7,BRN-CALCARINE-CORTEX,Calc--calcarine-cortex,RIGHT,7035,7035.0,BRN-OCC,anatomical_structure,4
IXI336,UNesT,0.2.7,BRN-CALCARINE-CORTEX,Calc--calcarine-cortex,LEFT,8002,8002.0,BRN-OCC,anatomical_structure,4
IXI336,UNesT,0.2.7,BRN-CENTRAL-OPERCULUM,CO----central-operculum,RIGHT,4964,4964.0,BRN-CER-COR,anatomical_structure,3
IXI336,UNesT,0.2.7,BRN-CENTRAL-OPERCULUM,CO----central-operculum,LEFT,6563,6563.0,BRN-CER-COR,anatomical_structure,3
IXI336,UNesT,0.2.7,BRN-CUNEUS,Cun---cuneus,RIGHT,8508,8508.0,BRN-CER-COR,anatomical_structure,1
IXI336,UNesT,0.2.7,BRN-CUNEUS,Cun---cuneus,LEFT,7538,7538.0,BRN-CER-COR,anatomical_structure,1
IXI336,UNesT,0.2.7,BRN-ENTORHINAL-AREA,Ent---entorhinal-area,RIGHT,3484,3484.0,BRN-LIM,anatomical_structure,1
IXI336,UNesT,0.2.7,BRN-ENTORHINAL-AREA,Ent---entorhinal-area,LEFT,3020,3020.0,BRN-LIM,anatomical_structure,1
IXI336,UNesT,0.2.7,BRN-FRONTAL-OPERCULUM,FO----frontal-operculum,RIGHT,2705,2705.0,BRN-FRO,anatomical_structure,4
IXI336,UNesT,0.2.7,BRN-FRONTAL-OPERCULUM,FO----frontal-operculum,LEFT,2690,2690.0,BRN-FRO,anatomical_structure,4
IXI336,UNesT,0.2.7,BRN-FRONTAL-POLE,FRP---frontal-pole,RIGHT,4137,4137.0,BRN-FRO,anatomical_structure,4
IXI336,UNesT,0.2.7,BRN-FRONTAL-POLE,FRP---frontal-pole,LEFT,4377,4377.0,BRN-FRO,anatomical_structure,4
IXI336,UNesT,0.2.7,BRN-FUSIFORM-GYRUS,FuG---fusiform-gyrus,RIGHT,8695,8695.0,BRN-TEM,anatomical_structure,4
IXI336,UNesT,0.2.7,BRN-FUSIFORM-GYRUS,FuG---fusiform-gyrus,LEFT,11300,11300.0,BRN-TEM,anatomical_structure,4
IXI336,UNesT,0.2.7,BRN-GYRUS-RECTUS,GRe---gyrus-rectus,RIGHT,2012,2012.0,BRN-FRO,anatomical_structure,4
IXI336,UNesT,0.2.7,BRN-GYRUS-RECTUS,GRe---gyrus-rectus,LEFT,2529,2529.0,BRN-FRO,anatomical_structure,4
IXI336,UNesT,0.2.7,BRN-INFERIOR-OCCIPITAL-GYRUS,IOG---inferior-occipital-gyrus,RIGHT,9614,9614.0,BRN-OCC,anatomical_structure,4
IXI336,UNesT,0.2.7,BRN-INFERIOR-OCCIPITAL-GYRUS,IOG---inferior-occipital-gyrus,LEFT,10520,10520.0,BRN-OCC,anatomical_structure,4
IXI336,UNesT,0.2.7,BRN-INFERIOR-TEMPORAL-GYRUS,ITG---inferior-temporal-gyrus,RIGHT,16543,16543.0,BRN-TEM,anatomical_structure,4
IXI336,UNesT,0.2.7,BRN-INFERIOR-TEMPORAL-GYRUS,ITG---inferior-temporal-gyrus,LEFT,19512,19512.0,BRN-TEM,anatomical_structure,4
IXI336,UNesT,0.2.7,BRN-LINGUAL-GYRUS,LiG---lingual-gyrus,RIGHT,13698,13698.0,BRN-OCC,anatomical_structure,4
IXI336,UNesT,0.2.7,BRN-LINGUAL-GYRUS,LiG---lingual-gyrus,LEFT,13750,13750.0,BRN-OCC,anatomical_structure,4
IXI336,UNesT,0.2.7,BRN-LATERAL-ORBITAL-GYRUS,LOrG--lateral-orbital-gyrus,RIGHT,3582,3582.0,BRN-FRO,anatomical_structure,4
IXI336,UNesT,0.2.7,BRN-LATERAL-ORBITAL-GYRUS,LOrG--lateral-orbital-gyrus,LEFT,3022,3022.0,BRN-FRO,anatomical_structure,4
IXI336,UNesT,0.2.7,BRN-MIDDLE-CINGULATE-GYRUS,MCgG--middle-cingulate-gyrus,RIGHT,7399,7399.0,BRN-LIM,anatomical_structure,4
IXI336,UNesT,0.2.7,BRN-MIDDLE-CINGULATE-GYRUS,MCgG--middle-cingulate-gyrus,LEFT,6298,6298.0,BRN-LIM,anatomical_structure,4
IXI336,UNesT,0.2.7,BRN-MEDIAL-FRONTAL-CORTEX,MFC---medial-frontal-cortex,RIGHT,2253,2253.0,BRN-FRO,anatomical_structure,4
IXI336,UNesT,0.2.7,BRN-MEDIAL-FRONTAL-CORTEX,MFC---medial-frontal-cortex,LEFT,2467,2467.0,BRN-FRO,anatomical_structure,4
IXI336,UNesT,0.2.7,BRN-MIDDLE-FRONTAL-GYRUS,MFG---middle-frontal-gyrus,RIGHT,31507,31507.0,BRN-FRO,anatomical_structure,4
IXI336,UNesT,0.2.7,BRN-MIDDLE-FRONTAL-GYRUS,MFG---middle-frontal-gyrus,LEFT,30317,30317.0,BRN-FRO,anatomical_structure,4
IXI336,UNesT,0.2.7,BRN-MIDDLE-OCCIPITAL-GYRUS,MOG---middle-occipital-gyrus,RIGHT,6971,6971.0,BRN-OCC,anatomical_structure,4
IXI336,UNesT,0.2.7,BRN-MIDDLE-OCCIPITAL-GYRUS,MOG---middle-occipital-gyrus,LEFT,7195,7195.0,BRN-OCC,anatomical_structure,4
IXI336,UNesT,0.2.7,BRN-MEDIAL-ORBITAL-GYRUS,MOrG--medial-orbital-gyrus,RIGHT,5364,5364.0,BRN-FRO,anatomical_structure,4
IXI336,UNesT,0.2.7,BRN-MEDIAL-ORBITAL-GYRUS,MOrG--medial-orbital-gyrus,LEFT,5875,5875.0,BRN-FRO,anatomical_structure,4
IXI336,UNesT,0.2.7,BRN-POG-MED,"Postcentral Gyrus, Medial Segment",RIGHT,1874,1874.0,BRN-PAR,cortical_subregion,4
IXI336,UNesT,0.2.7,BRN-POG-MED,"Postcentral Gyrus, Medial Segment",LEFT,1941,1941.0,BRN-PAR,cortical_subregion,4
IXI336,UNesT,0.2.7,BRN-PRG-MED,"Precentral Gyrus, Medial Segment",RIGHT,3959,3959.0,BRN-FRO,cortical_subregion,4
IXI336,UNesT,0.2.7,BRN-PRG-MED,"Precentral Gyrus, Medial Segment",LEFT,3770,3770.0,BRN-FRO,cortical_subregion,4
IXI336,UNesT,0.2.7,BRN-SUPERIOR-FRONTAL-GYRUS,MSFG--superior-frontal-gyrus,RIGHT,31332,31332.0,BRN-FRO,anatomical_structure,4
IXI336,UNesT,0.2.7,BRN-SUPERIOR-FRONTAL-GYRUS,MSFG--superior-frontal-gyrus,LEFT,26930,26930.0,BRN-FRO,anatomical_structure,4
IXI336,UNesT,0.2.7,BRN-MIDDLE-TEMPORAL-GYRUS,MTG---middle-temporal-gyrus,RIGHT,18182,18182.0,BRN-TEM,anatomical_structure,4
IXI336,UNesT,0.2.7,BRN-MIDDLE-TEMPORAL-GYRUS,MTG---middle-temporal-gyrus,LEFT,17154,17154.0,BRN-TEM,anatomical_structure,4
IXI336,UNesT,0.2.7,BRN-OCCIPITAL-POLE,OCP---occipital-pole,RIGHT,5849,5849.0,BRN-OCC,anatomical_structure,4
IXI336,UNesT,0.2.7,BRN-OCCIPITAL-POLE,OCP---occipital-pole,LEFT,7966,7966.0,BRN-OCC,anatomical_structure,4
IXI336,UNesT,0.2.7,BRN-OCCIPITAL-FUSIFORM-GYRUS,OFuG--occipital-fusiform-gyrus,RIGHT,7126,7126.0,BRN-OCC,anatomical_structure,4
IXI336,UNesT,0.2.7,BRN-OCCIPITAL-FUSIFORM-GYRUS,OFuG--occipital-fusiform-gyrus,LEFT,6815,6815.0,BRN-OCC,anatomical_structure,4
IXI336,UNesT,0.2.7,BRN-OPIFG-OPERCULAR-PART-OF-THE-IFG,OpIFG-opercular-part-of-the-IFG,RIGHT,4292,4292.0,BRN-CER-COR,anatomical_structure,1
IXI336,UNesT,0.2.7,BRN-OPIFG-OPERCULAR-PART-OF-THE-IFG,OpIFG-opercular-part-of-the-IFG,LEFT,4453,4453.0,BRN-CER-COR,anatomical_structure,1
IXI336,UNesT,0.2.7,BRN-ORIFG-ORBITAL-PART-OF-THE-IFG,OrIFG-orbital-part-of-the-IFG,RIGHT,2376,2376.0,BRN-CER-COR,anatomical_structure,1
IXI336,UNesT,0.2.7,BRN-ORIFG-ORBITAL-PART-OF-THE-IFG,OrIFG-orbital-part-of-the-IFG,LEFT,2509,2509.0,BRN-CER-COR,anatomical_structure,1
IXI336,UNesT,0.2.7,BRN-POSTERIOR-CINGULATE-GYRUS,PCgG--posterior-cingulate-gyrus,RIGHT,6017,6017.0,BRN-LIM,anatomical_structure,4
IXI336,UNesT,0.2.7,BRN-POSTERIOR-CINGULATE-GYRUS,PCgG--posterior-cingulate-gyrus,LEFT,5851,5851.0,BRN-LIM,anatomical_structure,4
IXI336,UNesT,0.2.7,BRN-PCU,PCu---precuneus,RIGHT,14278,14278.0,BRN-PAR,cortical_structure,4
IXI336,UNesT,0.2.7,BRN-PCU,PCu---precuneus,LEFT,13156,13156.0,BRN-PAR,cortical_structure,4
IXI336,UNesT,0.2.7,BRN-PARAHIPPOCAMPAL-GYRUS,PHG---parahippocampal-gyrus,RIGHT,3665,3665.0,BRN-LIM,anatomical_structure,4
IXI336,UNesT,0.2.7,BRN-PARAHIPPOCAMPAL-GYRUS,PHG---parahippocampal-gyrus,LEFT,3822,3822.0,BRN-LIM,anatomical_structure,4
IXI336,UNesT,0.2.7,BRN-POSTERIOR-INSULA,PIns--posterior-insula,RIGHT,2720,2720.0,BRN-INS,anatomical_structure,4
IXI336,UNesT,0.2.7,BRN-POSTERIOR-INSULA,PIns--posterior-insula,LEFT,2587,2587.0,BRN-INS,anatomical_structure,4
IXI336,UNesT,0.2.7,BRN-PARIETAL-OPERCULUM,PO----parietal-operculum,RIGHT,3763,3763.0,BRN-PAR,anatomical_structure,4
IXI336,UNesT,0.2.7,BRN-PARIETAL-OPERCULUM,PO----parietal-operculum,LEFT,4359,4359.0,BRN-PAR,anatomical_structure,4
IXI336,UNesT,0.2.7,BRN-POG,MPoG--postcentral-gyrus,RIGHT,15756,15756.0,BRN-PAR,cortical_structure,4
IXI336,UNesT,0.2.7,BRN-POG,MPoG--postcentral-gyrus,LEFT,19780,19780.0,BRN-PAR,cortical_structure,4
IXI336,UNesT,0.2.7,BRN-POSTERIOR-ORBITAL-GYRUS,POrG--posterior-orbital-gyrus,RIGHT,4591,4591.0,BRN-FRO,anatomical_structure,4
IXI336,UNesT,0.2.7,BRN-POSTERIOR-ORBITAL-GYRUS,POrG--posterior-orbital-gyrus,LEFT,5028,5028.0,BRN-FRO,anatomical_structure,4
IXI336,UNesT,0.2.7,BRN-PLANUM-POLARE,PP----planum-polare,RIGHT,2384,2384.0,BRN-TEM,anatomical_structure,4
IXI336,UNesT,0.2.7,BRN-PLANUM-POLARE,PP----planum-polare,LEFT,3133,3133.0,BRN-TEM,anatomical_structure,4
IXI336,UNesT,0.2.7,BRN-PRG,MPrG--precentral-gyrus,RIGHT,20617,20617.0,BRN-FRO,cortical_structure,4
IXI336,UNesT,0.2.7,BRN-PRG,MPrG--precentral-gyrus,LEFT,23904,23904.0,BRN-FRO,cortical_structure,4
IXI336,UNesT,0.2.7,BRN-PLANUM-TEMPORALE,PT----planum-temporale,RIGHT,2330,2330.0,BRN-TEM,anatomical_structure,4
IXI336,UNesT,0.2.7,BRN-PLANUM-TEMPORALE,PT----planum-temporale,LEFT,3063,3063.0,BRN-TEM,anatomical_structure,4
IXI336,UNesT,0.2.7,BRN-SUBCALLOSAL-AREA,SCA---subcallosal-area,RIGHT,1909,1909.0,BRN-LIM,anatomical_structure,4
IXI336,UNesT,0.2.7,BRN-SUBCALLOSAL-AREA,SCA---subcallosal-area,LEFT,1920,1920.0,BRN-LIM,anatomical_structure,4
IXI336,UNesT,0.2.7,BRN-SUPPLEMENTARY-MOTOR-CORTEX,SMC---supplementary-motor-cortex,RIGHT,8002,8002.0,BRN-FRO,anatomical_structure,4
IXI336,UNesT,0.2.7,BRN-SUPPLEMENTARY-MOTOR-CORTEX,SMC---supplementary-motor-cortex,LEFT,9395,9395.0,BRN-FRO,anatomical_structure,4
IXI336,UNesT,0.2.7,BRN-SUPRAMARGINAL-GYRUS,SMG---supramarginal-gyrus,RIGHT,12424,12424.0,BRN-PAR,anatomical_structure,4
IXI336,UNesT,0.2.7,BRN-SUPRAMARGINAL-GYRUS,SMG---supramarginal-gyrus,LEFT,13089,13089.0,BRN-PAR,anatomical_structure,4
IXI336,UNesT,0.2.7,BRN-SUPERIOR-OCCIPITAL-GYRUS,SOG---superior-occipital-gyrus,RIGHT,7417,7417.0,BRN-OCC,anatomical_structure,4
IXI336,UNesT,0.2.7,BRN-SUPERIOR-OCCIPITAL-GYRUS,SOG---superior-occipital-gyrus,LEFT,6099,6099.0,BRN-OCC,anatomical_structure,4
IXI336,UNesT,0.2.7,BRN-SUPERIOR-PARIETAL-LOBULE,SPL---superior-parietal-lobule,RIGHT,16853,16853.0,BRN-CER-COR,anatomical_structure,1
IXI336,UNesT,0.2.7,BRN-SUPERIOR-PARIETAL-LOBULE,SPL---superior-parietal-lobule,LEFT,17713,17713.0,BRN-CER-COR,anatomical_structure,1
IXI336,UNesT,0.2.7,BRN-SUPERIOR-TEMPORAL-GYRUS,STG---superior-temporal-gyrus,RIGHT,8956,8956.0,BRN-TEM,anatomical_structure,4
IXI336,UNesT,0.2.7,BRN-SUPERIOR-TEMPORAL-GYRUS,STG---superior-temporal-gyrus,LEFT,8988,8988.0,BRN-TEM,anatomical_structure,4
IXI336,UNesT,0.2.7,BRN-TEMPORAL-POLE,TMP---temporal-pole,RIGHT,12224,12224.0,BRN-TEM,anatomical_structure,4
IXI336,UNesT,0.2.7,BRN-TEMPORAL-POLE,TMP---temporal-pole,LEFT,11275,11275.0,BRN-TEM,anatomical_structure,4
IXI336,UNesT,0.2.7,BRN-TRIFG-TRIANGULAR-PART-OF-THE-IFG,TrIFG-triangular-part-of-the-IFG,RIGHT,4518,4518.0,BRN-CER-COR,anatomical_structure,1
IXI336,UNesT,0.2.7,BRN-TRIFG-TRIANGULAR-PART-OF-THE-IFG,TrIFG-triangular-part-of-the-IFG,LEFT,4285,4285.0,BRN-CER-COR,anatomical_structure,1
IXI336,UNesT,0.2.7,BRN-TRANSVERSE-TEMPORAL-GYRUS,TTG---transverse-temporal-gyrus,RIGHT,2560,2560.0,BRN-TEM,anatomical_structure,4
IXI336,UNesT,0.2.7,BRN-TRANSVERSE-TEMPORAL-GYRUS,TTG---transverse-temporal-gyrus,LEFT,2653,2653.0,BRN-TEM,anatomical_structure,4
IXI305,UNesT,0.2.7,BRN-3RD-VENTRICLE,3rd-Ventricle,NONE,2229,2229.0,BRN-VEN,anatomical_structure,1
IXI305,UNesT,0.2.7,BRN-4TH-VENTRICLE,4th-Ventricle,NONE,2153,2153.0,BRN-VEN,anatomical_structure,1
IXI305,UNesT,0.2.7,BRN-ACC,Accumbens-Area,RIGHT,602,602.0,BRN-DGM,anatomical_structure,1
IXI305,UNesT,0.2.7,BRN-ACC,Accumbens-Area,LEFT,510,510.0,BRN-DGM,anatomical_structure,1
IXI305,UNesT,0.2.7,BRN-AMY,Amygdala,RIGHT,1194,1194.0,BRN-DGM,deep_gray_matter,1
IXI305,UNesT,0.2.7,BRN-AMY,Amygdala,LEFT,1145,1145.0,BRN-DGM,deep_gray_matter,1
IXI305,UNesT,0.2.7,BRN-BST,Brain-Stem,NONE,16246,16246.0,BRN-BST-GRP,brainstem,1
IXI305,UNesT,0.2.7,BRN-CAU,Caudate,RIGHT,3300,3300.0,BRN-DGM,deep_gray_matter,1
IXI305,UNesT,0.2.7,BRN-CAU,Caudate,LEFT,3698,3698.0,BRN-DGM,deep_gray_matter,1
IXI305,UNesT,0.2.7,BRN-CB-EXT,Cerebellum-Exterior,RIGHT,67480,67480.0,BRN-CBL,anatomical_structure,1
IXI305,UNesT,0.2.7,BRN-CB-EXT,Cerebellum-Exterior,LEFT,63815,63815.0,BRN-CBL,anatomical_structure,1
IXI305,UNesT,0.2.7,BRN-CB-WM,Cerebellum-White-Matter,RIGHT,7372,7372.0,BRN-CBL,anatomical_structure,1
IXI305,UNesT,0.2.7,BRN-CB-WM,Cerebellum-White-Matter,LEFT,8819,8819.0,BRN-CBL,anatomical_structure,1
IXI305,UNesT,0.2.7,BRN-CER-WM,Cerebral-White-Matter,RIGHT,221737,221737.0,BRN-WM,anatomical_structure,1
IXI305,UNesT,0.2.7,BRN-CER-WM,Cerebral-White-Matter,LEFT,243812,243812.0,BRN-WM,anatomical_structure,1
IXI305,UNesT,0.2.7,BRN-HIP,Hippocampus,RIGHT,4864,4864.0,BRN-LIM,deep_gray_matter,1
IXI305,UNesT,0.2.7,BRN-HIP,Hippocampus,LEFT,4378,4378.0,BRN-LIM,deep_gray_matter,1
IXI305,UNesT,0.2.7,BRN-INF-LAT-V,Inf-Lat-Vent,RIGHT,372,372.0,BRN-VEN,anatomical_structure,1
IXI305,UNesT,0.2.7,BRN-INF-LAT-V,Inf-Lat-Vent,LEFT,165,165.0,BRN-VEN,anatomical_structure,1
IXI305,UNesT,0.2.7,BRN-LAT-V,Lateral-Ventricle,RIGHT,12450,12450.0,BRN-VEN,anatomical_structure,1
IXI305,UNesT,0.2.7,BRN-LAT-V,Lateral-Ventricle,LEFT,17181,17181.0,BRN-VEN,anatomical_structure,1
IXI305,UNesT,0.2.7,BRN-PAL,Pallidum,RIGHT,1655,1655.0,BRN-DGM,deep_gray_matter,1
IXI305,UNesT,0.2.7,BRN-PAL,Pallidum,LEFT,1879,1879.0,BRN-DGM,deep_gray_matter,1
IXI305,UNesT,0.2.7,BRN-PUT,Putamen,RIGHT,4098,4098.0,BRN-DGM,deep_gray_matter,1
IXI305,UNesT,0.2.7,BRN-PUT,Putamen,LEFT,3425,3425.0,BRN-DGM,deep_gray_matter,1
IXI305,UNesT,0.2.7,BRN-THA,Thalamus-Proper,RIGHT,8899,8899.0,BRN-DGM,deep_gray_matter,1
IXI305,UNesT,0.2.7,BRN-THA,Thalamus-Proper,LEFT,9450,9450.0,BRN-DGM,deep_gray_matter,1
IXI305,UNesT,0.2.7,BRN-VDC,Ventral-DC,RIGHT,5772,5772.0,BRN-DGM,anatomical_structure,1
IXI305,UNesT,0.2.7,BRN-VDC,Ventral-DC,LEFT,5930,5930.0,BRN-DGM,anatomical_structure,1
IXI305,UNesT,0.2.7,BRN-CEREBELLAR-VERMAL-LOBULES-I-V,Cerebellar-Vermal-Lobules-I-V,NONE,6343,6343.0,BRN-CBL,anatomical_structure,1
IXI305,UNesT,0.2.7,BRN-CEREBELLAR-VERMAL-LOBULES-VI-VII,Cerebellar-Vermal-Lobules-VI-VII,NONE,3900,3900.0,BRN-CBL,anatomical_structure,1
IXI305,UNesT,0.2.7,BRN-CEREBELLAR-VERMAL-LOBULES-VIII-X,Cerebellar-Vermal-Lobules-VIII-X,NONE,3563,3563.0,BRN-CBL,anatomical_structure,1
IXI305,UNesT,0.2.7,BRN-BASAL-FOREBRAIN,Basal-Forebrain,LEFT,786,786.0,BRN-DGM,anatomical_structure,1
IXI305,UNesT,0.2.7,BRN-BASAL-FOREBRAIN,Basal-Forebrain,RIGHT,778,778.0,BRN-DGM,anatomical_structure,1
IXI305,UNesT,0.2.7,BRN-ANTERIOR-CINGULATE-GYRUS,ACgG--anterior-cingulate-gyrus,RIGHT,7005,7005.0,BRN-LIM,anatomical_structure,4
IXI305,UNesT,0.2.7,BRN-ANTERIOR-CINGULATE-GYRUS,ACgG--anterior-cingulate-gyrus,LEFT,7559,7559.0,BRN-LIM,anatomical_structure,4
IXI305,UNesT,0.2.7,BRN-ANTERIOR-INSULA,AIns--anterior-insula,RIGHT,4752,4752.0,BRN-INS,anatomical_structure,4
IXI305,UNesT,0.2.7,BRN-ANTERIOR-INSULA,AIns--anterior-insula,LEFT,5080,5080.0,BRN-INS,anatomical_structure,4
IXI305,UNesT,0.2.7,BRN-ANTERIOR-ORBITAL-GYRUS,AOrG--anterior-orbital-gyrus,RIGHT,3072,3072.0,BRN-FRO,anatomical_structure,4
IXI305,UNesT,0.2.7,BRN-ANTERIOR-ORBITAL-GYRUS,AOrG--anterior-orbital-gyrus,LEFT,2329,2329.0,BRN-FRO,anatomical_structure,4
IXI305,UNesT,0.2.7,BRN-ANGULAR-GYRUS,AnG---angular-gyrus,RIGHT,13182,13182.0,BRN-PAR,anatomical_structure,4
IXI305,UNesT,0.2.7,BRN-ANGULAR-GYRUS,AnG---angular-gyrus,LEFT,10350,10350.0,BRN-PAR,anatomical_structure,4
IXI305,UNesT,0.2.7,BRN-CALCARINE-CORTEX,Calc--calcarine-cortex,RIGHT,3147,3147.0,BRN-OCC,anatomical_structure,4
IXI305,UNesT,0.2.7,BRN-CALCARINE-CORTEX,Calc--calcarine-cortex,LEFT,2825,2825.0,BRN-OCC,anatomical_structure,4
IXI305,UNesT,0.2.7,BRN-CENTRAL-OPERCULUM,CO----central-operculum,RIGHT,6081,6081.0,BRN-CER-COR,anatomical_structure,3
IXI305,UNesT,0.2.7,BRN-CENTRAL-OPERCULUM,CO----central-operculum,LEFT,6450,6450.0,BRN-CER-COR,anatomical_structure,3
IXI305,UNesT,0.2.7,BRN-CUNEUS,Cun---cuneus,RIGHT,4396,4396.0,BRN-CER-COR,anatomical_structure,1
IXI305,UNesT,0.2.7,BRN-CUNEUS,Cun---cuneus,LEFT,4467,4467.0,BRN-CER-COR,anatomical_structure,1
IXI305,UNesT,0.2.7,BRN-ENTORHINAL-AREA,Ent---entorhinal-area,RIGHT,3004,3004.0,BRN-LIM,anatomical_structure,1
IXI305,UNesT,0.2.7,BRN-ENTORHINAL-AREA,Ent---entorhinal-area,LEFT,2806,2806.0,BRN-LIM,anatomical_structure,1
IXI305,UNesT,0.2.7,BRN-FRONTAL-OPERCULUM,FO----frontal-operculum,RIGHT,2930,2930.0,BRN-FRO,anatomical_structure,4
IXI305,UNesT,0.2.7,BRN-FRONTAL-OPERCULUM,FO----frontal-operculum,LEFT,2082,2082.0,BRN-FRO,anatomical_structure,4
IXI305,UNesT,0.2.7,BRN-FRONTAL-POLE,FRP---frontal-pole,RIGHT,6088,6088.0,BRN-FRO,anatomical_structure,4
IXI305,UNesT,0.2.7,BRN-FRONTAL-POLE,FRP---frontal-pole,LEFT,6022,6022.0,BRN-FRO,anatomical_structure,4
IXI305,UNesT,0.2.7,BRN-FUSIFORM-GYRUS,FuG---fusiform-gyrus,RIGHT,9421,9421.0,BRN-TEM,anatomical_structure,4
IXI305,UNesT,0.2.7,BRN-FUSIFORM-GYRUS,FuG---fusiform-gyrus,LEFT,8526,8526.0,BRN-TEM,anatomical_structure,4
IXI305,UNesT,0.2.7,BRN-GYRUS-RECTUS,GRe---gyrus-rectus,RIGHT,2847,2847.0,BRN-FRO,anatomical_structure,4
IXI305,UNesT,0.2.7,BRN-GYRUS-RECTUS,GRe---gyrus-rectus,LEFT,2691,2691.0,BRN-FRO,anatomical_structure,4
IXI305,UNesT,0.2.7,BRN-INFERIOR-OCCIPITAL-GYRUS,IOG---inferior-occipital-gyrus,RIGHT,8983,8983.0,BRN-OCC,anatomical_structure,4
IXI305,UNesT,0.2.7,BRN-INFERIOR-OCCIPITAL-GYRUS,IOG---inferior-occipital-gyrus,LEFT,7329,7329.0,BRN-OCC,anatomical_structure,4
IXI305,UNesT,0.2.7,BRN-INFERIOR-TEMPORAL-GYRUS,ITG---inferior-temporal-gyrus,RIGHT,16073,16073.0,BRN-TEM,anatomical_structure,4
IXI305,UNesT,0.2.7,BRN-INFERIOR-TEMPORAL-GYRUS,ITG---inferior-temporal-gyrus,LEFT,18462,18462.0,BRN-TEM,anatomical_structure,4
IXI305,UNesT,0.2.7,BRN-LINGUAL-GYRUS,LiG---lingual-gyrus,RIGHT,11991,11991.0,BRN-OCC,anatomical_structure,4
IXI305,UNesT,0.2.7,BRN-LINGUAL-GYRUS,LiG---lingual-gyrus,LEFT,10659,10659.0,BRN-OCC,anatomical_structure,4
IXI305,UNesT,0.2.7,BRN-LATERAL-ORBITAL-GYRUS,LOrG--lateral-orbital-gyrus,RIGHT,3841,3841.0,BRN-FRO,anatomical_structure,4
IXI305,UNesT,0.2.7,BRN-LATERAL-ORBITAL-GYRUS,LOrG--lateral-orbital-gyrus,LEFT,3585,3585.0,BRN-FRO,anatomical_structure,4
IXI305,UNesT,0.2.7,BRN-MIDDLE-CINGULATE-GYRUS,MCgG--middle-cingulate-gyrus,RIGHT,7251,7251.0,BRN-LIM,anatomical_structure,4
IXI305,UNesT,0.2.7,BRN-MIDDLE-CINGULATE-GYRUS,MCgG--middle-cingulate-gyrus,LEFT,7193,7193.0,BRN-LIM,anatomical_structure,4
IXI305,UNesT,0.2.7,BRN-MEDIAL-FRONTAL-CORTEX,MFC---medial-frontal-cortex,RIGHT,2415,2415.0,BRN-FRO,anatomical_structure,4
IXI305,UNesT,0.2.7,BRN-MEDIAL-FRONTAL-CORTEX,MFC---medial-frontal-cortex,LEFT,2108,2108.0,BRN-FRO,anatomical_structure,4
IXI305,UNesT,0.2.7,BRN-MIDDLE-FRONTAL-GYRUS,MFG---middle-frontal-gyrus,RIGHT,27920,27920.0,BRN-FRO,anatomical_structure,4
IXI305,UNesT,0.2.7,BRN-MIDDLE-FRONTAL-GYRUS,MFG---middle-frontal-gyrus,LEFT,26733,26733.0,BRN-FRO,anatomical_structure,4
IXI305,UNesT,0.2.7,BRN-MIDDLE-OCCIPITAL-GYRUS,MOG---middle-occipital-gyrus,RIGHT,5642,5642.0,BRN-OCC,anatomical_structure,4
IXI305,UNesT,0.2.7,BRN-MIDDLE-OCCIPITAL-GYRUS,MOG---middle-occipital-gyrus,LEFT,6417,6417.0,BRN-OCC,anatomical_structure,4
IXI305,UNesT,0.2.7,BRN-MEDIAL-ORBITAL-GYRUS,MOrG--medial-orbital-gyrus,RIGHT,5388,5388.0,BRN-FRO,anatomical_structure,4
IXI305,UNesT,0.2.7,BRN-MEDIAL-ORBITAL-GYRUS,MOrG--medial-orbital-gyrus,LEFT,5471,5471.0,BRN-FRO,anatomical_structure,4
IXI305,UNesT,0.2.7,BRN-POG-MED,"Postcentral Gyrus, Medial Segment",RIGHT,1355,1355.0,BRN-PAR,cortical_subregion,4
IXI305,UNesT,0.2.7,BRN-POG-MED,"Postcentral Gyrus, Medial Segment",LEFT,1890,1890.0,BRN-PAR,cortical_subregion,4
IXI305,UNesT,0.2.7,BRN-PRG-MED,"Precentral Gyrus, Medial Segment",RIGHT,4169,4169.0,BRN-FRO,cortical_subregion,4
IXI305,UNesT,0.2.7,BRN-PRG-MED,"Precentral Gyrus, Medial Segment",LEFT,4280,4280.0,BRN-FRO,cortical_subregion,4
IXI305,UNesT,0.2.7,BRN-SUPERIOR-FRONTAL-GYRUS,MSFG--superior-frontal-gyrus,RIGHT,32635,32635.0,BRN-FRO,anatomical_structure,4
IXI305,UNesT,0.2.7,BRN-SUPERIOR-FRONTAL-GYRUS,MSFG--superior-frontal-gyrus,LEFT,30479,30479.0,BRN-FRO,anatomical_structure,4
IXI305,UNesT,0.2.7,BRN-MIDDLE-TEMPORAL-GYRUS,MTG---middle-temporal-gyrus,RIGHT,19108,19108.0,BRN-TEM,anatomical_structure,4
IXI305,UNesT,0.2.7,BRN-MIDDLE-TEMPORAL-GYRUS,MTG---middle-temporal-gyrus,LEFT,18178,18178.0,BRN-TEM,anatomical_structure,4
IXI305,UNesT,0.2.7,BRN-OCCIPITAL-POLE,OCP---occipital-pole,RIGHT,3255,3255.0,BRN-OCC,anatomical_structure,4
IXI305,UNesT,0.2.7,BRN-OCCIPITAL-POLE,OCP---occipital-pole,LEFT,3925,3925.0,BRN-OCC,anatomical_structure,4
IXI305,UNesT,0.2.7,BRN-OCCIPITAL-FUSIFORM-GYRUS,OFuG--occipital-fusiform-gyrus,RIGHT,6963,6963.0,BRN-OCC,anatomical_structure,4
IXI305,UNesT,0.2.7,BRN-OCCIPITAL-FUSIFORM-GYRUS,OFuG--occipital-fusiform-gyrus,LEFT,4817,4817.0,BRN-OCC,anatomical_structure,4
IXI305,UNesT,0.2.7,BRN-OPIFG-OPERCULAR-PART-OF-THE-IFG,OpIFG-opercular-part-of-the-IFG,RIGHT,4784,4784.0,BRN-CER-COR,anatomical_structure,1
IXI305,UNesT,0.2.7,BRN-OPIFG-OPERCULAR-PART-OF-THE-IFG,OpIFG-opercular-part-of-the-IFG,LEFT,5155,5155.0,BRN-CER-COR,anatomical_structure,1
IXI305,UNesT,0.2.7,BRN-ORIFG-ORBITAL-PART-OF-THE-IFG,OrIFG-orbital-part-of-the-IFG,RIGHT,2200,2200.0,BRN-CER-COR,anatomical_structure,1
IXI305,UNesT,0.2.7,BRN-ORIFG-ORBITAL-PART-OF-THE-IFG,OrIFG-orbital-part-of-the-IFG,LEFT,2562,2562.0,BRN-CER-COR,anatomical_structure,1
IXI305,UNesT,0.2.7,BRN-POSTERIOR-CINGULATE-GYRUS,PCgG--posterior-cingulate-gyrus,RIGHT,5064,5064.0,BRN-LIM,anatomical_structure,4
IXI305,UNesT,0.2.7,BRN-POSTERIOR-CINGULATE-GYRUS,PCgG--posterior-cingulate-gyrus,LEFT,4342,4342.0,BRN-LIM,anatomical_structure,4
IXI305,UNesT,0.2.7,BRN-PCU,PCu---precuneus,RIGHT,15053,15053.0,BRN-PAR,cortical_structure,4
IXI305,UNesT,0.2.7,BRN-PCU,PCu---precuneus,LEFT,14300,14300.0,BRN-PAR,cortical_structure,4
IXI305,UNesT,0.2.7,BRN-PARAHIPPOCAMPAL-GYRUS,PHG---parahippocampal-gyrus,RIGHT,3724,3724.0,BRN-LIM,anatomical_structure,4
IXI305,UNesT,0.2.7,BRN-PARAHIPPOCAMPAL-GYRUS,PHG---parahippocampal-gyrus,LEFT,4045,4045.0,BRN-LIM,anatomical_structure,4
IXI305,UNesT,0.2.7,BRN-POSTERIOR-INSULA,PIns--posterior-insula,RIGHT,3788,3788.0,BRN-INS,anatomical_structure,4
IXI305,UNesT,0.2.7,BRN-POSTERIOR-INSULA,PIns--posterior-insula,LEFT,3242,3242.0,BRN-INS,anatomical_structure,4
IXI305,UNesT,0.2.7,BRN-PARIETAL-OPERCULUM,PO----parietal-operculum,RIGHT,3561,3561.0,BRN-PAR,anatomical_structure,4
IXI305,UNesT,0.2.7,BRN-PARIETAL-OPERCULUM,PO----parietal-operculum,LEFT,4390,4390.0,BRN-PAR,anatomical_structure,4
IXI305,UNesT,0.2.7,BRN-POG,MPoG--postcentral-gyrus,RIGHT,14630,14630.0,BRN-PAR,cortical_structure,4
IXI305,UNesT,0.2.7,BRN-POG,MPoG--postcentral-gyrus,LEFT,17525,17525.0,BRN-PAR,cortical_structure,4
IXI305,UNesT,0.2.7,BRN-POSTERIOR-ORBITAL-GYRUS,POrG--posterior-orbital-gyrus,RIGHT,3521,3521.0,BRN-FRO,anatomical_structure,4
IXI305,UNesT,0.2.7,BRN-POSTERIOR-ORBITAL-GYRUS,POrG--posterior-orbital-gyrus,LEFT,4833,4833.0,BRN-FRO,anatomical_structure,4
IXI305,UNesT,0.2.7,BRN-PLANUM-POLARE,PP----planum-polare,RIGHT,3262,3262.0,BRN-TEM,anatomical_structure,4
IXI305,UNesT,0.2.7,BRN-PLANUM-POLARE,PP----planum-polare,LEFT,4261,4261.0,BRN-TEM,anatomical_structure,4
IXI305,UNesT,0.2.7,BRN-PRG,MPrG--precentral-gyrus,RIGHT,19117,19117.0,BRN-FRO,cortical_structure,4
IXI305,UNesT,0.2.7,BRN-PRG,MPrG--precentral-gyrus,LEFT,20827,20827.0,BRN-FRO,cortical_structure,4
IXI305,UNesT,0.2.7,BRN-PLANUM-TEMPORALE,PT----planum-temporale,RIGHT,3238,3238.0,BRN-TEM,anatomical_structure,4
IXI305,UNesT,0.2.7,BRN-PLANUM-TEMPORALE,PT----planum-temporale,LEFT,3434,3434.0,BRN-TEM,anatomical_structure,4
IXI305,UNesT,0.2.7,BRN-SUBCALLOSAL-AREA,SCA---subcallosal-area,RIGHT,2554,2554.0,BRN-LIM,anatomical_structure,4
IXI305,UNesT,0.2.7,BRN-SUBCALLOSAL-AREA,SCA---subcallosal-area,LEFT,2282,2282.0,BRN-LIM,anatomical_structure,4
IXI305,UNesT,0.2.7,BRN-SUPPLEMENTARY-MOTOR-CORTEX,SMC---supplementary-motor-cortex,RIGHT,9922,9922.0,BRN-FRO,anatomical_structure,4
IXI305,UNesT,0.2.7,BRN-SUPPLEMENTARY-MOTOR-CORTEX,SMC---supplementary-motor-cortex,LEFT,9747,9747.0,BRN-FRO,anatomical_structure,4
IXI305,UNesT,0.2.7,BRN-SUPRAMARGINAL-GYRUS,SMG---supramarginal-gyrus,RIGHT,9844,9844.0,BRN-PAR,anatomical_structure,4
IXI305,UNesT,0.2.7,BRN-SUPRAMARGINAL-GYRUS,SMG---supramarginal-gyrus,LEFT,13240,13240.0,BRN-PAR,anatomical_structure,4
IXI305,UNesT,0.2.7,BRN-SUPERIOR-OCCIPITAL-GYRUS,SOG---superior-occipital-gyrus,RIGHT,5755,5755.0,BRN-OCC,anatomical_structure,4
IXI305,UNesT,0.2.7,BRN-SUPERIOR-OCCIPITAL-GYRUS,SOG---superior-occipital-gyrus,LEFT,3785,3785.0,BRN-OCC,anatomical_structure,4
IXI305,UNesT,0.2.7,BRN-SUPERIOR-PARIETAL-LOBULE,SPL---superior-parietal-lobule,RIGHT,15901,15901.0,BRN-CER-COR,anatomical_structure,1
IXI305,UNesT,0.2.7,BRN-SUPERIOR-PARIETAL-LOBULE,SPL---superior-parietal-lobule,LEFT,16596,16596.0,BRN-CER-COR,anatomical_structure,1
IXI305,UNesT,0.2.7,BRN-SUPERIOR-TEMPORAL-GYRUS,STG---superior-temporal-gyrus,RIGHT,9849,9849.0,BRN-TEM,anatomical_structure,4
IXI305,UNesT,0.2.7,BRN-SUPERIOR-TEMPORAL-GYRUS,STG---superior-temporal-gyrus,LEFT,10361,10361.0,BRN-TEM,anatomical_structure,4
IXI305,UNesT,0.2.7,BRN-TEMPORAL-POLE,TMP---temporal-pole,RIGHT,12434,12434.0,BRN-TEM,anatomical_structure,4
IXI305,UNesT,0.2.7,BRN-TEMPORAL-POLE,TMP---temporal-pole,LEFT,11507,11507.0,BRN-TEM,anatomical_structure,4
IXI305,UNesT,0.2.7,BRN-TRIFG-TRIANGULAR-PART-OF-THE-IFG,TrIFG-triangular-part-of-the-IFG,RIGHT,4950,4950.0,BRN-CER-COR,anatomical_structure,1
IXI305,UNesT,0.2.7,BRN-TRIFG-TRIANGULAR-PART-OF-THE-IFG,TrIFG-triangular-part-of-the-IFG,LEFT,4914,4914.0,BRN-CER-COR,anatomical_structure,1
IXI305,UNesT,0.2.7,BRN-TRANSVERSE-TEMPORAL-GYRUS,TTG---transverse-temporal-gyrus,RIGHT,3455,3455.0,BRN-TEM,anatomical_structure,4
IXI305,UNesT,0.2.7,BRN-TRANSVERSE-TEMPORAL-GYRUS,TTG---transverse-temporal-gyrus,LEFT,3866,3866.0,BRN-TEM,anatomical_structure,4
IXI321,UNesT,0.2.7,BRN-3RD-VENTRICLE,3rd-Ventricle,NONE,3081,3081.0,BRN-VEN,anatomical_structure,1
IXI321,UNesT,0.2.7,BRN-4TH-VENTRICLE,4th-Ventricle,NONE,2040,2040.0,BRN-VEN,anatomical_structure,1
IXI321,UNesT,0.2.7,BRN-ACC,Accumbens-Area,RIGHT,456,456.0,BRN-DGM,anatomical_structure,1
IXI321,UNesT,0.2.7,BRN-ACC,Accumbens-Area,LEFT,605,605.0,BRN-DGM,anatomical_structure,1
IXI321,UNesT,0.2.7,BRN-AMY,Amygdala,RIGHT,1590,1590.0,BRN-DGM,deep_gray_matter,1
IXI321,UNesT,0.2.7,BRN-AMY,Amygdala,LEFT,1443,1443.0,BRN-DGM,deep_gray_matter,1
IXI321,UNesT,0.2.7,BRN-BST,Brain-Stem,NONE,23192,23192.0,BRN-BST-GRP,brainstem,1
IXI321,UNesT,0.2.7,BRN-CAU,Caudate,RIGHT,3735,3735.0,BRN-DGM,deep_gray_matter,1
IXI321,UNesT,0.2.7,BRN-CAU,Caudate,LEFT,3585,3585.0,BRN-DGM,deep_gray_matter,1
IXI321,UNesT,0.2.7,BRN-CB-EXT,Cerebellum-Exterior,RIGHT,66970,66970.0,BRN-CBL,anatomical_structure,1
IXI321,UNesT,0.2.7,BRN-CB-EXT,Cerebellum-Exterior,LEFT,66633,66633.0,BRN-CBL,anatomical_structure,1
IXI321,UNesT,0.2.7,BRN-CB-WM,Cerebellum-White-Matter,RIGHT,16682,16682.0,BRN-CBL,anatomical_structure,1
IXI321,UNesT,0.2.7,BRN-CB-WM,Cerebellum-White-Matter,LEFT,16030,16030.0,BRN-CBL,anatomical_structure,1
IXI321,UNesT,0.2.7,BRN-CER-WM,Cerebral-White-Matter,RIGHT,280351,280351.0,BRN-WM,anatomical_structure,1
IXI321,UNesT,0.2.7,BRN-CER-WM,Cerebral-White-Matter,LEFT,263198,263198.0,BRN-WM,anatomical_structure,1
IXI321,UNesT,0.2.7,BRN-HIP,Hippocampus,RIGHT,4609,4609.0,BRN-LIM,deep_gray_matter,1
IXI321,UNesT,0.2.7,BRN-HIP,Hippocampus,LEFT,4507,4507.0,BRN-LIM,deep_gray_matter,1
IXI321,UNesT,0.2.7,BRN-INF-LAT-V,Inf-Lat-Vent,RIGHT,182,182.0,BRN-VEN,anatomical_structure,1
IXI321,UNesT,0.2.7,BRN-INF-LAT-V,Inf-Lat-Vent,LEFT,323,323.0,BRN-VEN,anatomical_structure,1
IXI321,UNesT,0.2.7,BRN-LAT-V,Lateral-Ventricle,RIGHT,11494,11494.0,BRN-VEN,anatomical_structure,1
IXI321,UNesT,0.2.7,BRN-LAT-V,Lateral-Ventricle,LEFT,9103,9103.0,BRN-VEN,anatomical_structure,1
IXI321,UNesT,0.2.7,BRN-PAL,Pallidum,RIGHT,1932,1932.0,BRN-DGM,deep_gray_matter,1
IXI321,UNesT,0.2.7,BRN-PAL,Pallidum,LEFT,1973,1973.0,BRN-DGM,deep_gray_matter,1
IXI321,UNesT,0.2.7,BRN-PUT,Putamen,RIGHT,4768,4768.0,BRN-DGM,deep_gray_matter,1
IXI321,UNesT,0.2.7,BRN-PUT,Putamen,LEFT,4858,4858.0,BRN-DGM,deep_gray_matter,1
IXI321,UNesT,0.2.7,BRN-THA,Thalamus-Proper,RIGHT,8513,8513.0,BRN-DGM,deep_gray_matter,1
IXI321,UNesT,0.2.7,BRN-THA,Thalamus-Proper,LEFT,9195,9195.0,BRN-DGM,deep_gray_matter,1
IXI321,UNesT,0.2.7,BRN-VDC,Ventral-DC,RIGHT,6096,6096.0,BRN-DGM,anatomical_structure,1
IXI321,UNesT,0.2.7,BRN-VDC,Ventral-DC,LEFT,6047,6047.0,BRN-DGM,anatomical_structure,1
IXI321,UNesT,0.2.7,BRN-CEREBELLAR-VERMAL-LOBULES-I-V,Cerebellar-Vermal-Lobules-I-V,NONE,6247,6247.0,BRN-CBL,anatomical_structure,1
IXI321,UNesT,0.2.7,BRN-CEREBELLAR-VERMAL-LOBULES-VI-VII,Cerebellar-Vermal-Lobules-VI-VII,NONE,3407,3407.0,BRN-CBL,anatomical_structure,1
IXI321,UNesT,0.2.7,BRN-CEREBELLAR-VERMAL-LOBULES-VIII-X,Cerebellar-Vermal-Lobules-VIII-X,NONE,3611,3611.0,BRN-CBL,anatomical_structure,1
IXI321,UNesT,0.2.7,BRN-BASAL-FOREBRAIN,Basal-Forebrain,LEFT,732,732.0,BRN-DGM,anatomical_structure,1
IXI321,UNesT,0.2.7,BRN-BASAL-FOREBRAIN,Basal-Forebrain,RIGHT,702,702.0,BRN-DGM,anatomical_structure,1
IXI321,UNesT,0.2.7,BRN-ANTERIOR-CINGULATE-GYRUS,ACgG--anterior-cingulate-gyrus,RIGHT,6050,6050.0,BRN-LIM,anatomical_structure,4
IXI321,UNesT,0.2.7,BRN-ANTERIOR-CINGULATE-GYRUS,ACgG--anterior-cingulate-gyrus,LEFT,6539,6539.0,BRN-LIM,anatomical_structure,4
IXI321,UNesT,0.2.7,BRN-ANTERIOR-INSULA,AIns--anterior-insula,RIGHT,4620,4620.0,BRN-INS,anatomical_structure,4
IXI321,UNesT,0.2.7,BRN-ANTERIOR-INSULA,AIns--anterior-insula,LEFT,4867,4867.0,BRN-INS,anatomical_structure,4
IXI321,UNesT,0.2.7,BRN-ANTERIOR-ORBITAL-GYRUS,AOrG--anterior-orbital-gyrus,RIGHT,2232,2232.0,BRN-FRO,anatomical_structure,4
IXI321,UNesT,0.2.7,BRN-ANTERIOR-ORBITAL-GYRUS,AOrG--anterior-orbital-gyrus,LEFT,2471,2471.0,BRN-FRO,anatomical_structure,4
IXI321,UNesT,0.2.7,BRN-ANGULAR-GYRUS,AnG---angular-gyrus,RIGHT,14177,14177.0,BRN-PAR,anatomical_structure,4
IXI321,UNesT,0.2.7,BRN-ANGULAR-GYRUS,AnG---angular-gyrus,LEFT,15504,15504.0,BRN-PAR,anatomical_structure,4
IXI321,UNesT,0.2.7,BRN-CALCARINE-CORTEX,Calc--calcarine-cortex,RIGHT,5246,5246.0,BRN-OCC,anatomical_structure,4
IXI321,UNesT,0.2.7,BRN-CALCARINE-CORTEX,Calc--calcarine-cortex,LEFT,5942,5942.0,BRN-OCC,anatomical_structure,4
IXI321,UNesT,0.2.7,BRN-CENTRAL-OPERCULUM,CO----central-operculum,RIGHT,4936,4936.0,BRN-CER-COR,anatomical_structure,3
IXI321,UNesT,0.2.7,BRN-CENTRAL-OPERCULUM,CO----central-operculum,LEFT,5432,5432.0,BRN-CER-COR,anatomical_structure,3
IXI321,UNesT,0.2.7,BRN-CUNEUS,Cun---cuneus,RIGHT,7518,7518.0,BRN-CER-COR,anatomical_structure,1
IXI321,UNesT,0.2.7,BRN-CUNEUS,Cun---cuneus,LEFT,5935,5935.0,BRN-CER-COR,anatomical_structure,1
IXI321,UNesT,0.2.7,BRN-ENTORHINAL-AREA,Ent---entorhinal-area,RIGHT,3426,3426.0,BRN-LIM,anatomical_structure,1
IXI321,UNesT,0.2.7,BRN-ENTORHINAL-AREA,Ent---entorhinal-area,LEFT,2885,2885.0,BRN-LIM,anatomical_structure,1
IXI321,UNesT,0.2.7,BRN-FRONTAL-OPERCULUM,FO----frontal-operculum,RIGHT,2671,2671.0,BRN-FRO,anatomical_structure,4
IXI321,UNesT,0.2.7,BRN-FRONTAL-OPERCULUM,FO----frontal-operculum,LEFT,1990,1990.0,BRN-FRO,anatomical_structure,4
IXI321,UNesT,0.2.7,BRN-FRONTAL-POLE,FRP---frontal-pole,RIGHT,4026,4026.0,BRN-FRO,anatomical_structure,4
IXI321,UNesT,0.2.7,BRN-FRONTAL-POLE,FRP---frontal-pole,LEFT,3709,3709.0,BRN-FRO,anatomical_structure,4
IXI321,UNesT,0.2.7,BRN-FUSIFORM-GYRUS,FuG---fusiform-gyrus,RIGHT,9494,9494.0,BRN-TEM,anatomical_structure,4
IXI321,UNesT,0.2.7,BRN-FUSIFORM-GYRUS,FuG---fusiform-gyrus,LEFT,9648,9648.0,BRN-TEM,anatomical_structure,4
IXI321,UNesT,0.2.7,BRN-GYRUS-RECTUS,GRe---gyrus-rectus,RIGHT,2794,2794.0,BRN-FRO,anatomical_structure,4
IXI321,UNesT,0.2.7,BRN-GYRUS-RECTUS,GRe---gyrus-rectus,LEFT,2155,2155.0,BRN-FRO,anatomical_structure,4
IXI321,UNesT,0.2.7,BRN-INFERIOR-OCCIPITAL-GYRUS,IOG---inferior-occipital-gyrus,RIGHT,9143,9143.0,BRN-OCC,anatomical_structure,4
IXI321,UNesT,0.2.7,BRN-INFERIOR-OCCIPITAL-GYRUS,IOG---inferior-occipital-gyrus,LEFT,10676,10676.0,BRN-OCC,anatomical_structure,4
IXI321,UNesT,0.2.7,BRN-INFERIOR-TEMPORAL-GYRUS,ITG---inferior-temporal-gyrus,RIGHT,16952,16952.0,BRN-TEM,anatomical_structure,4
IXI321,UNesT,0.2.7,BRN-INFERIOR-TEMPORAL-GYRUS,ITG---inferior-temporal-gyrus,LEFT,16907,16907.0,BRN-TEM,anatomical_structure,4
IXI321,UNesT,0.2.7,BRN-LINGUAL-GYRUS,LiG---lingual-gyrus,RIGHT,12364,12364.0,BRN-OCC,anatomical_structure,4
IXI321,UNesT,0.2.7,BRN-LINGUAL-GYRUS,LiG---lingual-gyrus,LEFT,12674,12674.0,BRN-OCC,anatomical_structure,4
IXI321,UNesT,0.2.7,BRN-LATERAL-ORBITAL-GYRUS,LOrG--lateral-orbital-gyrus,RIGHT,3191,3191.0,BRN-FRO,anatomical_structure,4
IXI321,UNesT,0.2.7,BRN-LATERAL-ORBITAL-GYRUS,LOrG--lateral-orbital-gyrus,LEFT,3174,3174.0,BRN-FRO,anatomical_structure,4
IXI321,UNesT,0.2.7,BRN-MIDDLE-CINGULATE-GYRUS,MCgG--middle-cingulate-gyrus,RIGHT,6182,6182.0,BRN-LIM,anatomical_structure,4
IXI321,UNesT,0.2.7,BRN-MIDDLE-CINGULATE-GYRUS,MCgG--middle-cingulate-gyrus,LEFT,6046,6046.0,BRN-LIM,anatomical_structure,4
IXI321,UNesT,0.2.7,BRN-MEDIAL-FRONTAL-CORTEX,MFC---medial-frontal-cortex,RIGHT,3005,3005.0,BRN-FRO,anatomical_structure,4
IXI321,UNesT,0.2.7,BRN-MEDIAL-FRONTAL-CORTEX,MFC---medial-frontal-cortex,LEFT,2191,2191.0,BRN-FRO,anatomical_structure,4
IXI321,UNesT,0.2.7,BRN-MIDDLE-FRONTAL-GYRUS,MFG---middle-frontal-gyrus,RIGHT,25677,25677.0,BRN-FRO,anatomical_structure,4
IXI321,UNesT,0.2.7,BRN-MIDDLE-FRONTAL-GYRUS,MFG---middle-frontal-gyrus,LEFT,25545,25545.0,BRN-FRO,anatomical_structure,4
IXI321,UNesT,0.2.7,BRN-MIDDLE-OCCIPITAL-GYRUS,MOG---middle-occipital-gyrus,RIGHT,6888,6888.0,BRN-OCC,anatomical_structure,4
IXI321,UNesT,0.2.7,BRN-MIDDLE-OCCIPITAL-GYRUS,MOG---middle-occipital-gyrus,LEFT,7579,7579.0,BRN-OCC,anatomical_structure,4
IXI321,UNesT,0.2.7,BRN-MEDIAL-ORBITAL-GYRUS,MOrG--medial-orbital-gyrus,RIGHT,5328,5328.0,BRN-FRO,anatomical_structure,4
IXI321,UNesT,0.2.7,BRN-MEDIAL-ORBITAL-GYRUS,MOrG--medial-orbital-gyrus,LEFT,5336,5336.0,BRN-FRO,anatomical_structure,4
IXI321,UNesT,0.2.7,BRN-POG-MED,"Postcentral Gyrus, Medial Segment",RIGHT,1400,1400.0,BRN-PAR,cortical_subregion,4
IXI321,UNesT,0.2.7,BRN-POG-MED,"Postcentral Gyrus, Medial Segment",LEFT,1470,1470.0,BRN-PAR,cortical_subregion,4
IXI321,UNesT,0.2.7,BRN-PRG-MED,"Precentral Gyrus, Medial Segment",RIGHT,3861,3861.0,BRN-FRO,cortical_subregion,4
IXI321,UNesT,0.2.7,BRN-PRG-MED,"Precentral Gyrus, Medial Segment",LEFT,3466,3466.0,BRN-FRO,cortical_subregion,4
IXI321,UNesT,0.2.7,BRN-SUPERIOR-FRONTAL-GYRUS,MSFG--superior-frontal-gyrus,RIGHT,26604,26604.0,BRN-FRO,anatomical_structure,4
IXI321,UNesT,0.2.7,BRN-SUPERIOR-FRONTAL-GYRUS,MSFG--superior-frontal-gyrus,LEFT,26615,26615.0,BRN-FRO,anatomical_structure,4
IXI321,UNesT,0.2.7,BRN-MIDDLE-TEMPORAL-GYRUS,MTG---middle-temporal-gyrus,RIGHT,18420,18420.0,BRN-TEM,anatomical_structure,4
IXI321,UNesT,0.2.7,BRN-MIDDLE-TEMPORAL-GYRUS,MTG---middle-temporal-gyrus,LEFT,17857,17857.0,BRN-TEM,anatomical_structure,4
IXI321,UNesT,0.2.7,BRN-OCCIPITAL-POLE,OCP---occipital-pole,RIGHT,5249,5249.0,BRN-OCC,anatomical_structure,4
IXI321,UNesT,0.2.7,BRN-OCCIPITAL-POLE,OCP---occipital-pole,LEFT,5613,5613.0,BRN-OCC,anatomical_structure,4
IXI321,UNesT,0.2.7,BRN-OCCIPITAL-FUSIFORM-GYRUS,OFuG--occipital-fusiform-gyrus,RIGHT,6884,6884.0,BRN-OCC,anatomical_structure,4
IXI321,UNesT,0.2.7,BRN-OCCIPITAL-FUSIFORM-GYRUS,OFuG--occipital-fusiform-gyrus,LEFT,7435,7435.0,BRN-OCC,anatomical_structure,4
IXI321,UNesT,0.2.7,BRN-OPIFG-OPERCULAR-PART-OF-THE-IFG,OpIFG-opercular-part-of-the-IFG,RIGHT,3799,3799.0,BRN-CER-COR,anatomical_structure,1
IXI321,UNesT,0.2.7,BRN-OPIFG-OPERCULAR-PART-OF-THE-IFG,OpIFG-opercular-part-of-the-IFG,LEFT,2613,2613.0,BRN-CER-COR,anatomical_structure,1
IXI321,UNesT,0.2.7,BRN-ORIFG-ORBITAL-PART-OF-THE-IFG,OrIFG-orbital-part-of-the-IFG,RIGHT,2250,2250.0,BRN-CER-COR,anatomical_structure,1
IXI321,UNesT,0.2.7,BRN-ORIFG-ORBITAL-PART-OF-THE-IFG,OrIFG-orbital-part-of-the-IFG,LEFT,2770,2770.0,BRN-CER-COR,anatomical_structure,1
IXI321,UNesT,0.2.7,BRN-POSTERIOR-CINGULATE-GYRUS,PCgG--posterior-cingulate-gyrus,RIGHT,5480,5480.0,BRN-LIM,anatomical_structure,4
IXI321,UNesT,0.2.7,BRN-POSTERIOR-CINGULATE-GYRUS,PCgG--posterior-cingulate-gyrus,LEFT,5671,5671.0,BRN-LIM,anatomical_structure,4
IXI321,UNesT,0.2.7,BRN-PCU,PCu---precuneus,RIGHT,13102,13102.0,BRN-PAR,cortical_structure,4
IXI321,UNesT,0.2.7,BRN-PCU,PCu---precuneus,LEFT,14245,14245.0,BRN-PAR,cortical_structure,4
IXI321,UNesT,0.2.7,BRN-PARAHIPPOCAMPAL-GYRUS,PHG---parahippocampal-gyrus,RIGHT,3597,3597.0,BRN-LIM,anatomical_structure,4
IXI321,UNesT,0.2.7,BRN-PARAHIPPOCAMPAL-GYRUS,PHG---parahippocampal-gyrus,LEFT,4150,4150.0,BRN-LIM,anatomical_structure,4
IXI321,UNesT,0.2.7,BRN-POSTERIOR-INSULA,PIns--posterior-insula,RIGHT,2988,2988.0,BRN-INS,anatomical_structure,4
IXI321,UNesT,0.2.7,BRN-POSTERIOR-INSULA,PIns--posterior-insula,LEFT,2555,2555.0,BRN-INS,anatomical_structure,4
IXI321,UNesT,0.2.7,BRN-PARIETAL-OPERCULUM,PO----parietal-operculum,RIGHT,3372,3372.0,BRN-PAR,anatomical_structure,4
IXI321,UNesT,0.2.7,BRN-PARIETAL-OPERCULUM,PO----parietal-operculum,LEFT,3404,3404.0,BRN-PAR,anatomical_structure,4
IXI321,UNesT,0.2.7,BRN-POG,MPoG--postcentral-gyrus,RIGHT,18818,18818.0,BRN-PAR,cortical_structure,4
IXI321,UNesT,0.2.7,BRN-POG,MPoG--postcentral-gyrus,LEFT,20019,20019.0,BRN-PAR,cortical_structure,4
IXI321,UNesT,0.2.7,BRN-POSTERIOR-ORBITAL-GYRUS,POrG--posterior-orbital-gyrus,RIGHT,3882,3882.0,BRN-FRO,anatomical_structure,4
IXI321,UNesT,0.2.7,BRN-POSTERIOR-ORBITAL-GYRUS,POrG--posterior-orbital-gyrus,LEFT,4859,4859.0,BRN-FRO,anatomical_structure,4
IXI321,UNesT,0.2.7,BRN-PLANUM-POLARE,PP----planum-polare,RIGHT,2458,2458.0,BRN-TEM,anatomical_structure,4
IXI321,UNesT,0.2.7,BRN-PLANUM-POLARE,PP----planum-polare,LEFT,3287,3287.0,BRN-TEM,anatomical_structure,4
IXI321,UNesT,0.2.7,BRN-PRG,MPrG--precentral-gyrus,RIGHT,18360,18360.0,BRN-FRO,cortical_structure,4
IXI321,UNesT,0.2.7,BRN-PRG,MPrG--precentral-gyrus,LEFT,19775,19775.0,BRN-FRO,cortical_structure,4
IXI321,UNesT,0.2.7,BRN-PLANUM-TEMPORALE,PT----planum-temporale,RIGHT,2426,2426.0,BRN-TEM,anatomical_structure,4
IXI321,UNesT,0.2.7,BRN-PLANUM-TEMPORALE,PT----planum-temporale,LEFT,2744,2744.0,BRN-TEM,anatomical_structure,4
IXI321,UNesT,0.2.7,BRN-SUBCALLOSAL-AREA,SCA---subcallosal-area,RIGHT,1404,1404.0,BRN-LIM,anatomical_structure,4
IXI321,UNesT,0.2.7,BRN-SUBCALLOSAL-AREA,SCA---subcallosal-area,LEFT,1179,1179.0,BRN-LIM,anatomical_structure,4
IXI321,UNesT,0.2.7,BRN-SUPPLEMENTARY-MOTOR-CORTEX,SMC---supplementary-motor-cortex,RIGHT,6424,6424.0,BRN-FRO,anatomical_structure,4
IXI321,UNesT,0.2.7,BRN-SUPPLEMENTARY-MOTOR-CORTEX,SMC---supplementary-motor-cortex,LEFT,7167,7167.0,BRN-FRO,anatomical_structure,4
IXI321,UNesT,0.2.7,BRN-SUPRAMARGINAL-GYRUS,SMG---supramarginal-gyrus,RIGHT,11740,11740.0,BRN-PAR,anatomical_structure,4
IXI321,UNesT,0.2.7,BRN-SUPRAMARGINAL-GYRUS,SMG---supramarginal-gyrus,LEFT,12479,12479.0,BRN-PAR,anatomical_structure,4
IXI321,UNesT,0.2.7,BRN-SUPERIOR-OCCIPITAL-GYRUS,SOG---superior-occipital-gyrus,RIGHT,5986,5986.0,BRN-OCC,anatomical_structure,4
IXI321,UNesT,0.2.7,BRN-SUPERIOR-OCCIPITAL-GYRUS,SOG---superior-occipital-gyrus,LEFT,5225,5225.0,BRN-OCC,anatomical_structure,4
IXI321,UNesT,0.2.7,BRN-SUPERIOR-PARIETAL-LOBULE,SPL---superior-parietal-lobule,RIGHT,13515,13515.0,BRN-CER-COR,anatomical_structure,1
IXI321,UNesT,0.2.7,BRN-SUPERIOR-PARIETAL-LOBULE,SPL---superior-parietal-lobule,LEFT,14660,14660.0,BRN-CER-COR,anatomical_structure,1
IXI321,UNesT,0.2.7,BRN-SUPERIOR-TEMPORAL-GYRUS,STG---superior-temporal-gyrus,RIGHT,8586,8586.0,BRN-TEM,anatomical_structure,4
IXI321,UNesT,0.2.7,BRN-SUPERIOR-TEMPORAL-GYRUS,STG---superior-temporal-gyrus,LEFT,9334,9334.0,BRN-TEM,anatomical_structure,4
IXI321,UNesT,0.2.7,BRN-TEMPORAL-POLE,TMP---temporal-pole,RIGHT,9214,9214.0,BRN-TEM,anatomical_structure,4
IXI321,UNesT,0.2.7,BRN-TEMPORAL-POLE,TMP---temporal-pole,LEFT,9950,9950.0,BRN-TEM,anatomical_structure,4
IXI321,UNesT,0.2.7,BRN-TRIFG-TRIANGULAR-PART-OF-THE-IFG,TrIFG-triangular-part-of-the-IFG,RIGHT,4903,4903.0,BRN-CER-COR,anatomical_structure,1
IXI321,UNesT,0.2.7,BRN-TRIFG-TRIANGULAR-PART-OF-THE-IFG,TrIFG-triangular-part-of-the-IFG,LEFT,4222,4222.0,BRN-CER-COR,anatomical_structure,1
IXI321,UNesT,0.2.7,BRN-TRANSVERSE-TEMPORAL-GYRUS,TTG---transverse-temporal-gyrus,RIGHT,2346,2346.0,BRN-TEM,anatomical_structure,4
IXI321,UNesT,0.2.7,BRN-TRANSVERSE-TEMPORAL-GYRUS,TTG---transverse-temporal-gyrus,LEFT,3089,3089.0,BRN-TEM,anatomical_structure,4
IXI358,UNesT,0.2.7,BRN-3RD-VENTRICLE,3rd-Ventricle,NONE,2573,2573.0,BRN-VEN,anatomical_structure,1
IXI358,UNesT,0.2.7,BRN-4TH-VENTRICLE,4th-Ventricle,NONE,1936,1936.0,BRN-VEN,anatomical_structure,1
IXI358,UNesT,0.2.7,BRN-ACC,Accumbens-Area,RIGHT,443,443.0,BRN-DGM,anatomical_structure,1
IXI358,UNesT,0.2.7,BRN-ACC,Accumbens-Area,LEFT,433,433.0,BRN-DGM,anatomical_structure,1
IXI358,UNesT,0.2.7,BRN-AMY,Amygdala,RIGHT,1405,1405.0,BRN-DGM,deep_gray_matter,1
IXI358,UNesT,0.2.7,BRN-AMY,Amygdala,LEFT,1347,1347.0,BRN-DGM,deep_gray_matter,1
IXI358,UNesT,0.2.7,BRN-BST,Brain-Stem,NONE,25005,25005.0,BRN-BST-GRP,brainstem,1
IXI358,UNesT,0.2.7,BRN-CAU,Caudate,RIGHT,2971,2971.0,BRN-DGM,deep_gray_matter,1
IXI358,UNesT,0.2.7,BRN-CAU,Caudate,LEFT,3299,3299.0,BRN-DGM,deep_gray_matter,1
IXI358,UNesT,0.2.7,BRN-CB-EXT,Cerebellum-Exterior,RIGHT,68541,68541.0,BRN-CBL,anatomical_structure,1
IXI358,UNesT,0.2.7,BRN-CB-EXT,Cerebellum-Exterior,LEFT,64770,64770.0,BRN-CBL,anatomical_structure,1
IXI358,UNesT,0.2.7,BRN-CB-WM,Cerebellum-White-Matter,RIGHT,17084,17084.0,BRN-CBL,anatomical_structure,1
IXI358,UNesT,0.2.7,BRN-CB-WM,Cerebellum-White-Matter,LEFT,15916,15916.0,BRN-CBL,anatomical_structure,1
IXI358,UNesT,0.2.7,BRN-CER-WM,Cerebral-White-Matter,RIGHT,277412,277412.0,BRN-WM,anatomical_structure,1
IXI358,UNesT,0.2.7,BRN-CER-WM,Cerebral-White-Matter,LEFT,259568,259568.0,BRN-WM,anatomical_structure,1
IXI358,UNesT,0.2.7,BRN-HIP,Hippocampus,RIGHT,4614,4614.0,BRN-LIM,deep_gray_matter,1
IXI358,UNesT,0.2.7,BRN-HIP,Hippocampus,LEFT,4517,4517.0,BRN-LIM,deep_gray_matter,1
IXI358,UNesT,0.2.7,BRN-INF-LAT-V,Inf-Lat-Vent,RIGHT,610,610.0,BRN-VEN,anatomical_structure,1
IXI358,UNesT,0.2.7,BRN-INF-LAT-V,Inf-Lat-Vent,LEFT,395,395.0,BRN-VEN,anatomical_structure,1
IXI358,UNesT,0.2.7,BRN-LAT-V,Lateral-Ventricle,RIGHT,6853,6853.0,BRN-VEN,anatomical_structure,1
IXI358,UNesT,0.2.7,BRN-LAT-V,Lateral-Ventricle,LEFT,10719,10719.0,BRN-VEN,anatomical_structure,1
IXI358,UNesT,0.2.7,BRN-PAL,Pallidum,RIGHT,1826,1826.0,BRN-DGM,deep_gray_matter,1
IXI358,UNesT,0.2.7,BRN-PAL,Pallidum,LEFT,1735,1735.0,BRN-DGM,deep_gray_matter,1
IXI358,UNesT,0.2.7,BRN-PUT,Putamen,RIGHT,4694,4694.0,BRN-DGM,deep_gray_matter,1
IXI358,UNesT,0.2.7,BRN-PUT,Putamen,LEFT,4866,4866.0,BRN-DGM,deep_gray_matter,1
IXI358,UNesT,0.2.7,BRN-THA,Thalamus-Proper,RIGHT,8336,8336.0,BRN-DGM,deep_gray_matter,1
IXI358,UNesT,0.2.7,BRN-THA,Thalamus-Proper,LEFT,9461,9461.0,BRN-DGM,deep_gray_matter,1
IXI358,UNesT,0.2.7,BRN-VDC,Ventral-DC,RIGHT,6172,6172.0,BRN-DGM,anatomical_structure,1
IXI358,UNesT,0.2.7,BRN-VDC,Ventral-DC,LEFT,6022,6022.0,BRN-DGM,anatomical_structure,1
IXI358,UNesT,0.2.7,BRN-CEREBELLAR-VERMAL-LOBULES-I-V,Cerebellar-Vermal-Lobules-I-V,NONE,6739,6739.0,BRN-CBL,anatomical_structure,1
IXI358,UNesT,0.2.7,BRN-CEREBELLAR-VERMAL-LOBULES-VI-VII,Cerebellar-Vermal-Lobules-VI-VII,NONE,3211,3211.0,BRN-CBL,anatomical_structure,1
IXI358,UNesT,0.2.7,BRN-CEREBELLAR-VERMAL-LOBULES-VIII-X,Cerebellar-Vermal-Lobules-VIII-X,NONE,2882,2882.0,BRN-CBL,anatomical_structure,1
IXI358,UNesT,0.2.7,BRN-BASAL-FOREBRAIN,Basal-Forebrain,LEFT,664,664.0,BRN-DGM,anatomical_structure,1
IXI358,UNesT,0.2.7,BRN-BASAL-FOREBRAIN,Basal-Forebrain,RIGHT,618,618.0,BRN-DGM,anatomical_structure,1
IXI358,UNesT,0.2.7,BRN-ANTERIOR-CINGULATE-GYRUS,ACgG--anterior-cingulate-gyrus,RIGHT,5780,5780.0,BRN-LIM,anatomical_structure,4
IXI358,UNesT,0.2.7,BRN-ANTERIOR-CINGULATE-GYRUS,ACgG--anterior-cingulate-gyrus,LEFT,5931,5931.0,BRN-LIM,anatomical_structure,4
IXI358,UNesT,0.2.7,BRN-ANTERIOR-INSULA,AIns--anterior-insula,RIGHT,5221,5221.0,BRN-INS,anatomical_structure,4
IXI358,UNesT,0.2.7,BRN-ANTERIOR-INSULA,AIns--anterior-insula,LEFT,5204,5204.0,BRN-INS,anatomical_structure,4
IXI358,UNesT,0.2.7,BRN-ANTERIOR-ORBITAL-GYRUS,AOrG--anterior-orbital-gyrus,RIGHT,2499,2499.0,BRN-FRO,anatomical_structure,4
IXI358,UNesT,0.2.7,BRN-ANTERIOR-ORBITAL-GYRUS,AOrG--anterior-orbital-gyrus,LEFT,1620,1620.0,BRN-FRO,anatomical_structure,4
IXI358,UNesT,0.2.7,BRN-ANGULAR-GYRUS,AnG---angular-gyrus,RIGHT,12273,12273.0,BRN-PAR,anatomical_structure,4
IXI358,UNesT,0.2.7,BRN-ANGULAR-GYRUS,AnG---angular-gyrus,LEFT,12316,12316.0,BRN-PAR,anatomical_structure,4
IXI358,UNesT,0.2.7,BRN-CALCARINE-CORTEX,Calc--calcarine-cortex,RIGHT,4849,4849.0,BRN-OCC,anatomical_structure,4
IXI358,UNesT,0.2.7,BRN-CALCARINE-CORTEX,Calc--calcarine-cortex,LEFT,5604,5604.0,BRN-OCC,anatomical_structure,4
IXI358,UNesT,0.2.7,BRN-CENTRAL-OPERCULUM,CO----central-operculum,RIGHT,4629,4629.0,BRN-CER-COR,anatomical_structure,3
IXI358,UNesT,0.2.7,BRN-CENTRAL-OPERCULUM,CO----central-operculum,LEFT,5321,5321.0,BRN-CER-COR,anatomical_structure,3
IXI358,UNesT,0.2.7,BRN-CUNEUS,Cun---cuneus,RIGHT,7353,7353.0,BRN-CER-COR,anatomical_structure,1
IXI358,UNesT,0.2.7,BRN-CUNEUS,Cun---cuneus,LEFT,7198,7198.0,BRN-CER-COR,anatomical_structure,1
IXI358,UNesT,0.2.7,BRN-ENTORHINAL-AREA,Ent---entorhinal-area,RIGHT,3204,3204.0,BRN-LIM,anatomical_structure,1
IXI358,UNesT,0.2.7,BRN-ENTORHINAL-AREA,Ent---entorhinal-area,LEFT,2801,2801.0,BRN-LIM,anatomical_structure,1
IXI358,UNesT,0.2.7,BRN-FRONTAL-OPERCULUM,FO----frontal-operculum,RIGHT,2681,2681.0,BRN-FRO,anatomical_structure,4
IXI358,UNesT,0.2.7,BRN-FRONTAL-OPERCULUM,FO----frontal-operculum,LEFT,2999,2999.0,BRN-FRO,anatomical_structure,4
IXI358,UNesT,0.2.7,BRN-FRONTAL-POLE,FRP---frontal-pole,RIGHT,3695,3695.0,BRN-FRO,anatomical_structure,4
IXI358,UNesT,0.2.7,BRN-FRONTAL-POLE,FRP---frontal-pole,LEFT,3265,3265.0,BRN-FRO,anatomical_structure,4
IXI358,UNesT,0.2.7,BRN-FUSIFORM-GYRUS,FuG---fusiform-gyrus,RIGHT,8155,8155.0,BRN-TEM,anatomical_structure,4
IXI358,UNesT,0.2.7,BRN-FUSIFORM-GYRUS,FuG---fusiform-gyrus,LEFT,9707,9707.0,BRN-TEM,anatomical_structure,4
IXI358,UNesT,0.2.7,BRN-GYRUS-RECTUS,GRe---gyrus-rectus,RIGHT,2252,2252.0,BRN-FRO,anatomical_structure,4
IXI358,UNesT,0.2.7,BRN-GYRUS-RECTUS,GRe---gyrus-rectus,LEFT,2455,2455.0,BRN-FRO,anatomical_structure,4
IXI358,UNesT,0.2.7,BRN-INFERIOR-OCCIPITAL-GYRUS,IOG---inferior-occipital-gyrus,RIGHT,7333,7333.0,BRN-OCC,anatomical_structure,4
IXI358,UNesT,0.2.7,BRN-INFERIOR-OCCIPITAL-GYRUS,IOG---inferior-occipital-gyrus,LEFT,9155,9155.0,BRN-OCC,anatomical_structure,4
IXI358,UNesT,0.2.7,BRN-INFERIOR-TEMPORAL-GYRUS,ITG---inferior-temporal-gyrus,RIGHT,14626,14626.0,BRN-TEM,anatomical_structure,4
IXI358,UNesT,0.2.7,BRN-INFERIOR-TEMPORAL-GYRUS,ITG---inferior-temporal-gyrus,LEFT,14442,14442.0,BRN-TEM,anatomical_structure,4
IXI358,UNesT,0.2.7,BRN-LINGUAL-GYRUS,LiG---lingual-gyrus,RIGHT,13417,13417.0,BRN-OCC,anatomical_structure,4
IXI358,UNesT,0.2.7,BRN-LINGUAL-GYRUS,LiG---lingual-gyrus,LEFT,12116,12116.0,BRN-OCC,anatomical_structure,4
IXI358,UNesT,0.2.7,BRN-LATERAL-ORBITAL-GYRUS,LOrG--lateral-orbital-gyrus,RIGHT,3689,3689.0,BRN-FRO,anatomical_structure,4
IXI358,UNesT,0.2.7,BRN-LATERAL-ORBITAL-GYRUS,LOrG--lateral-orbital-gyrus,LEFT,3275,3275.0,BRN-FRO,anatomical_structure,4
IXI358,UNesT,0.2.7,BRN-MIDDLE-CINGULATE-GYRUS,MCgG--middle-cingulate-gyrus,RIGHT,6924,6924.0,BRN-LIM,anatomical_structure,4
IXI358,UNesT,0.2.7,BRN-MIDDLE-CINGULATE-GYRUS,MCgG--middle-cingulate-gyrus,LEFT,6666,6666.0,BRN-LIM,anatomical_structure,4
IXI358,UNesT,0.2.7,BRN-MEDIAL-FRONTAL-CORTEX,MFC---medial-frontal-cortex,RIGHT,2260,2260.0,BRN-FRO,anatomical_structure,4
IXI358,UNesT,0.2.7,BRN-MEDIAL-FRONTAL-CORTEX,MFC---medial-frontal-cortex,LEFT,2115,2115.0,BRN-FRO,anatomical_structure,4
IXI358,UNesT,0.2.7,BRN-MIDDLE-FRONTAL-GYRUS,MFG---middle-frontal-gyrus,RIGHT,27530,27530.0,BRN-FRO,anatomical_structure,4
IXI358,UNesT,0.2.7,BRN-MIDDLE-FRONTAL-GYRUS,MFG---middle-frontal-gyrus,LEFT,29757,29757.0,BRN-FRO,anatomical_structure,4
IXI358,UNesT,0.2.7,BRN-MIDDLE-OCCIPITAL-GYRUS,MOG---middle-occipital-gyrus,RIGHT,6138,6138.0,BRN-OCC,anatomical_structure,4
IXI358,UNesT,0.2.7,BRN-MIDDLE-OCCIPITAL-GYRUS,MOG---middle-occipital-gyrus,LEFT,7791,7791.0,BRN-OCC,anatomical_structure,4
IXI358,UNesT,0.2.7,BRN-MEDIAL-ORBITAL-GYRUS,MOrG--medial-orbital-gyrus,RIGHT,5558,5558.0,BRN-FRO,anatomical_structure,4
IXI358,UNesT,0.2.7,BRN-MEDIAL-ORBITAL-GYRUS,MOrG--medial-orbital-gyrus,LEFT,5653,5653.0,BRN-FRO,anatomical_structure,4
IXI358,UNesT,0.2.7,BRN-POG-MED,"Postcentral Gyrus, Medial Segment",RIGHT,1749,1749.0,BRN-PAR,cortical_subregion,4
IXI358,UNesT,0.2.7,BRN-POG-MED,"Postcentral Gyrus, Medial Segment",LEFT,1486,1486.0,BRN-PAR,cortical_subregion,4
IXI358,UNesT,0.2.7,BRN-PRG-MED,"Precentral Gyrus, Medial Segment",RIGHT,3171,3171.0,BRN-FRO,cortical_subregion,4
IXI358,UNesT,0.2.7,BRN-PRG-MED,"Precentral Gyrus, Medial Segment",LEFT,3356,3356.0,BRN-FRO,cortical_subregion,4
IXI358,UNesT,0.2.7,BRN-SUPERIOR-FRONTAL-GYRUS,MSFG--superior-frontal-gyrus,RIGHT,27515,27515.0,BRN-FRO,anatomical_structure,4
IXI358,UNesT,0.2.7,BRN-SUPERIOR-FRONTAL-GYRUS,MSFG--superior-frontal-gyrus,LEFT,23800,23800.0,BRN-FRO,anatomical_structure,4
IXI358,UNesT,0.2.7,BRN-MIDDLE-TEMPORAL-GYRUS,MTG---middle-temporal-gyrus,RIGHT,16476,16476.0,BRN-TEM,anatomical_structure,4
IXI358,UNesT,0.2.7,BRN-MIDDLE-TEMPORAL-GYRUS,MTG---middle-temporal-gyrus,LEFT,17641,17641.0,BRN-TEM,anatomical_structure,4
IXI358,UNesT,0.2.7,BRN-OCCIPITAL-POLE,OCP---occipital-pole,RIGHT,5298,5298.0,BRN-OCC,anatomical_structure,4
IXI358,UNesT,0.2.7,BRN-OCCIPITAL-POLE,OCP---occipital-pole,LEFT,6571,6571.0,BRN-OCC,anatomical_structure,4
IXI358,UNesT,0.2.7,BRN-OCCIPITAL-FUSIFORM-GYRUS,OFuG--occipital-fusiform-gyrus,RIGHT,6932,6932.0,BRN-OCC,anatomical_structure,4
IXI358,UNesT,0.2.7,BRN-OCCIPITAL-FUSIFORM-GYRUS,OFuG--occipital-fusiform-gyrus,LEFT,7582,7582.0,BRN-OCC,anatomical_structure,4
IXI358,UNesT,0.2.7,BRN-OPIFG-OPERCULAR-PART-OF-THE-IFG,OpIFG-opercular-part-of-the-IFG,RIGHT,4674,4674.0,BRN-CER-COR,anatomical_structure,1
IXI358,UNesT,0.2.7,BRN-OPIFG-OPERCULAR-PART-OF-THE-IFG,OpIFG-opercular-part-of-the-IFG,LEFT,3537,3537.0,BRN-CER-COR,anatomical_structure,1
IXI358,UNesT,0.2.7,BRN-ORIFG-ORBITAL-PART-OF-THE-IFG,OrIFG-orbital-part-of-the-IFG,RIGHT,1625,1625.0,BRN-CER-COR,anatomical_structure,1
IXI358,UNesT,0.2.7,BRN-ORIFG-ORBITAL-PART-OF-THE-IFG,OrIFG-orbital-part-of-the-IFG,LEFT,2561,2561.0,BRN-CER-COR,anatomical_structure,1
IXI358,UNesT,0.2.7,BRN-POSTERIOR-CINGULATE-GYRUS,PCgG--posterior-cingulate-gyrus,RIGHT,5779,5779.0,BRN-LIM,anatomical_structure,4
IXI358,UNesT,0.2.7,BRN-POSTERIOR-CINGULATE-GYRUS,PCgG--posterior-cingulate-gyrus,LEFT,5645,5645.0,BRN-LIM,anatomical_structure,4
IXI358,UNesT,0.2.7,BRN-PCU,PCu---precuneus,RIGHT,12776,12776.0,BRN-PAR,cortical_structure,4
IXI358,UNesT,0.2.7,BRN-PCU,PCu---precuneus,LEFT,14039,14039.0,BRN-PAR,cortical_structure,4
IXI358,UNesT,0.2.7,BRN-PARAHIPPOCAMPAL-GYRUS,PHG---parahippocampal-gyrus,RIGHT,3646,3646.0,BRN-LIM,anatomical_structure,4
IXI358,UNesT,0.2.7,BRN-PARAHIPPOCAMPAL-GYRUS,PHG---parahippocampal-gyrus,LEFT,3938,3938.0,BRN-LIM,anatomical_structure,4
IXI358,UNesT,0.2.7,BRN-POSTERIOR-INSULA,PIns--posterior-insula,RIGHT,2718,2718.0,BRN-INS,anatomical_structure,4
IXI358,UNesT,0.2.7,BRN-POSTERIOR-INSULA,PIns--posterior-insula,LEFT,2631,2631.0,BRN-INS,anatomical_structure,4
IXI358,UNesT,0.2.7,BRN-PARIETAL-OPERCULUM,PO----parietal-operculum,RIGHT,2931,2931.0,BRN-PAR,anatomical_structure,4
IXI358,UNesT,0.2.7,BRN-PARIETAL-OPERCULUM,PO----parietal-operculum,LEFT,3130,3130.0,BRN-PAR,anatomical_structure,4
IXI358,UNesT,0.2.7,BRN-POG,MPoG--postcentral-gyrus,RIGHT,17435,17435.0,BRN-PAR,cortical_structure,4
IXI358,UNesT,0.2.7,BRN-POG,MPoG--postcentral-gyrus,LEFT,17154,17154.0,BRN-PAR,cortical_structure,4
IXI358,UNesT,0.2.7,BRN-POSTERIOR-ORBITAL-GYRUS,POrG--posterior-orbital-gyrus,RIGHT,3358,3358.0,BRN-FRO,anatomical_structure,4
IXI358,UNesT,0.2.7,BRN-POSTERIOR-ORBITAL-GYRUS,POrG--posterior-orbital-gyrus,LEFT,4328,4328.0,BRN-FRO,anatomical_structure,4
IXI358,UNesT,0.2.7,BRN-PLANUM-POLARE,PP----planum-polare,RIGHT,2191,2191.0,BRN-TEM,anatomical_structure,4
IXI358,UNesT,0.2.7,BRN-PLANUM-POLARE,PP----planum-polare,LEFT,2679,2679.0,BRN-TEM,anatomical_structure,4
IXI358,UNesT,0.2.7,BRN-PRG,MPrG--precentral-gyrus,RIGHT,14035,14035.0,BRN-FRO,cortical_structure,4
IXI358,UNesT,0.2.7,BRN-PRG,MPrG--precentral-gyrus,LEFT,17032,17032.0,BRN-FRO,cortical_structure,4
IXI358,UNesT,0.2.7,BRN-PLANUM-TEMPORALE,PT----planum-temporale,RIGHT,2187,2187.0,BRN-TEM,anatomical_structure,4
IXI358,UNesT,0.2.7,BRN-PLANUM-TEMPORALE,PT----planum-temporale,LEFT,1580,1580.0,BRN-TEM,anatomical_structure,4
IXI358,UNesT,0.2.7,BRN-SUBCALLOSAL-AREA,SCA---subcallosal-area,RIGHT,1393,1393.0,BRN-LIM,anatomical_structure,4
IXI358,UNesT,0.2.7,BRN-SUBCALLOSAL-AREA,SCA---subcallosal-area,LEFT,1326,1326.0,BRN-LIM,anatomical_structure,4
IXI358,UNesT,0.2.7,BRN-SUPPLEMENTARY-MOTOR-CORTEX,SMC---supplementary-motor-cortex,RIGHT,7234,7234.0,BRN-FRO,anatomical_structure,4
IXI358,UNesT,0.2.7,BRN-SUPPLEMENTARY-MOTOR-CORTEX,SMC---supplementary-motor-cortex,LEFT,7258,7258.0,BRN-FRO,anatomical_structure,4
IXI358,UNesT,0.2.7,BRN-SUPRAMARGINAL-GYRUS,SMG---supramarginal-gyrus,RIGHT,9993,9993.0,BRN-PAR,anatomical_structure,4
IXI358,UNesT,0.2.7,BRN-SUPRAMARGINAL-GYRUS,SMG---supramarginal-gyrus,LEFT,11840,11840.0,BRN-PAR,anatomical_structure,4
IXI358,UNesT,0.2.7,BRN-SUPERIOR-OCCIPITAL-GYRUS,SOG---superior-occipital-gyrus,RIGHT,6522,6522.0,BRN-OCC,anatomical_structure,4
IXI358,UNesT,0.2.7,BRN-SUPERIOR-OCCIPITAL-GYRUS,SOG---superior-occipital-gyrus,LEFT,5197,5197.0,BRN-OCC,anatomical_structure,4
IXI358,UNesT,0.2.7,BRN-SUPERIOR-PARIETAL-LOBULE,SPL---superior-parietal-lobule,RIGHT,11584,11584.0,BRN-CER-COR,anatomical_structure,1
IXI358,UNesT,0.2.7,BRN-SUPERIOR-PARIETAL-LOBULE,SPL---superior-parietal-lobule,LEFT,14539,14539.0,BRN-CER-COR,anatomical_structure,1
IXI358,UNesT,0.2.7,BRN-SUPERIOR-TEMPORAL-GYRUS,STG---superior-temporal-gyrus,RIGHT,8501,8501.0,BRN-TEM,anatomical_structure,4
IXI358,UNesT,0.2.7,BRN-SUPERIOR-TEMPORAL-GYRUS,STG---superior-temporal-gyrus,LEFT,7763,7763.0,BRN-TEM,anatomical_structure,4
IXI358,UNesT,0.2.7,BRN-TEMPORAL-POLE,TMP---temporal-pole,RIGHT,9211,9211.0,BRN-TEM,anatomical_structure,4
IXI358,UNesT,0.2.7,BRN-TEMPORAL-POLE,TMP---temporal-pole,LEFT,9295,9295.0,BRN-TEM,anatomical_structure,4
IXI358,UNesT,0.2.7,BRN-TRIFG-TRIANGULAR-PART-OF-THE-IFG,TrIFG-triangular-part-of-the-IFG,RIGHT,5114,5114.0,BRN-CER-COR,anatomical_structure,1
IXI358,UNesT,0.2.7,BRN-TRIFG-TRIANGULAR-PART-OF-THE-IFG,TrIFG-triangular-part-of-the-IFG,LEFT,5266,5266.0,BRN-CER-COR,anatomical_structure,1
IXI358,UNesT,0.2.7,BRN-TRANSVERSE-TEMPORAL-GYRUS,TTG---transverse-temporal-gyrus,RIGHT,1694,1694.0,BRN-TEM,anatomical_structure,4
IXI358,UNesT,0.2.7,BRN-TRANSVERSE-TEMPORAL-GYRUS,TTG---transverse-temporal-gyrus,LEFT,2499,2499.0,BRN-TEM,anatomical_structure,4
IXI310,UNesT,0.2.7,BRN-3RD-VENTRICLE,3rd-Ventricle,NONE,1907,1907.0,BRN-VEN,anatomical_structure,1
IXI310,UNesT,0.2.7,BRN-4TH-VENTRICLE,4th-Ventricle,NONE,1913,1913.0,BRN-VEN,anatomical_structure,1
IXI310,UNesT,0.2.7,BRN-ACC,Accumbens-Area,RIGHT,587,587.0,BRN-DGM,anatomical_structure,1
IXI310,UNesT,0.2.7,BRN-ACC,Accumbens-Area,LEFT,516,516.0,BRN-DGM,anatomical_structure,1
IXI310,UNesT,0.2.7,BRN-AMY,Amygdala,RIGHT,1406,1406.0,BRN-DGM,deep_gray_matter,1
IXI310,UNesT,0.2.7,BRN-AMY,Amygdala,LEFT,1008,1008.0,BRN-DGM,deep_gray_matter,1
IXI310,UNesT,0.2.7,BRN-BST,Brain-Stem,NONE,19414,19414.0,BRN-BST-GRP,brainstem,1
IXI310,UNesT,0.2.7,BRN-CAU,Caudate,RIGHT,3216,3216.0,BRN-DGM,deep_gray_matter,1
IXI310,UNesT,0.2.7,BRN-CAU,Caudate,LEFT,3296,3296.0,BRN-DGM,deep_gray_matter,1
IXI310,UNesT,0.2.7,BRN-CB-EXT,Cerebellum-Exterior,RIGHT,65990,65990.0,BRN-CBL,anatomical_structure,1
IXI310,UNesT,0.2.7,BRN-CB-EXT,Cerebellum-Exterior,LEFT,62281,62281.0,BRN-CBL,anatomical_structure,1
IXI310,UNesT,0.2.7,BRN-CB-WM,Cerebellum-White-Matter,RIGHT,3116,3116.0,BRN-CBL,anatomical_structure,1
IXI310,UNesT,0.2.7,BRN-CB-WM,Cerebellum-White-Matter,LEFT,12370,12370.0,BRN-CBL,anatomical_structure,1
IXI310,UNesT,0.2.7,BRN-CER-WM,Cerebral-White-Matter,RIGHT,236602,236602.0,BRN-WM,anatomical_structure,1
IXI310,UNesT,0.2.7,BRN-CER-WM,Cerebral-White-Matter,LEFT,287726,287726.0,BRN-WM,anatomical_structure,1
IXI310,UNesT,0.2.7,BRN-HIP,Hippocampus,RIGHT,5753,5753.0,BRN-LIM,deep_gray_matter,1
IXI310,UNesT,0.2.7,BRN-HIP,Hippocampus,LEFT,5181,5181.0,BRN-LIM,deep_gray_matter,1
IXI310,UNesT,0.2.7,BRN-INF-LAT-V,Inf-Lat-Vent,RIGHT,463,463.0,BRN-VEN,anatomical_structure,1
IXI310,UNesT,0.2.7,BRN-INF-LAT-V,Inf-Lat-Vent,LEFT,106,106.0,BRN-VEN,anatomical_structure,1
IXI310,UNesT,0.2.7,BRN-LAT-V,Lateral-Ventricle,RIGHT,8653,8653.0,BRN-VEN,anatomical_structure,1
IXI310,UNesT,0.2.7,BRN-LAT-V,Lateral-Ventricle,LEFT,9962,9962.0,BRN-VEN,anatomical_structure,1
IXI310,UNesT,0.2.7,BRN-PAL,Pallidum,RIGHT,1757,1757.0,BRN-DGM,deep_gray_matter,1
IXI310,UNesT,0.2.7,BRN-PAL,Pallidum,LEFT,1980,1980.0,BRN-DGM,deep_gray_matter,1
IXI310,UNesT,0.2.7,BRN-PUT,Putamen,RIGHT,4842,4842.0,BRN-DGM,deep_gray_matter,1
IXI310,UNesT,0.2.7,BRN-PUT,Putamen,LEFT,3978,3978.0,BRN-DGM,deep_gray_matter,1
IXI310,UNesT,0.2.7,BRN-THA,Thalamus-Proper,RIGHT,9530,9530.0,BRN-DGM,deep_gray_matter,1
IXI310,UNesT,0.2.7,BRN-THA,Thalamus-Proper,LEFT,9743,9743.0,BRN-DGM,deep_gray_matter,1
IXI310,UNesT,0.2.7,BRN-VDC,Ventral-DC,RIGHT,6421,6421.0,BRN-DGM,anatomical_structure,1
IXI310,UNesT,0.2.7,BRN-VDC,Ventral-DC,LEFT,6592,6592.0,BRN-DGM,anatomical_structure,1
IXI310,UNesT,0.2.7,BRN-CEREBELLAR-VERMAL-LOBULES-I-V,Cerebellar-Vermal-Lobules-I-V,NONE,7300,7300.0,BRN-CBL,anatomical_structure,1
IXI310,UNesT,0.2.7,BRN-CEREBELLAR-VERMAL-LOBULES-VI-VII,Cerebellar-Vermal-Lobules-VI-VII,NONE,3789,3789.0,BRN-CBL,anatomical_structure,1
IXI310,UNesT,0.2.7,BRN-CEREBELLAR-VERMAL-LOBULES-VIII-X,Cerebellar-Vermal-Lobules-VIII-X,NONE,3303,3303.0,BRN-CBL,anatomical_structure,1
IXI310,UNesT,0.2.7,BRN-BASAL-FOREBRAIN,Basal-Forebrain,LEFT,905,905.0,BRN-DGM,anatomical_structure,1
IXI310,UNesT,0.2.7,BRN-BASAL-FOREBRAIN,Basal-Forebrain,RIGHT,764,764.0,BRN-DGM,anatomical_structure,1
IXI310,UNesT,0.2.7,BRN-ANTERIOR-CINGULATE-GYRUS,ACgG--anterior-cingulate-gyrus,RIGHT,7452,7452.0,BRN-LIM,anatomical_structure,4
IXI310,UNesT,0.2.7,BRN-ANTERIOR-CINGULATE-GYRUS,ACgG--anterior-cingulate-gyrus,LEFT,8812,8812.0,BRN-LIM,anatomical_structure,4
IXI310,UNesT,0.2.7,BRN-ANTERIOR-INSULA,AIns--anterior-insula,RIGHT,5078,5078.0,BRN-INS,anatomical_structure,4
IXI310,UNesT,0.2.7,BRN-ANTERIOR-INSULA,AIns--anterior-insula,LEFT,5174,5174.0,BRN-INS,anatomical_structure,4
IXI310,UNesT,0.2.7,BRN-ANTERIOR-ORBITAL-GYRUS,AOrG--anterior-orbital-gyrus,RIGHT,3737,3737.0,BRN-FRO,anatomical_structure,4
IXI310,UNesT,0.2.7,BRN-ANTERIOR-ORBITAL-GYRUS,AOrG--anterior-orbital-gyrus,LEFT,1953,1953.0,BRN-FRO,anatomical_structure,4
IXI310,UNesT,0.2.7,BRN-ANGULAR-GYRUS,AnG---angular-gyrus,RIGHT,13560,13560.0,BRN-PAR,anatomical_structure,4
IXI310,UNesT,0.2.7,BRN-ANGULAR-GYRUS,AnG---angular-gyrus,LEFT,12629,12629.0,BRN-PAR,anatomical_structure,4
IXI310,UNesT,0.2.7,BRN-CALCARINE-CORTEX,Calc--calcarine-cortex,RIGHT,4567,4567.0,BRN-OCC,anatomical_structure,4
IXI310,UNesT,0.2.7,BRN-CALCARINE-CORTEX,Calc--calcarine-cortex,LEFT,4266,4266.0,BRN-OCC,anatomical_structure,4
IXI310,UNesT,0.2.7,BRN-CENTRAL-OPERCULUM,CO----central-operculum,RIGHT,6205,6205.0,BRN-CER-COR,anatomical_structure,3
IXI310,UNesT,0.2.7,BRN-CENTRAL-OPERCULUM,CO----central-operculum,LEFT,5098,5098.0,BRN-CER-COR,anatomical_structure,3
IXI310,UNesT,0.2.7,BRN-CUNEUS,Cun---cuneus,RIGHT,5180,5180.0,BRN-CER-COR,anatomical_structure,1
IXI310,UNesT,0.2.7,BRN-CUNEUS,Cun---cuneus,LEFT,4845,4845.0,BRN-CER-COR,anatomical_structure,1
IXI310,UNesT,0.2.7,BRN-ENTORHINAL-AREA,Ent---entorhinal-area,RIGHT,3157,3157.0,BRN-LIM,anatomical_structure,1
IXI310,UNesT,0.2.7,BRN-ENTORHINAL-AREA,Ent---entorhinal-area,LEFT,2815,2815.0,BRN-LIM,anatomical_structure,1
IXI310,UNesT,0.2.7,BRN-FRONTAL-OPERCULUM,FO----frontal-operculum,RIGHT,2800,2800.0,BRN-FRO,anatomical_structure,4
IXI310,UNesT,0.2.7,BRN-FRONTAL-OPERCULUM,FO----frontal-operculum,LEFT,3389,3389.0,BRN-FRO,anatomical_structure,4
IXI310,UNesT,0.2.7,BRN-FRONTAL-POLE,FRP---frontal-pole,RIGHT,5023,5023.0,BRN-FRO,anatomical_structure,4
IXI310,UNesT,0.2.7,BRN-FRONTAL-POLE,FRP---frontal-pole,LEFT,5189,5189.0,BRN-FRO,anatomical_structure,4
IXI310,UNesT,0.2.7,BRN-FUSIFORM-GYRUS,FuG---fusiform-gyrus,RIGHT,10809,10809.0,BRN-TEM,anatomical_structure,4
IXI310,UNesT,0.2.7,BRN-FUSIFORM-GYRUS,FuG---fusiform-gyrus,LEFT,9171,9171.0,BRN-TEM,anatomical_structure,4
IXI310,UNesT,0.2.7,BRN-GYRUS-RECTUS,GRe---gyrus-rectus,RIGHT,3258,3258.0,BRN-FRO,anatomical_structure,4
IXI310,UNesT,0.2.7,BRN-GYRUS-RECTUS,GRe---gyrus-rectus,LEFT,3307,3307.0,BRN-FRO,anatomical_structure,4
IXI310,UNesT,0.2.7,BRN-INFERIOR-OCCIPITAL-GYRUS,IOG---inferior-occipital-gyrus,RIGHT,7946,7946.0,BRN-OCC,anatomical_structure,4
IXI310,UNesT,0.2.7,BRN-INFERIOR-OCCIPITAL-GYRUS,IOG---inferior-occipital-gyrus,LEFT,6744,6744.0,BRN-OCC,anatomical_structure,4
IXI310,UNesT,0.2.7,BRN-INFERIOR-TEMPORAL-GYRUS,ITG---inferior-temporal-gyrus,RIGHT,14336,14336.0,BRN-TEM,anatomical_structure,4
IXI310,UNesT,0.2.7,BRN-INFERIOR-TEMPORAL-GYRUS,ITG---inferior-temporal-gyrus,LEFT,18966,18966.0,BRN-TEM,anatomical_structure,4
IXI310,UNesT,0.2.7,BRN-LINGUAL-GYRUS,LiG---lingual-gyrus,RIGHT,13443,13443.0,BRN-OCC,anatomical_structure,4
IXI310,UNesT,0.2.7,BRN-LINGUAL-GYRUS,LiG---lingual-gyrus,LEFT,9698,9698.0,BRN-OCC,anatomical_structure,4
IXI310,UNesT,0.2.7,BRN-LATERAL-ORBITAL-GYRUS,LOrG--lateral-orbital-gyrus,RIGHT,4882,4882.0,BRN-FRO,anatomical_structure,4
IXI310,UNesT,0.2.7,BRN-LATERAL-ORBITAL-GYRUS,LOrG--lateral-orbital-gyrus,LEFT,4169,4169.0,BRN-FRO,anatomical_structure,4
IXI310,UNesT,0.2.7,BRN-MIDDLE-CINGULATE-GYRUS,MCgG--middle-cingulate-gyrus,RIGHT,6187,6187.0,BRN-LIM,anatomical_structure,4
IXI310,UNesT,0.2.7,BRN-MIDDLE-CINGULATE-GYRUS,MCgG--middle-cingulate-gyrus,LEFT,7438,7438.0,BRN-LIM,anatomical_structure,4
IXI310,UNesT,0.2.7,BRN-MEDIAL-FRONTAL-CORTEX,MFC---medial-frontal-cortex,RIGHT,3207,3207.0,BRN-FRO,anatomical_structure,4
IXI310,UNesT,0.2.7,BRN-MEDIAL-FRONTAL-CORTEX,MFC---medial-frontal-cortex,LEFT,2555,2555.0,BRN-FRO,anatomical_structure,4
IXI310,UNesT,0.2.7,BRN-MIDDLE-FRONTAL-GYRUS,MFG---middle-frontal-gyrus,RIGHT,31811,31811.0,BRN-FRO,anatomical_structure,4
IXI310,UNesT,0.2.7,BRN-MIDDLE-FRONTAL-GYRUS,MFG---middle-frontal-gyrus,LEFT,32917,32917.0,BRN-FRO,anatomical_structure,4
IXI310,UNesT,0.2.7,BRN-MIDDLE-OCCIPITAL-GYRUS,MOG---middle-occipital-gyrus,RIGHT,6754,6754.0,BRN-OCC,anatomical_structure,4
IXI310,UNesT,0.2.7,BRN-MIDDLE-OCCIPITAL-GYRUS,MOG---middle-occipital-gyrus,LEFT,6296,6296.0,BRN-OCC,anatomical_structure,4
IXI310,UNesT,0.2.7,BRN-MEDIAL-ORBITAL-GYRUS,MOrG--medial-orbital-gyrus,RIGHT,6279,6279.0,BRN-FRO,anatomical_structure,4
IXI310,UNesT,0.2.7,BRN-MEDIAL-ORBITAL-GYRUS,MOrG--medial-orbital-gyrus,LEFT,6441,6441.0,BRN-FRO,anatomical_structure,4
IXI310,UNesT,0.2.7,BRN-POG-MED,"Postcentral Gyrus, Medial Segment",RIGHT,1859,1859.0,BRN-PAR,cortical_subregion,4
IXI310,UNesT,0.2.7,BRN-POG-MED,"Postcentral Gyrus, Medial Segment",LEFT,2165,2165.0,BRN-PAR,cortical_subregion,4
IXI310,UNesT,0.2.7,BRN-PRG-MED,"Precentral Gyrus, Medial Segment",RIGHT,4436,4436.0,BRN-FRO,cortical_subregion,4
IXI310,UNesT,0.2.7,BRN-PRG-MED,"Precentral Gyrus, Medial Segment",LEFT,4122,4122.0,BRN-FRO,cortical_subregion,4
IXI310,UNesT,0.2.7,BRN-SUPERIOR-FRONTAL-GYRUS,MSFG--superior-frontal-gyrus,RIGHT,33525,33525.0,BRN-FRO,anatomical_structure,4
IXI310,UNesT,0.2.7,BRN-SUPERIOR-FRONTAL-GYRUS,MSFG--superior-frontal-gyrus,LEFT,32120,32120.0,BRN-FRO,anatomical_structure,4
IXI310,UNesT,0.2.7,BRN-MIDDLE-TEMPORAL-GYRUS,MTG---middle-temporal-gyrus,RIGHT,22054,22054.0,BRN-TEM,anatomical_structure,4
IXI310,UNesT,0.2.7,BRN-MIDDLE-TEMPORAL-GYRUS,MTG---middle-temporal-gyrus,LEFT,17428,17428.0,BRN-TEM,anatomical_structure,4
IXI310,UNesT,0.2.7,BRN-OCCIPITAL-POLE,OCP---occipital-pole,RIGHT,4552,4552.0,BRN-OCC,anatomical_structure,4
IXI310,UNesT,0.2.7,BRN-OCCIPITAL-POLE,OCP---occipital-pole,LEFT,4522,4522.0,BRN-OCC,anatomical_structure,4
IXI310,UNesT,0.2.7,BRN-OCCIPITAL-FUSIFORM-GYRUS,OFuG--occipital-fusiform-gyrus,RIGHT,7959,7959.0,BRN-OCC,anatomical_structure,4
IXI310,UNesT,0.2.7,BRN-OCCIPITAL-FUSIFORM-GYRUS,OFuG--occipital-fusiform-gyrus,LEFT,5751,5751.0,BRN-OCC,anatomical_structure,4
IXI310,UNesT,0.2.7,BRN-OPIFG-OPERCULAR-PART-OF-THE-IFG,OpIFG-opercular-part-of-the-IFG,RIGHT,3951,3951.0,BRN-CER-COR,anatomical_structure,1
IXI310,UNesT,0.2.7,BRN-OPIFG-OPERCULAR-PART-OF-THE-IFG,OpIFG-opercular-part-of-the-IFG,LEFT,4896,4896.0,BRN-CER-COR,anatomical_structure,1
IXI310,UNesT,0.2.7,BRN-ORIFG-ORBITAL-PART-OF-THE-IFG,OrIFG-orbital-part-of-the-IFG,RIGHT,2443,2443.0,BRN-CER-COR,anatomical_structure,1
IXI310,UNesT,0.2.7,BRN-ORIFG-ORBITAL-PART-OF-THE-IFG,OrIFG-orbital-part-of-the-IFG,LEFT,3639,3639.0,BRN-CER-COR,anatomical_structure,1
IXI310,UNesT,0.2.7,BRN-POSTERIOR-CINGULATE-GYRUS,PCgG--posterior-cingulate-gyrus,RIGHT,5469,5469.0,BRN-LIM,anatomical_structure,4
IXI310,UNesT,0.2.7,BRN-POSTERIOR-CINGULATE-GYRUS,PCgG--posterior-cingulate-gyrus,LEFT,5385,5385.0,BRN-LIM,anatomical_structure,4
IXI310,UNesT,0.2.7,BRN-PCU,PCu---precuneus,RIGHT,13122,13122.0,BRN-PAR,cortical_structure,4
IXI310,UNesT,0.2.7,BRN-PCU,PCu---precuneus,LEFT,12173,12173.0,BRN-PAR,cortical_structure,4
IXI310,UNesT,0.2.7,BRN-PARAHIPPOCAMPAL-GYRUS,PHG---parahippocampal-gyrus,RIGHT,4425,4425.0,BRN-LIM,anatomical_structure,4
IXI310,UNesT,0.2.7,BRN-PARAHIPPOCAMPAL-GYRUS,PHG---parahippocampal-gyrus,LEFT,3806,3806.0,BRN-LIM,anatomical_structure,4
IXI310,UNesT,0.2.7,BRN-POSTERIOR-INSULA,PIns--posterior-insula,RIGHT,3698,3698.0,BRN-INS,anatomical_structure,4
IXI310,UNesT,0.2.7,BRN-POSTERIOR-INSULA,PIns--posterior-insula,LEFT,3182,3182.0,BRN-INS,anatomical_structure,4
IXI310,UNesT,0.2.7,BRN-PARIETAL-OPERCULUM,PO----parietal-operculum,RIGHT,3510,3510.0,BRN-PAR,anatomical_structure,4
IXI310,UNesT,0.2.7,BRN-PARIETAL-OPERCULUM,PO----parietal-operculum,LEFT,3999,3999.0,BRN-PAR,anatomical_structure,4
IXI310,UNesT,0.2.7,BRN-POG,MPoG--postcentral-gyrus,RIGHT,17090,17090.0,BRN-PAR,cortical_structure,4
IXI310,UNesT,0.2.7,BRN-POG,MPoG--postcentral-gyrus,LEFT,17996,17996.0,BRN-PAR,cortical_structure,4
IXI310,UNesT,0.2.7,BRN-POSTERIOR-ORBITAL-GYRUS,POrG--posterior-orbital-gyrus,RIGHT,3592,3592.0,BRN-FRO,anatomical_structure,4
IXI310,UNesT,0.2.7,BRN-POSTERIOR-ORBITAL-GYRUS,POrG--posterior-orbital-gyrus,LEFT,4573,4573.0,BRN-FRO,anatomical_structure,4
IXI310,UNesT,0.2.7,BRN-PLANUM-POLARE,PP----planum-polare,RIGHT,3072,3072.0,BRN-TEM,anatomical_structure,4
IXI310,UNesT,0.2.7,BRN-PLANUM-POLARE,PP----planum-polare,LEFT,3800,3800.0,BRN-TEM,anatomical_structure,4
IXI310,UNesT,0.2.7,BRN-PRG,MPrG--precentral-gyrus,RIGHT,20759,20759.0,BRN-FRO,cortical_structure,4
IXI310,UNesT,0.2.7,BRN-PRG,MPrG--precentral-gyrus,LEFT,20064,20064.0,BRN-FRO,cortical_structure,4
IXI310,UNesT,0.2.7,BRN-PLANUM-TEMPORALE,PT----planum-temporale,RIGHT,3173,3173.0,BRN-TEM,anatomical_structure,4
IXI310,UNesT,0.2.7,BRN-PLANUM-TEMPORALE,PT----planum-temporale,LEFT,3212,3212.0,BRN-TEM,anatomical_structure,4
IXI310,UNesT,0.2.7,BRN-SUBCALLOSAL-AREA,SCA---subcallosal-area,RIGHT,1839,1839.0,BRN-LIM,anatomical_structure,4
IXI310,UNesT,0.2.7,BRN-SUBCALLOSAL-AREA,SCA---subcallosal-area,LEFT,1806,1806.0,BRN-LIM,anatomical_structure,4
IXI310,UNesT,0.2.7,BRN-SUPPLEMENTARY-MOTOR-CORTEX,SMC---supplementary-motor-cortex,RIGHT,9571,9571.0,BRN-FRO,anatomical_structure,4
IXI310,UNesT,0.2.7,BRN-SUPPLEMENTARY-MOTOR-CORTEX,SMC---supplementary-motor-cortex,LEFT,7632,7632.0,BRN-FRO,anatomical_structure,4
IXI310,UNesT,0.2.7,BRN-SUPRAMARGINAL-GYRUS,SMG---supramarginal-gyrus,RIGHT,11481,11481.0,BRN-PAR,anatomical_structure,4
IXI310,UNesT,0.2.7,BRN-SUPRAMARGINAL-GYRUS,SMG---supramarginal-gyrus,LEFT,11614,11614.0,BRN-PAR,anatomical_structure,4
IXI310,UNesT,0.2.7,BRN-SUPERIOR-OCCIPITAL-GYRUS,SOG---superior-occipital-gyrus,RIGHT,5723,5723.0,BRN-OCC,anatomical_structure,4
IXI310,UNesT,0.2.7,BRN-SUPERIOR-OCCIPITAL-GYRUS,SOG---superior-occipital-gyrus,LEFT,3523,3523.0,BRN-OCC,anatomical_structure,4
IXI310,UNesT,0.2.7,BRN-SUPERIOR-PARIETAL-LOBULE,SPL---superior-parietal-lobule,RIGHT,16564,16564.0,BRN-CER-COR,anatomical_structure,1
IXI310,UNesT,0.2.7,BRN-SUPERIOR-PARIETAL-LOBULE,SPL---superior-parietal-lobule,LEFT,15856,15856.0,BRN-CER-COR,anatomical_structure,1
IXI310,UNesT,0.2.7,BRN-SUPERIOR-TEMPORAL-GYRUS,STG---superior-temporal-gyrus,RIGHT,11272,11272.0,BRN-TEM,anatomical_structure,4
IXI310,UNesT,0.2.7,BRN-SUPERIOR-TEMPORAL-GYRUS,STG---superior-temporal-gyrus,LEFT,10445,10445.0,BRN-TEM,anatomical_structure,4
IXI310,UNesT,0.2.7,BRN-TEMPORAL-POLE,TMP---temporal-pole,RIGHT,11368,11368.0,BRN-TEM,anatomical_structure,4
IXI310,UNesT,0.2.7,BRN-TEMPORAL-POLE,TMP---temporal-pole,LEFT,11020,11020.0,BRN-TEM,anatomical_structure,4
IXI310,UNesT,0.2.7,BRN-TRIFG-TRIANGULAR-PART-OF-THE-IFG,TrIFG-triangular-part-of-the-IFG,RIGHT,5832,5832.0,BRN-CER-COR,anatomical_structure,1
IXI310,UNesT,0.2.7,BRN-TRIFG-TRIANGULAR-PART-OF-THE-IFG,TrIFG-triangular-part-of-the-IFG,LEFT,5961,5961.0,BRN-CER-COR,anatomical_structure,1
IXI310,UNesT,0.2.7,BRN-TRANSVERSE-TEMPORAL-GYRUS,TTG---transverse-temporal-gyrus,RIGHT,2472,2472.0,BRN-TEM,anatomical_structure,4
IXI310,UNesT,0.2.7,BRN-TRANSVERSE-TEMPORAL-GYRUS,TTG---transverse-temporal-gyrus,LEFT,1768,1768.0,BRN-TEM,anatomical_structure,4
IXI326,UNesT,0.2.7,BRN-3RD-VENTRICLE,3rd-Ventricle,NONE,3098,3098.0,BRN-VEN,anatomical_structure,1
IXI326,UNesT,0.2.7,BRN-4TH-VENTRICLE,4th-Ventricle,NONE,1473,1473.0,BRN-VEN,anatomical_structure,1
IXI326,UNesT,0.2.7,BRN-ACC,Accumbens-Area,RIGHT,445,445.0,BRN-DGM,anatomical_structure,1
IXI326,UNesT,0.2.7,BRN-ACC,Accumbens-Area,LEFT,396,396.0,BRN-DGM,anatomical_structure,1
IXI326,UNesT,0.2.7,BRN-AMY,Amygdala,RIGHT,1428,1428.0,BRN-DGM,deep_gray_matter,1
IXI326,UNesT,0.2.7,BRN-AMY,Amygdala,LEFT,1322,1322.0,BRN-DGM,deep_gray_matter,1
IXI326,UNesT,0.2.7,BRN-BST,Brain-Stem,NONE,22536,22536.0,BRN-BST-GRP,brainstem,1
IXI326,UNesT,0.2.7,BRN-CAU,Caudate,RIGHT,4417,4417.0,BRN-DGM,deep_gray_matter,1
IXI326,UNesT,0.2.7,BRN-CAU,Caudate,LEFT,2495,2495.0,BRN-DGM,deep_gray_matter,1
IXI326,UNesT,0.2.7,BRN-CB-EXT,Cerebellum-Exterior,RIGHT,62368,62368.0,BRN-CBL,anatomical_structure,1
IXI326,UNesT,0.2.7,BRN-CB-EXT,Cerebellum-Exterior,LEFT,63870,63870.0,BRN-CBL,anatomical_structure,1
IXI326,UNesT,0.2.7,BRN-CB-WM,Cerebellum-White-Matter,RIGHT,14713,14713.0,BRN-CBL,anatomical_structure,1
IXI326,UNesT,0.2.7,BRN-CB-WM,Cerebellum-White-Matter,LEFT,14175,14175.0,BRN-CBL,anatomical_structure,1
IXI326,UNesT,0.2.7,BRN-CER-WM,Cerebral-White-Matter,RIGHT,267839,267839.0,BRN-WM,anatomical_structure,1
IXI326,UNesT,0.2.7,BRN-CER-WM,Cerebral-White-Matter,LEFT,232494,232494.0,BRN-WM,anatomical_structure,1
IXI326,UNesT,0.2.7,BRN-HIP,Hippocampus,RIGHT,4648,4648.0,BRN-LIM,deep_gray_matter,1
IXI326,UNesT,0.2.7,BRN-HIP,Hippocampus,LEFT,4824,4824.0,BRN-LIM,deep_gray_matter,1
IXI326,UNesT,0.2.7,BRN-INF-LAT-V,Inf-Lat-Vent,RIGHT,1194,1194.0,BRN-VEN,anatomical_structure,1
IXI326,UNesT,0.2.7,BRN-INF-LAT-V,Inf-Lat-Vent,LEFT,971,971.0,BRN-VEN,anatomical_structure,1
IXI326,UNesT,0.2.7,BRN-LAT-V,Lateral-Ventricle,RIGHT,12480,12480.0,BRN-VEN,anatomical_structure,1
IXI326,UNesT,0.2.7,BRN-LAT-V,Lateral-Ventricle,LEFT,15454,15454.0,BRN-VEN,anatomical_structure,1
IXI326,UNesT,0.2.7,BRN-PAL,Pallidum,RIGHT,1725,1725.0,BRN-DGM,deep_gray_matter,1
IXI326,UNesT,0.2.7,BRN-PAL,Pallidum,LEFT,1618,1618.0,BRN-DGM,deep_gray_matter,1
IXI326,UNesT,0.2.7,BRN-PUT,Putamen,RIGHT,5397,5397.0,BRN-DGM,deep_gray_matter,1
IXI326,UNesT,0.2.7,BRN-PUT,Putamen,LEFT,5244,5244.0,BRN-DGM,deep_gray_matter,1
IXI326,UNesT,0.2.7,BRN-THA,Thalamus-Proper,RIGHT,8431,8431.0,BRN-DGM,deep_gray_matter,1
IXI326,UNesT,0.2.7,BRN-THA,Thalamus-Proper,LEFT,9064,9064.0,BRN-DGM,deep_gray_matter,1
IXI326,UNesT,0.2.7,BRN-VDC,Ventral-DC,RIGHT,5710,5710.0,BRN-DGM,anatomical_structure,1
IXI326,UNesT,0.2.7,BRN-VDC,Ventral-DC,LEFT,5672,5672.0,BRN-DGM,anatomical_structure,1
IXI326,UNesT,0.2.7,BRN-CEREBELLAR-VERMAL-LOBULES-I-V,Cerebellar-Vermal-Lobules-I-V,NONE,6428,6428.0,BRN-CBL,anatomical_structure,1
IXI326,UNesT,0.2.7,BRN-CEREBELLAR-VERMAL-LOBULES-VI-VII,Cerebellar-Vermal-Lobules-VI-VII,NONE,4019,4019.0,BRN-CBL,anatomical_structure,1
IXI326,UNesT,0.2.7,BRN-CEREBELLAR-VERMAL-LOBULES-VIII-X,Cerebellar-Vermal-Lobules-VIII-X,NONE,3704,3704.0,BRN-CBL,anatomical_structure,1
IXI326,UNesT,0.2.7,BRN-BASAL-FOREBRAIN,Basal-Forebrain,LEFT,680,680.0,BRN-DGM,anatomical_structure,1
IXI326,UNesT,0.2.7,BRN-BASAL-FOREBRAIN,Basal-Forebrain,RIGHT,525,525.0,BRN-DGM,anatomical_structure,1
IXI326,UNesT,0.2.7,BRN-ANTERIOR-CINGULATE-GYRUS,ACgG--anterior-cingulate-gyrus,RIGHT,7285,7285.0,BRN-LIM,anatomical_structure,4
IXI326,UNesT,0.2.7,BRN-ANTERIOR-CINGULATE-GYRUS,ACgG--anterior-cingulate-gyrus,LEFT,6852,6852.0,BRN-LIM,anatomical_structure,4
IXI326,UNesT,0.2.7,BRN-ANTERIOR-INSULA,AIns--anterior-insula,RIGHT,4495,4495.0,BRN-INS,anatomical_structure,4
IXI326,UNesT,0.2.7,BRN-ANTERIOR-INSULA,AIns--anterior-insula,LEFT,5359,5359.0,BRN-INS,anatomical_structure,4
IXI326,UNesT,0.2.7,BRN-ANTERIOR-ORBITAL-GYRUS,AOrG--anterior-orbital-gyrus,RIGHT,2359,2359.0,BRN-FRO,anatomical_structure,4
IXI326,UNesT,0.2.7,BRN-ANTERIOR-ORBITAL-GYRUS,AOrG--anterior-orbital-gyrus,LEFT,2243,2243.0,BRN-FRO,anatomical_structure,4
IXI326,UNesT,0.2.7,BRN-ANGULAR-GYRUS,AnG---angular-gyrus,RIGHT,12231,12231.0,BRN-PAR,anatomical_structure,4
IXI326,UNesT,0.2.7,BRN-ANGULAR-GYRUS,AnG---angular-gyrus,LEFT,14969,14969.0,BRN-PAR,anatomical_structure,4
IXI326,UNesT,0.2.7,BRN-CALCARINE-CORTEX,Calc--calcarine-cortex,RIGHT,5314,5314.0,BRN-OCC,anatomical_structure,4
IXI326,UNesT,0.2.7,BRN-CALCARINE-CORTEX,Calc--calcarine-cortex,LEFT,5957,5957.0,BRN-OCC,anatomical_structure,4
IXI326,UNesT,0.2.7,BRN-CENTRAL-OPERCULUM,CO----central-operculum,RIGHT,5759,5759.0,BRN-CER-COR,anatomical_structure,3
IXI326,UNesT,0.2.7,BRN-CENTRAL-OPERCULUM,CO----central-operculum,LEFT,5942,5942.0,BRN-CER-COR,anatomical_structure,3
IXI326,UNesT,0.2.7,BRN-CUNEUS,Cun---cuneus,RIGHT,7626,7626.0,BRN-CER-COR,anatomical_structure,1
IXI326,UNesT,0.2.7,BRN-CUNEUS,Cun---cuneus,LEFT,8005,8005.0,BRN-CER-COR,anatomical_structure,1
IXI326,UNesT,0.2.7,BRN-ENTORHINAL-AREA,Ent---entorhinal-area,RIGHT,3345,3345.0,BRN-LIM,anatomical_structure,1
IXI326,UNesT,0.2.7,BRN-ENTORHINAL-AREA,Ent---entorhinal-area,LEFT,2524,2524.0,BRN-LIM,anatomical_structure,1
IXI326,UNesT,0.2.7,BRN-FRONTAL-OPERCULUM,FO----frontal-operculum,RIGHT,2664,2664.0,BRN-FRO,anatomical_structure,4
IXI326,UNesT,0.2.7,BRN-FRONTAL-OPERCULUM,FO----frontal-operculum,LEFT,2846,2846.0,BRN-FRO,anatomical_structure,4
IXI326,UNesT,0.2.7,BRN-FRONTAL-POLE,FRP---frontal-pole,RIGHT,3875,3875.0,BRN-FRO,anatomical_structure,4
IXI326,UNesT,0.2.7,BRN-FRONTAL-POLE,FRP---frontal-pole,LEFT,4157,4157.0,BRN-FRO,anatomical_structure,4
IXI326,UNesT,0.2.7,BRN-FUSIFORM-GYRUS,FuG---fusiform-gyrus,RIGHT,8445,8445.0,BRN-TEM,anatomical_structure,4
IXI326,UNesT,0.2.7,BRN-FUSIFORM-GYRUS,FuG---fusiform-gyrus,LEFT,10410,10410.0,BRN-TEM,anatomical_structure,4
IXI326,UNesT,0.2.7,BRN-GYRUS-RECTUS,GRe---gyrus-rectus,RIGHT,3074,3074.0,BRN-FRO,anatomical_structure,4
IXI326,UNesT,0.2.7,BRN-GYRUS-RECTUS,GRe---gyrus-rectus,LEFT,2881,2881.0,BRN-FRO,anatomical_structure,4
IXI326,UNesT,0.2.7,BRN-INFERIOR-OCCIPITAL-GYRUS,IOG---inferior-occipital-gyrus,RIGHT,10162,10162.0,BRN-OCC,anatomical_structure,4
IXI326,UNesT,0.2.7,BRN-INFERIOR-OCCIPITAL-GYRUS,IOG---inferior-occipital-gyrus,LEFT,13503,13503.0,BRN-OCC,anatomical_structure,4
IXI326,UNesT,0.2.7,BRN-INFERIOR-TEMPORAL-GYRUS,ITG---inferior-temporal-gyrus,RIGHT,16873,16873.0,BRN-TEM,anatomical_structure,4
IXI326,UNesT,0.2.7,BRN-INFERIOR-TEMPORAL-GYRUS,ITG---inferior-temporal-gyrus,LEFT,18379,18379.0,BRN-TEM,anatomical_structure,4
IXI326,UNesT,0.2.7,BRN-LINGUAL-GYRUS,LiG---lingual-gyrus,RIGHT,12818,12818.0,BRN-OCC,anatomical_structure,4
IXI326,UNesT,0.2.7,BRN-LINGUAL-GYRUS,LiG---lingual-gyrus,LEFT,12654,12654.0,BRN-OCC,anatomical_structure,4
IXI326,UNesT,0.2.7,BRN-LATERAL-ORBITAL-GYRUS,LOrG--lateral-orbital-gyrus,RIGHT,3648,3648.0,BRN-FRO,anatomical_structure,4
IXI326,UNesT,0.2.7,BRN-LATERAL-ORBITAL-GYRUS,LOrG--lateral-orbital-gyrus,LEFT,4024,4024.0,BRN-FRO,anatomical_structure,4
IXI326,UNesT,0.2.7,BRN-MIDDLE-CINGULATE-GYRUS,MCgG--middle-cingulate-gyrus,RIGHT,7983,7983.0,BRN-LIM,anatomical_structure,4
IXI326,UNesT,0.2.7,BRN-MIDDLE-CINGULATE-GYRUS,MCgG--middle-cingulate-gyrus,LEFT,6193,6193.0,BRN-LIM,anatomical_structure,4
IXI326,UNesT,0.2.7,BRN-MEDIAL-FRONTAL-CORTEX,MFC---medial-frontal-cortex,RIGHT,2912,2912.0,BRN-FRO,anatomical_structure,4
IXI326,UNesT,0.2.7,BRN-MEDIAL-FRONTAL-CORTEX,MFC---medial-frontal-cortex,LEFT,2300,2300.0,BRN-FRO,anatomical_structure,4
IXI326,UNesT,0.2.7,BRN-MIDDLE-FRONTAL-GYRUS,MFG---middle-frontal-gyrus,RIGHT,29858,29858.0,BRN-FRO,anatomical_structure,4
IXI326,UNesT,0.2.7,BRN-MIDDLE-FRONTAL-GYRUS,MFG---middle-frontal-gyrus,LEFT,29690,29690.0,BRN-FRO,anatomical_structure,4
IXI326,UNesT,0.2.7,BRN-MIDDLE-OCCIPITAL-GYRUS,MOG---middle-occipital-gyrus,RIGHT,7993,7993.0,BRN-OCC,anatomical_structure,4
IXI326,UNesT,0.2.7,BRN-MIDDLE-OCCIPITAL-GYRUS,MOG---middle-occipital-gyrus,LEFT,9115,9115.0,BRN-OCC,anatomical_structure,4
IXI326,UNesT,0.2.7,BRN-MEDIAL-ORBITAL-GYRUS,MOrG--medial-orbital-gyrus,RIGHT,5578,5578.0,BRN-FRO,anatomical_structure,4
IXI326,UNesT,0.2.7,BRN-MEDIAL-ORBITAL-GYRUS,MOrG--medial-orbital-gyrus,LEFT,5760,5760.0,BRN-FRO,anatomical_structure,4
IXI326,UNesT,0.2.7,BRN-POG-MED,"Postcentral Gyrus, Medial Segment",RIGHT,1614,1614.0,BRN-PAR,cortical_subregion,4
IXI326,UNesT,0.2.7,BRN-POG-MED,"Postcentral Gyrus, Medial Segment",LEFT,2189,2189.0,BRN-PAR,cortical_subregion,4
IXI326,UNesT,0.2.7,BRN-PRG-MED,"Precentral Gyrus, Medial Segment",RIGHT,3819,3819.0,BRN-FRO,cortical_subregion,4
IXI326,UNesT,0.2.7,BRN-PRG-MED,"Precentral Gyrus, Medial Segment",LEFT,3659,3659.0,BRN-FRO,cortical_subregion,4
IXI326,UNesT,0.2.7,BRN-SUPERIOR-FRONTAL-GYRUS,MSFG--superior-frontal-gyrus,RIGHT,31581,31581.0,BRN-FRO,anatomical_structure,4
IXI326,UNesT,0.2.7,BRN-SUPERIOR-FRONTAL-GYRUS,MSFG--superior-frontal-gyrus,LEFT,28554,28554.0,BRN-FRO,anatomical_structure,4
IXI326,UNesT,0.2.7,BRN-MIDDLE-TEMPORAL-GYRUS,MTG---middle-temporal-gyrus,RIGHT,18667,18667.0,BRN-TEM,anatomical_structure,4
IXI326,UNesT,0.2.7,BRN-MIDDLE-TEMPORAL-GYRUS,MTG---middle-temporal-gyrus,LEFT,19439,19439.0,BRN-TEM,anatomical_structure,4
IXI326,UNesT,0.2.7,BRN-OCCIPITAL-POLE,OCP---occipital-pole,RIGHT,4791,4791.0,BRN-OCC,anatomical_structure,4
IXI326,UNesT,0.2.7,BRN-OCCIPITAL-POLE,OCP---occipital-pole,LEFT,6396,6396.0,BRN-OCC,anatomical_structure,4
IXI326,UNesT,0.2.7,BRN-OCCIPITAL-FUSIFORM-GYRUS,OFuG--occipital-fusiform-gyrus,RIGHT,9407,9407.0,BRN-OCC,anatomical_structure,4
IXI326,UNesT,0.2.7,BRN-OCCIPITAL-FUSIFORM-GYRUS,OFuG--occipital-fusiform-gyrus,LEFT,7189,7189.0,BRN-OCC,anatomical_structure,4
IXI326,UNesT,0.2.7,BRN-OPIFG-OPERCULAR-PART-OF-THE-IFG,OpIFG-opercular-part-of-the-IFG,RIGHT,4990,4990.0,BRN-CER-COR,anatomical_structure,1
IXI326,UNesT,0.2.7,BRN-OPIFG-OPERCULAR-PART-OF-THE-IFG,OpIFG-opercular-part-of-the-IFG,LEFT,4090,4090.0,BRN-CER-COR,anatomical_structure,1
IXI326,UNesT,0.2.7,BRN-ORIFG-ORBITAL-PART-OF-THE-IFG,OrIFG-orbital-part-of-the-IFG,RIGHT,2410,2410.0,BRN-CER-COR,anatomical_structure,1
IXI326,UNesT,0.2.7,BRN-ORIFG-ORBITAL-PART-OF-THE-IFG,OrIFG-orbital-part-of-the-IFG,LEFT,3460,3460.0,BRN-CER-COR,anatomical_structure,1
IXI326,UNesT,0.2.7,BRN-POSTERIOR-CINGULATE-GYRUS,PCgG--posterior-cingulate-gyrus,RIGHT,6704,6704.0,BRN-LIM,anatomical_structure,4
IXI326,UNesT,0.2.7,BRN-POSTERIOR-CINGULATE-GYRUS,PCgG--posterior-cingulate-gyrus,LEFT,6027,6027.0,BRN-LIM,anatomical_structure,4
IXI326,UNesT,0.2.7,BRN-PCU,PCu---precuneus,RIGHT,17048,17048.0,BRN-PAR,cortical_structure,4
IXI326,UNesT,0.2.7,BRN-PCU,PCu---precuneus,LEFT,16443,16443.0,BRN-PAR,cortical_structure,4
IXI326,UNesT,0.2.7,BRN-PARAHIPPOCAMPAL-GYRUS,PHG---parahippocampal-gyrus,RIGHT,2986,2986.0,BRN-LIM,anatomical_structure,4
IXI326,UNesT,0.2.7,BRN-PARAHIPPOCAMPAL-GYRUS,PHG---parahippocampal-gyrus,LEFT,3789,3789.0,BRN-LIM,anatomical_structure,4
IXI326,UNesT,0.2.7,BRN-POSTERIOR-INSULA,PIns--posterior-insula,RIGHT,3229,3229.0,BRN-INS,anatomical_structure,4
IXI326,UNesT,0.2.7,BRN-POSTERIOR-INSULA,PIns--posterior-insula,LEFT,2530,2530.0,BRN-INS,anatomical_structure,4
IXI326,UNesT,0.2.7,BRN-PARIETAL-OPERCULUM,PO----parietal-operculum,RIGHT,2736,2736.0,BRN-PAR,anatomical_structure,4
IXI326,UNesT,0.2.7,BRN-PARIETAL-OPERCULUM,PO----parietal-operculum,LEFT,4240,4240.0,BRN-PAR,anatomical_structure,4
IXI326,UNesT,0.2.7,BRN-POG,MPoG--postcentral-gyrus,RIGHT,14224,14224.0,BRN-PAR,cortical_structure,4
IXI326,UNesT,0.2.7,BRN-POG,MPoG--postcentral-gyrus,LEFT,15937,15937.0,BRN-PAR,cortical_structure,4
IXI326,UNesT,0.2.7,BRN-POSTERIOR-ORBITAL-GYRUS,POrG--posterior-orbital-gyrus,RIGHT,5546,5546.0,BRN-FRO,anatomical_structure,4
IXI326,UNesT,0.2.7,BRN-POSTERIOR-ORBITAL-GYRUS,POrG--posterior-orbital-gyrus,LEFT,5358,5358.0,BRN-FRO,anatomical_structure,4
IXI326,UNesT,0.2.7,BRN-PLANUM-POLARE,PP----planum-polare,RIGHT,2442,2442.0,BRN-TEM,anatomical_structure,4
IXI326,UNesT,0.2.7,BRN-PLANUM-POLARE,PP----planum-polare,LEFT,3052,3052.0,BRN-TEM,anatomical_structure,4
IXI326,UNesT,0.2.7,BRN-PRG,MPrG--precentral-gyrus,RIGHT,13551,13551.0,BRN-FRO,cortical_structure,4
IXI326,UNesT,0.2.7,BRN-PRG,MPrG--precentral-gyrus,LEFT,20582,20582.0,BRN-FRO,cortical_structure,4
IXI326,UNesT,0.2.7,BRN-PLANUM-TEMPORALE,PT----planum-temporale,RIGHT,2366,2366.0,BRN-TEM,anatomical_structure,4
IXI326,UNesT,0.2.7,BRN-PLANUM-TEMPORALE,PT----planum-temporale,LEFT,3028,3028.0,BRN-TEM,anatomical_structure,4
IXI326,UNesT,0.2.7,BRN-SUBCALLOSAL-AREA,SCA---subcallosal-area,RIGHT,1477,1477.0,BRN-LIM,anatomical_structure,4
IXI326,UNesT,0.2.7,BRN-SUBCALLOSAL-AREA,SCA---subcallosal-area,LEFT,1865,1865.0,BRN-LIM,anatomical_structure,4
IXI326,UNesT,0.2.7,BRN-SUPPLEMENTARY-MOTOR-CORTEX,SMC---supplementary-motor-cortex,RIGHT,8168,8168.0,BRN-FRO,anatomical_structure,4
IXI326,UNesT,0.2.7,BRN-SUPPLEMENTARY-MOTOR-CORTEX,SMC---supplementary-motor-cortex,LEFT,9582,9582.0,BRN-FRO,anatomical_structure,4
IXI326,UNesT,0.2.7,BRN-SUPRAMARGINAL-GYRUS,SMG---supramarginal-gyrus,RIGHT,13151,13151.0,BRN-PAR,anatomical_structure,4
IXI326,UNesT,0.2.7,BRN-SUPRAMARGINAL-GYRUS,SMG---supramarginal-gyrus,LEFT,13451,13451.0,BRN-PAR,anatomical_structure,4
IXI326,UNesT,0.2.7,BRN-SUPERIOR-OCCIPITAL-GYRUS,SOG---superior-occipital-gyrus,RIGHT,6373,6373.0,BRN-OCC,anatomical_structure,4
IXI326,UNesT,0.2.7,BRN-SUPERIOR-OCCIPITAL-GYRUS,SOG---superior-occipital-gyrus,LEFT,5867,5867.0,BRN-OCC,anatomical_structure,4
IXI326,UNesT,0.2.7,BRN-SUPERIOR-PARIETAL-LOBULE,SPL---superior-parietal-lobule,RIGHT,16047,16047.0,BRN-CER-COR,anatomical_structure,1
IXI326,UNesT,0.2.7,BRN-SUPERIOR-PARIETAL-LOBULE,SPL---superior-parietal-lobule,LEFT,19538,19538.0,BRN-CER-COR,anatomical_structure,1
IXI326,UNesT,0.2.7,BRN-SUPERIOR-TEMPORAL-GYRUS,STG---superior-temporal-gyrus,RIGHT,8784,8784.0,BRN-TEM,anatomical_structure,4
IXI326,UNesT,0.2.7,BRN-SUPERIOR-TEMPORAL-GYRUS,STG---superior-temporal-gyrus,LEFT,9043,9043.0,BRN-TEM,anatomical_structure,4
IXI326,UNesT,0.2.7,BRN-TEMPORAL-POLE,TMP---temporal-pole,RIGHT,10905,10905.0,BRN-TEM,anatomical_structure,4
IXI326,UNesT,0.2.7,BRN-TEMPORAL-POLE,TMP---temporal-pole,LEFT,10219,10219.0,BRN-TEM,anatomical_structure,4
IXI326,UNesT,0.2.7,BRN-TRIFG-TRIANGULAR-PART-OF-THE-IFG,TrIFG-triangular-part-of-the-IFG,RIGHT,4544,4544.0,BRN-CER-COR,anatomical_structure,1
IXI326,UNesT,0.2.7,BRN-TRIFG-TRIANGULAR-PART-OF-THE-IFG,TrIFG-triangular-part-of-the-IFG,LEFT,4576,4576.0,BRN-CER-COR,anatomical_structure,1
IXI326,UNesT,0.2.7,BRN-TRANSVERSE-TEMPORAL-GYRUS,TTG---transverse-temporal-gyrus,RIGHT,1716,1716.0,BRN-TEM,anatomical_structure,4
IXI326,UNesT,0.2.7,BRN-TRANSVERSE-TEMPORAL-GYRUS,TTG---transverse-temporal-gyrus,LEFT,2103,2103.0,BRN-TEM,anatomical_structure,4
IXI330,UNesT,0.2.7,BRN-3RD-VENTRICLE,3rd-Ventricle,NONE,2573,2573.0,BRN-VEN,anatomical_structure,1
IXI330,UNesT,0.2.7,BRN-4TH-VENTRICLE,4th-Ventricle,NONE,2051,2051.0,BRN-VEN,anatomical_structure,1
IXI330,UNesT,0.2.7,BRN-ACC,Accumbens-Area,RIGHT,453,453.0,BRN-DGM,anatomical_structure,1
IXI330,UNesT,0.2.7,BRN-ACC,Accumbens-Area,LEFT,589,589.0,BRN-DGM,anatomical_structure,1
IXI330,UNesT,0.2.7,BRN-AMY,Amygdala,RIGHT,1445,1445.0,BRN-DGM,deep_gray_matter,1
IXI330,UNesT,0.2.7,BRN-AMY,Amygdala,LEFT,1311,1311.0,BRN-DGM,deep_gray_matter,1
IXI330,UNesT,0.2.7,BRN-BST,Brain-Stem,NONE,20578,20578.0,BRN-BST-GRP,brainstem,1
IXI330,UNesT,0.2.7,BRN-CAU,Caudate,RIGHT,3157,3157.0,BRN-DGM,deep_gray_matter,1
IXI330,UNesT,0.2.7,BRN-CAU,Caudate,LEFT,3004,3004.0,BRN-DGM,deep_gray_matter,1
IXI330,UNesT,0.2.7,BRN-CB-EXT,Cerebellum-Exterior,RIGHT,59495,59495.0,BRN-CBL,anatomical_structure,1
IXI330,UNesT,0.2.7,BRN-CB-EXT,Cerebellum-Exterior,LEFT,59771,59771.0,BRN-CBL,anatomical_structure,1
IXI330,UNesT,0.2.7,BRN-CB-WM,Cerebellum-White-Matter,RIGHT,13971,13971.0,BRN-CBL,anatomical_structure,1
IXI330,UNesT,0.2.7,BRN-CB-WM,Cerebellum-White-Matter,LEFT,13857,13857.0,BRN-CBL,anatomical_structure,1
IXI330,UNesT,0.2.7,BRN-CER-WM,Cerebral-White-Matter,RIGHT,280553,280553.0,BRN-WM,anatomical_structure,1
IXI330,UNesT,0.2.7,BRN-CER-WM,Cerebral-White-Matter,LEFT,268088,268088.0,BRN-WM,anatomical_structure,1
IXI330,UNesT,0.2.7,BRN-HIP,Hippocampus,RIGHT,4846,4846.0,BRN-LIM,deep_gray_matter,1
IXI330,UNesT,0.2.7,BRN-HIP,Hippocampus,LEFT,4812,4812.0,BRN-LIM,deep_gray_matter,1
IXI330,UNesT,0.2.7,BRN-INF-LAT-V,Inf-Lat-Vent,RIGHT,387,387.0,BRN-VEN,anatomical_structure,1
IXI330,UNesT,0.2.7,BRN-INF-LAT-V,Inf-Lat-Vent,LEFT,141,141.0,BRN-VEN,anatomical_structure,1
IXI330,UNesT,0.2.7,BRN-LAT-V,Lateral-Ventricle,RIGHT,9844,9844.0,BRN-VEN,anatomical_structure,1
IXI330,UNesT,0.2.7,BRN-LAT-V,Lateral-Ventricle,LEFT,9448,9448.0,BRN-VEN,anatomical_structure,1
IXI330,UNesT,0.2.7,BRN-PAL,Pallidum,RIGHT,1834,1834.0,BRN-DGM,deep_gray_matter,1
IXI330,UNesT,0.2.7,BRN-PAL,Pallidum,LEFT,1719,1719.0,BRN-DGM,deep_gray_matter,1
IXI330,UNesT,0.2.7,BRN-PUT,Putamen,RIGHT,4842,4842.0,BRN-DGM,deep_gray_matter,1
IXI330,UNesT,0.2.7,BRN-PUT,Putamen,LEFT,4842,4842.0,BRN-DGM,deep_gray_matter,1
IXI330,UNesT,0.2.7,BRN-THA,Thalamus-Proper,RIGHT,9059,9059.0,BRN-DGM,deep_gray_matter,1
IXI330,UNesT,0.2.7,BRN-THA,Thalamus-Proper,LEFT,9912,9912.0,BRN-DGM,deep_gray_matter,1
IXI330,UNesT,0.2.7,BRN-VDC,Ventral-DC,RIGHT,5680,5680.0,BRN-DGM,anatomical_structure,1
IXI330,UNesT,0.2.7,BRN-VDC,Ventral-DC,LEFT,5786,5786.0,BRN-DGM,anatomical_structure,1
IXI330,UNesT,0.2.7,BRN-CEREBELLAR-VERMAL-LOBULES-I-V,Cerebellar-Vermal-Lobules-I-V,NONE,6889,6889.0,BRN-CBL,anatomical_structure,1
IXI330,UNesT,0.2.7,BRN-CEREBELLAR-VERMAL-LOBULES-VI-VII,Cerebellar-Vermal-Lobules-VI-VII,NONE,3293,3293.0,BRN-CBL,anatomical_structure,1
IXI330,UNesT,0.2.7,BRN-CEREBELLAR-VERMAL-LOBULES-VIII-X,Cerebellar-Vermal-Lobules-VIII-X,NONE,3487,3487.0,BRN-CBL,anatomical_structure,1
IXI330,UNesT,0.2.7,BRN-BASAL-FOREBRAIN,Basal-Forebrain,LEFT,712,712.0,BRN-DGM,anatomical_structure,1
IXI330,UNesT,0.2.7,BRN-BASAL-FOREBRAIN,Basal-Forebrain,RIGHT,733,733.0,BRN-DGM,anatomical_structure,1
IXI330,UNesT,0.2.7,BRN-ANTERIOR-CINGULATE-GYRUS,ACgG--anterior-cingulate-gyrus,RIGHT,6449,6449.0,BRN-LIM,anatomical_structure,4
IXI330,UNesT,0.2.7,BRN-ANTERIOR-CINGULATE-GYRUS,ACgG--anterior-cingulate-gyrus,LEFT,7304,7304.0,BRN-LIM,anatomical_structure,4
IXI330,UNesT,0.2.7,BRN-ANTERIOR-INSULA,AIns--anterior-insula,RIGHT,5102,5102.0,BRN-INS,anatomical_structure,4
IXI330,UNesT,0.2.7,BRN-ANTERIOR-INSULA,AIns--anterior-insula,LEFT,5528,5528.0,BRN-INS,anatomical_structure,4
IXI330,UNesT,0.2.7,BRN-ANTERIOR-ORBITAL-GYRUS,AOrG--anterior-orbital-gyrus,RIGHT,2946,2946.0,BRN-FRO,anatomical_structure,4
IXI330,UNesT,0.2.7,BRN-ANTERIOR-ORBITAL-GYRUS,AOrG--anterior-orbital-gyrus,LEFT,2639,2639.0,BRN-FRO,anatomical_structure,4
IXI330,UNesT,0.2.7,BRN-ANGULAR-GYRUS,AnG---angular-gyrus,RIGHT,14651,14651.0,BRN-PAR,anatomical_structure,4
IXI330,UNesT,0.2.7,BRN-ANGULAR-GYRUS,AnG---angular-gyrus,LEFT,12842,12842.0,BRN-PAR,anatomical_structure,4
IXI330,UNesT,0.2.7,BRN-CALCARINE-CORTEX,Calc--calcarine-cortex,RIGHT,4603,4603.0,BRN-OCC,anatomical_structure,4
IXI330,UNesT,0.2.7,BRN-CALCARINE-CORTEX,Calc--calcarine-cortex,LEFT,5085,5085.0,BRN-OCC,anatomical_structure,4
IXI330,UNesT,0.2.7,BRN-CENTRAL-OPERCULUM,CO----central-operculum,RIGHT,6013,6013.0,BRN-CER-COR,anatomical_structure,3
IXI330,UNesT,0.2.7,BRN-CENTRAL-OPERCULUM,CO----central-operculum,LEFT,6590,6590.0,BRN-CER-COR,anatomical_structure,3
IXI330,UNesT,0.2.7,BRN-CUNEUS,Cun---cuneus,RIGHT,7255,7255.0,BRN-CER-COR,anatomical_structure,1
IXI330,UNesT,0.2.7,BRN-CUNEUS,Cun---cuneus,LEFT,5503,5503.0,BRN-CER-COR,anatomical_structure,1
IXI330,UNesT,0.2.7,BRN-ENTORHINAL-AREA,Ent---entorhinal-area,RIGHT,3254,3254.0,BRN-LIM,anatomical_structure,1
IXI330,UNesT,0.2.7,BRN-ENTORHINAL-AREA,Ent---entorhinal-area,LEFT,2770,2770.0,BRN-LIM,anatomical_structure,1
IXI330,UNesT,0.2.7,BRN-FRONTAL-OPERCULUM,FO----frontal-operculum,RIGHT,2677,2677.0,BRN-FRO,anatomical_structure,4
IXI330,UNesT,0.2.7,BRN-FRONTAL-OPERCULUM,FO----frontal-operculum,LEFT,2855,2855.0,BRN-FRO,anatomical_structure,4
IXI330,UNesT,0.2.7,BRN-FRONTAL-POLE,FRP---frontal-pole,RIGHT,4783,4783.0,BRN-FRO,anatomical_structure,4
IXI330,UNesT,0.2.7,BRN-FRONTAL-POLE,FRP---frontal-pole,LEFT,4263,4263.0,BRN-FRO,anatomical_structure,4
IXI330,UNesT,0.2.7,BRN-FUSIFORM-GYRUS,FuG---fusiform-gyrus,RIGHT,7454,7454.0,BRN-TEM,anatomical_structure,4
IXI330,UNesT,0.2.7,BRN-FUSIFORM-GYRUS,FuG---fusiform-gyrus,LEFT,8739,8739.0,BRN-TEM,anatomical_structure,4
IXI330,UNesT,0.2.7,BRN-GYRUS-RECTUS,GRe---gyrus-rectus,RIGHT,2665,2665.0,BRN-FRO,anatomical_structure,4
IXI330,UNesT,0.2.7,BRN-GYRUS-RECTUS,GRe---gyrus-rectus,LEFT,2353,2353.0,BRN-FRO,anatomical_structure,4
IXI330,UNesT,0.2.7,BRN-INFERIOR-OCCIPITAL-GYRUS,IOG---inferior-occipital-gyrus,RIGHT,8667,8667.0,BRN-OCC,anatomical_structure,4
IXI330,UNesT,0.2.7,BRN-INFERIOR-OCCIPITAL-GYRUS,IOG---inferior-occipital-gyrus,LEFT,9428,9428.0,BRN-OCC,anatomical_structure,4
IXI330,UNesT,0.2.7,BRN-INFERIOR-TEMPORAL-GYRUS,ITG---inferior-temporal-gyrus,RIGHT,16612,16612.0,BRN-TEM,anatomical_structure,4
IXI330,UNesT,0.2.7,BRN-INFERIOR-TEMPORAL-GYRUS,ITG---inferior-temporal-gyrus,LEFT,17146,17146.0,BRN-TEM,anatomical_structure,4
IXI330,UNesT,0.2.7,BRN-LINGUAL-GYRUS,LiG---lingual-gyrus,RIGHT,13032,13032.0,BRN-OCC,anatomical_structure,4
IXI330,UNesT,0.2.7,BRN-LINGUAL-GYRUS,LiG---lingual-gyrus,LEFT,12282,12282.0,BRN-OCC,anatomical_structure,4
IXI330,UNesT,0.2.7,BRN-LATERAL-ORBITAL-GYRUS,LOrG--lateral-orbital-gyrus,RIGHT,3586,3586.0,BRN-FRO,anatomical_structure,4
IXI330,UNesT,0.2.7,BRN-LATERAL-ORBITAL-GYRUS,LOrG--lateral-orbital-gyrus,LEFT,3579,3579.0,BRN-FRO,anatomical_structure,4
IXI330,UNesT,0.2.7,BRN-MIDDLE-CINGULATE-GYRUS,MCgG--middle-cingulate-gyrus,RIGHT,7009,7009.0,BRN-LIM,anatomical_structure,4
IXI330,UNesT,0.2.7,BRN-MIDDLE-CINGULATE-GYRUS,MCgG--middle-cingulate-gyrus,LEFT,6980,6980.0,BRN-LIM,anatomical_structure,4
IXI330,UNesT,0.2.7,BRN-MEDIAL-FRONTAL-CORTEX,MFC---medial-frontal-cortex,RIGHT,2742,2742.0,BRN-FRO,anatomical_structure,4
IXI330,UNesT,0.2.7,BRN-MEDIAL-FRONTAL-CORTEX,MFC---medial-frontal-cortex,LEFT,2340,2340.0,BRN-FRO,anatomical_structure,4
IXI330,UNesT,0.2.7,BRN-MIDDLE-FRONTAL-GYRUS,MFG---middle-frontal-gyrus,RIGHT,25646,25646.0,BRN-FRO,anatomical_structure,4
IXI330,UNesT,0.2.7,BRN-MIDDLE-FRONTAL-GYRUS,MFG---middle-frontal-gyrus,LEFT,26320,26320.0,BRN-FRO,anatomical_structure,4
IXI330,UNesT,0.2.7,BRN-MIDDLE-OCCIPITAL-GYRUS,MOG---middle-occipital-gyrus,RIGHT,7497,7497.0,BRN-OCC,anatomical_structure,4
IXI330,UNesT,0.2.7,BRN-MIDDLE-OCCIPITAL-GYRUS,MOG---middle-occipital-gyrus,LEFT,7471,7471.0,BRN-OCC,anatomical_structure,4
IXI330,UNesT,0.2.7,BRN-MEDIAL-ORBITAL-GYRUS,MOrG--medial-orbital-gyrus,RIGHT,5268,5268.0,BRN-FRO,anatomical_structure,4
IXI330,UNesT,0.2.7,BRN-MEDIAL-ORBITAL-GYRUS,MOrG--medial-orbital-gyrus,LEFT,5152,5152.0,BRN-FRO,anatomical_structure,4
IXI330,UNesT,0.2.7,BRN-POG-MED,"Postcentral Gyrus, Medial Segment",RIGHT,1916,1916.0,BRN-PAR,cortical_subregion,4
IXI330,UNesT,0.2.7,BRN-POG-MED,"Postcentral Gyrus, Medial Segment",LEFT,2091,2091.0,BRN-PAR,cortical_subregion,4
IXI330,UNesT,0.2.7,BRN-PRG-MED,"Precentral Gyrus, Medial Segment",RIGHT,3075,3075.0,BRN-FRO,cortical_subregion,4
IXI330,UNesT,0.2.7,BRN-PRG-MED,"Precentral Gyrus, Medial Segment",LEFT,3463,3463.0,BRN-FRO,cortical_subregion,4
IXI330,UNesT,0.2.7,BRN-SUPERIOR-FRONTAL-GYRUS,MSFG--superior-frontal-gyrus,RIGHT,28172,28172.0,BRN-FRO,anatomical_structure,4
IXI330,UNesT,0.2.7,BRN-SUPERIOR-FRONTAL-GYRUS,MSFG--superior-frontal-gyrus,LEFT,25345,25345.0,BRN-FRO,anatomical_structure,4
IXI330,UNesT,0.2.7,BRN-MIDDLE-TEMPORAL-GYRUS,MTG---middle-temporal-gyrus,RIGHT,17957,17957.0,BRN-TEM,anatomical_structure,4
IXI330,UNesT,0.2.7,BRN-MIDDLE-TEMPORAL-GYRUS,MTG---middle-temporal-gyrus,LEFT,16645,16645.0,BRN-TEM,anatomical_structure,4
IXI330,UNesT,0.2.7,BRN-OCCIPITAL-POLE,OCP---occipital-pole,RIGHT,4173,4173.0,BRN-OCC,anatomical_structure,4
IXI330,UNesT,0.2.7,BRN-OCCIPITAL-POLE,OCP---occipital-pole,LEFT,6061,6061.0,BRN-OCC,anatomical_structure,4
IXI330,UNesT,0.2.7,BRN-OCCIPITAL-FUSIFORM-GYRUS,OFuG--occipital-fusiform-gyrus,RIGHT,7125,7125.0,BRN-OCC,anatomical_structure,4
IXI330,UNesT,0.2.7,BRN-OCCIPITAL-FUSIFORM-GYRUS,OFuG--occipital-fusiform-gyrus,LEFT,6769,6769.0,BRN-OCC,anatomical_structure,4
IXI330,UNesT,0.2.7,BRN-OPIFG-OPERCULAR-PART-OF-THE-IFG,OpIFG-opercular-part-of-the-IFG,RIGHT,5554,5554.0,BRN-CER-COR,anatomical_structure,1
IXI330,UNesT,0.2.7,BRN-OPIFG-OPERCULAR-PART-OF-THE-IFG,OpIFG-opercular-part-of-the-IFG,LEFT,3724,3724.0,BRN-CER-COR,anatomical_structure,1
IXI330,UNesT,0.2.7,BRN-ORIFG-ORBITAL-PART-OF-THE-IFG,OrIFG-orbital-part-of-the-IFG,RIGHT,2186,2186.0,BRN-CER-COR,anatomical_structure,1
IXI330,UNesT,0.2.7,BRN-ORIFG-ORBITAL-PART-OF-THE-IFG,OrIFG-orbital-part-of-the-IFG,LEFT,2617,2617.0,BRN-CER-COR,anatomical_structure,1
IXI330,UNesT,0.2.7,BRN-POSTERIOR-CINGULATE-GYRUS,PCgG--posterior-cingulate-gyrus,RIGHT,5539,5539.0,BRN-LIM,anatomical_structure,4
IXI330,UNesT,0.2.7,BRN-POSTERIOR-CINGULATE-GYRUS,PCgG--posterior-cingulate-gyrus,LEFT,5974,5974.0,BRN-LIM,anatomical_structure,4
IXI330,UNesT,0.2.7,BRN-PCU,PCu---precuneus,RIGHT,15256,15256.0,BRN-PAR,cortical_structure,4
IXI330,UNesT,0.2.7,BRN-PCU,PCu---precuneus,LEFT,14597,14597.0,BRN-PAR,cortical_structure,4
IXI330,UNesT,0.2.7,BRN-PARAHIPPOCAMPAL-GYRUS,PHG---parahippocampal-gyrus,RIGHT,3913,3913.0,BRN-LIM,anatomical_structure,4
IXI330,UNesT,0.2.7,BRN-PARAHIPPOCAMPAL-GYRUS,PHG---parahippocampal-gyrus,LEFT,4270,4270.0,BRN-LIM,anatomical_structure,4
IXI330,UNesT,0.2.7,BRN-POSTERIOR-INSULA,PIns--posterior-insula,RIGHT,3185,3185.0,BRN-INS,anatomical_structure,4
IXI330,UNesT,0.2.7,BRN-POSTERIOR-INSULA,PIns--posterior-insula,LEFT,2649,2649.0,BRN-INS,anatomical_structure,4
IXI330,UNesT,0.2.7,BRN-PARIETAL-OPERCULUM,PO----parietal-operculum,RIGHT,3893,3893.0,BRN-PAR,anatomical_structure,4
IXI330,UNesT,0.2.7,BRN-PARIETAL-OPERCULUM,PO----parietal-operculum,LEFT,4801,4801.0,BRN-PAR,anatomical_structure,4
IXI330,UNesT,0.2.7,BRN-POG,MPoG--postcentral-gyrus,RIGHT,16786,16786.0,BRN-PAR,cortical_structure,4
IXI330,UNesT,0.2.7,BRN-POG,MPoG--postcentral-gyrus,LEFT,19145,19145.0,BRN-PAR,cortical_structure,4
IXI330,UNesT,0.2.7,BRN-POSTERIOR-ORBITAL-GYRUS,POrG--posterior-orbital-gyrus,RIGHT,4676,4676.0,BRN-FRO,anatomical_structure,4
IXI330,UNesT,0.2.7,BRN-POSTERIOR-ORBITAL-GYRUS,POrG--posterior-orbital-gyrus,LEFT,5493,5493.0,BRN-FRO,anatomical_structure,4
IXI330,UNesT,0.2.7,BRN-PLANUM-POLARE,PP----planum-polare,RIGHT,2308,2308.0,BRN-TEM,anatomical_structure,4
IXI330,UNesT,0.2.7,BRN-PLANUM-POLARE,PP----planum-polare,LEFT,2687,2687.0,BRN-TEM,anatomical_structure,4
IXI330,UNesT,0.2.7,BRN-PRG,MPrG--precentral-gyrus,RIGHT,15660,15660.0,BRN-FRO,cortical_structure,4
IXI330,UNesT,0.2.7,BRN-PRG,MPrG--precentral-gyrus,LEFT,19947,19947.0,BRN-FRO,cortical_structure,4
IXI330,UNesT,0.2.7,BRN-PLANUM-TEMPORALE,PT----planum-temporale,RIGHT,3003,3003.0,BRN-TEM,anatomical_structure,4
IXI330,UNesT,0.2.7,BRN-PLANUM-TEMPORALE,PT----planum-temporale,LEFT,3831,3831.0,BRN-TEM,anatomical_structure,4
IXI330,UNesT,0.2.7,BRN-SUBCALLOSAL-AREA,SCA---subcallosal-area,RIGHT,1506,1506.0,BRN-LIM,anatomical_structure,4
IXI330,UNesT,0.2.7,BRN-SUBCALLOSAL-AREA,SCA---subcallosal-area,LEFT,1766,1766.0,BRN-LIM,anatomical_structure,4
IXI330,UNesT,0.2.7,BRN-SUPPLEMENTARY-MOTOR-CORTEX,SMC---supplementary-motor-cortex,RIGHT,6408,6408.0,BRN-FRO,anatomical_structure,4
IXI330,UNesT,0.2.7,BRN-SUPPLEMENTARY-MOTOR-CORTEX,SMC---supplementary-motor-cortex,LEFT,6141,6141.0,BRN-FRO,anatomical_structure,4
IXI330,UNesT,0.2.7,BRN-SUPRAMARGINAL-GYRUS,SMG---supramarginal-gyrus,RIGHT,10552,10552.0,BRN-PAR,anatomical_structure,4
IXI330,UNesT,0.2.7,BRN-SUPRAMARGINAL-GYRUS,SMG---supramarginal-gyrus,LEFT,12615,12615.0,BRN-PAR,anatomical_structure,4
IXI330,UNesT,0.2.7,BRN-SUPERIOR-OCCIPITAL-GYRUS,SOG---superior-occipital-gyrus,RIGHT,5518,5518.0,BRN-OCC,anatomical_structure,4
IXI330,UNesT,0.2.7,BRN-SUPERIOR-OCCIPITAL-GYRUS,SOG---superior-occipital-gyrus,LEFT,5765,5765.0,BRN-OCC,anatomical_structure,4
IXI330,UNesT,0.2.7,BRN-SUPERIOR-PARIETAL-LOBULE,SPL---superior-parietal-lobule,RIGHT,16371,16371.0,BRN-CER-COR,anatomical_structure,1
IXI330,UNesT,0.2.7,BRN-SUPERIOR-PARIETAL-LOBULE,SPL---superior-parietal-lobule,LEFT,16767,16767.0,BRN-CER-COR,anatomical_structure,1
IXI330,UNesT,0.2.7,BRN-SUPERIOR-TEMPORAL-GYRUS,STG---superior-temporal-gyrus,RIGHT,8035,8035.0,BRN-TEM,anatomical_structure,4
IXI330,UNesT,0.2.7,BRN-SUPERIOR-TEMPORAL-GYRUS,STG---superior-temporal-gyrus,LEFT,8966,8966.0,BRN-TEM,anatomical_structure,4
IXI330,UNesT,0.2.7,BRN-TEMPORAL-POLE,TMP---temporal-pole,RIGHT,12661,12661.0,BRN-TEM,anatomical_structure,4
IXI330,UNesT,0.2.7,BRN-TEMPORAL-POLE,TMP---temporal-pole,LEFT,12681,12681.0,BRN-TEM,anatomical_structure,4
IXI330,UNesT,0.2.7,BRN-TRIFG-TRIANGULAR-PART-OF-THE-IFG,TrIFG-triangular-part-of-the-IFG,RIGHT,3755,3755.0,BRN-CER-COR,anatomical_structure,1
IXI330,UNesT,0.2.7,BRN-TRIFG-TRIANGULAR-PART-OF-THE-IFG,TrIFG-triangular-part-of-the-IFG,LEFT,4646,4646.0,BRN-CER-COR,anatomical_structure,1
IXI330,UNesT,0.2.7,BRN-TRANSVERSE-TEMPORAL-GYRUS,TTG---transverse-temporal-gyrus,RIGHT,2464,2464.0,BRN-TEM,anatomical_structure,4
IXI330,UNesT,0.2.7,BRN-TRANSVERSE-TEMPORAL-GYRUS,TTG---transverse-temporal-gyrus,LEFT,3441,3441.0,BRN-TEM,anatomical_structure,4
IXI342,UNesT,0.2.7,BRN-3RD-VENTRICLE,3rd-Ventricle,NONE,2040,2040.0,BRN-VEN,anatomical_structure,1
IXI342,UNesT,0.2.7,BRN-4TH-VENTRICLE,4th-Ventricle,NONE,2348,2348.0,BRN-VEN,anatomical_structure,1
IXI342,UNesT,0.2.7,BRN-ACC,Accumbens-Area,RIGHT,484,484.0,BRN-DGM,anatomical_structure,1
IXI342,UNesT,0.2.7,BRN-ACC,Accumbens-Area,LEFT,625,625.0,BRN-DGM,anatomical_structure,1
IXI342,UNesT,0.2.7,BRN-AMY,Amygdala,RIGHT,1695,1695.0,BRN-DGM,deep_gray_matter,1
IXI342,UNesT,0.2.7,BRN-AMY,Amygdala,LEFT,1572,1572.0,BRN-DGM,deep_gray_matter,1
IXI342,UNesT,0.2.7,BRN-BST,Brain-Stem,NONE,22038,22038.0,BRN-BST-GRP,brainstem,1
IXI342,UNesT,0.2.7,BRN-CAU,Caudate,RIGHT,3779,3779.0,BRN-DGM,deep_gray_matter,1
IXI342,UNesT,0.2.7,BRN-CAU,Caudate,LEFT,3604,3604.0,BRN-DGM,deep_gray_matter,1
IXI342,UNesT,0.2.7,BRN-CB-EXT,Cerebellum-Exterior,RIGHT,70945,70945.0,BRN-CBL,anatomical_structure,1
IXI342,UNesT,0.2.7,BRN-CB-EXT,Cerebellum-Exterior,LEFT,70015,70015.0,BRN-CBL,anatomical_structure,1
IXI342,UNesT,0.2.7,BRN-CB-WM,Cerebellum-White-Matter,RIGHT,17256,17256.0,BRN-CBL,anatomical_structure,1
IXI342,UNesT,0.2.7,BRN-CB-WM,Cerebellum-White-Matter,LEFT,16393,16393.0,BRN-CBL,anatomical_structure,1
IXI342,UNesT,0.2.7,BRN-CER-WM,Cerebral-White-Matter,RIGHT,288168,288168.0,BRN-WM,anatomical_structure,1
IXI342,UNesT,0.2.7,BRN-CER-WM,Cerebral-White-Matter,LEFT,266850,266850.0,BRN-WM,anatomical_structure,1
IXI342,UNesT,0.2.7,BRN-HIP,Hippocampus,RIGHT,4049,4049.0,BRN-LIM,deep_gray_matter,1
IXI342,UNesT,0.2.7,BRN-HIP,Hippocampus,LEFT,4203,4203.0,BRN-LIM,deep_gray_matter,1
IXI342,UNesT,0.2.7,BRN-INF-LAT-V,Inf-Lat-Vent,RIGHT,1149,1149.0,BRN-VEN,anatomical_structure,1
IXI342,UNesT,0.2.7,BRN-INF-LAT-V,Inf-Lat-Vent,LEFT,911,911.0,BRN-VEN,anatomical_structure,1
IXI342,UNesT,0.2.7,BRN-LAT-V,Lateral-Ventricle,RIGHT,27367,27367.0,BRN-VEN,anatomical_structure,1
IXI342,UNesT,0.2.7,BRN-LAT-V,Lateral-Ventricle,LEFT,27069,27069.0,BRN-VEN,anatomical_structure,1
IXI342,UNesT,0.2.7,BRN-PAL,Pallidum,RIGHT,2270,2270.0,BRN-DGM,deep_gray_matter,1
IXI342,UNesT,0.2.7,BRN-PAL,Pallidum,LEFT,2205,2205.0,BRN-DGM,deep_gray_matter,1
IXI342,UNesT,0.2.7,BRN-PUT,Putamen,RIGHT,5614,5614.0,BRN-DGM,deep_gray_matter,1
IXI342,UNesT,0.2.7,BRN-PUT,Putamen,LEFT,5760,5760.0,BRN-DGM,deep_gray_matter,1
IXI342,UNesT,0.2.7,BRN-THA,Thalamus-Proper,RIGHT,8693,8693.0,BRN-DGM,deep_gray_matter,1
IXI342,UNesT,0.2.7,BRN-THA,Thalamus-Proper,LEFT,8980,8980.0,BRN-DGM,deep_gray_matter,1
IXI342,UNesT,0.2.7,BRN-VDC,Ventral-DC,RIGHT,6007,6007.0,BRN-DGM,anatomical_structure,1
IXI342,UNesT,0.2.7,BRN-VDC,Ventral-DC,LEFT,6119,6119.0,BRN-DGM,anatomical_structure,1
IXI342,UNesT,0.2.7,BRN-CEREBELLAR-VERMAL-LOBULES-I-V,Cerebellar-Vermal-Lobules-I-V,NONE,6573,6573.0,BRN-CBL,anatomical_structure,1
IXI342,UNesT,0.2.7,BRN-CEREBELLAR-VERMAL-LOBULES-VI-VII,Cerebellar-Vermal-Lobules-VI-VII,NONE,4315,4315.0,BRN-CBL,anatomical_structure,1
IXI342,UNesT,0.2.7,BRN-CEREBELLAR-VERMAL-LOBULES-VIII-X,Cerebellar-Vermal-Lobules-VIII-X,NONE,3946,3946.0,BRN-CBL,anatomical_structure,1
IXI342,UNesT,0.2.7,BRN-BASAL-FOREBRAIN,Basal-Forebrain,LEFT,706,706.0,BRN-DGM,anatomical_structure,1
IXI342,UNesT,0.2.7,BRN-BASAL-FOREBRAIN,Basal-Forebrain,RIGHT,655,655.0,BRN-DGM,anatomical_structure,1
IXI342,UNesT,0.2.7,BRN-ANTERIOR-CINGULATE-GYRUS,ACgG--anterior-cingulate-gyrus,RIGHT,5704,5704.0,BRN-LIM,anatomical_structure,4
IXI342,UNesT,0.2.7,BRN-ANTERIOR-CINGULATE-GYRUS,ACgG--anterior-cingulate-gyrus,LEFT,7220,7220.0,BRN-LIM,anatomical_structure,4
IXI342,UNesT,0.2.7,BRN-ANTERIOR-INSULA,AIns--anterior-insula,RIGHT,5929,5929.0,BRN-INS,anatomical_structure,4
IXI342,UNesT,0.2.7,BRN-ANTERIOR-INSULA,AIns--anterior-insula,LEFT,5752,5752.0,BRN-INS,anatomical_structure,4
IXI342,UNesT,0.2.7,BRN-ANTERIOR-ORBITAL-GYRUS,AOrG--anterior-orbital-gyrus,RIGHT,2766,2766.0,BRN-FRO,anatomical_structure,4
IXI342,UNesT,0.2.7,BRN-ANTERIOR-ORBITAL-GYRUS,AOrG--anterior-orbital-gyrus,LEFT,2853,2853.0,BRN-FRO,anatomical_structure,4
IXI342,UNesT,0.2.7,BRN-ANGULAR-GYRUS,AnG---angular-gyrus,RIGHT,14665,14665.0,BRN-PAR,anatomical_structure,4
IXI342,UNesT,0.2.7,BRN-ANGULAR-GYRUS,AnG---angular-gyrus,LEFT,15296,15296.0,BRN-PAR,anatomical_structure,4
IXI342,UNesT,0.2.7,BRN-CALCARINE-CORTEX,Calc--calcarine-cortex,RIGHT,5952,5952.0,BRN-OCC,anatomical_structure,4
IXI342,UNesT,0.2.7,BRN-CALCARINE-CORTEX,Calc--calcarine-cortex,LEFT,5570,5570.0,BRN-OCC,anatomical_structure,4
IXI342,UNesT,0.2.7,BRN-CENTRAL-OPERCULUM,CO----central-operculum,RIGHT,4793,4793.0,BRN-CER-COR,anatomical_structure,3
IXI342,UNesT,0.2.7,BRN-CENTRAL-OPERCULUM,CO----central-operculum,LEFT,6016,6016.0,BRN-CER-COR,anatomical_structure,3
IXI342,UNesT,0.2.7,BRN-CUNEUS,Cun---cuneus,RIGHT,7855,7855.0,BRN-CER-COR,anatomical_structure,1
IXI342,UNesT,0.2.7,BRN-CUNEUS,Cun---cuneus,LEFT,6845,6845.0,BRN-CER-COR,anatomical_structure,1
IXI342,UNesT,0.2.7,BRN-ENTORHINAL-AREA,Ent---entorhinal-area,RIGHT,3542,3542.0,BRN-LIM,anatomical_structure,1
IXI342,UNesT,0.2.7,BRN-ENTORHINAL-AREA,Ent---entorhinal-area,LEFT,3227,3227.0,BRN-LIM,anatomical_structure,1
IXI342,UNesT,0.2.7,BRN-FRONTAL-OPERCULUM,FO----frontal-operculum,RIGHT,2773,2773.0,BRN-FRO,anatomical_structure,4
IXI342,UNesT,0.2.7,BRN-FRONTAL-OPERCULUM,FO----frontal-operculum,LEFT,3207,3207.0,BRN-FRO,anatomical_structure,4
IXI342,UNesT,0.2.7,BRN-FRONTAL-POLE,FRP---frontal-pole,RIGHT,4848,4848.0,BRN-FRO,anatomical_structure,4
IXI342,UNesT,0.2.7,BRN-FRONTAL-POLE,FRP---frontal-pole,LEFT,4050,4050.0,BRN-FRO,anatomical_structure,4
IXI342,UNesT,0.2.7,BRN-FUSIFORM-GYRUS,FuG---fusiform-gyrus,RIGHT,8623,8623.0,BRN-TEM,anatomical_structure,4
IXI342,UNesT,0.2.7,BRN-FUSIFORM-GYRUS,FuG---fusiform-gyrus,LEFT,10199,10199.0,BRN-TEM,anatomical_structure,4
IXI342,UNesT,0.2.7,BRN-GYRUS-RECTUS,GRe---gyrus-rectus,RIGHT,2366,2366.0,BRN-FRO,anatomical_structure,4
IXI342,UNesT,0.2.7,BRN-GYRUS-RECTUS,GRe---gyrus-rectus,LEFT,2762,2762.0,BRN-FRO,anatomical_structure,4
IXI342,UNesT,0.2.7,BRN-INFERIOR-OCCIPITAL-GYRUS,IOG---inferior-occipital-gyrus,RIGHT,9492,9492.0,BRN-OCC,anatomical_structure,4
IXI342,UNesT,0.2.7,BRN-INFERIOR-OCCIPITAL-GYRUS,IOG---inferior-occipital-gyrus,LEFT,10886,10886.0,BRN-OCC,anatomical_structure,4
IXI342,UNesT,0.2.7,BRN-INFERIOR-TEMPORAL-GYRUS,ITG---inferior-temporal-gyrus,RIGHT,15220,15220.0,BRN-TEM,anatomical_structure,4
IXI342,UNesT,0.2.7,BRN-INFERIOR-TEMPORAL-GYRUS,ITG---inferior-temporal-gyrus,LEFT,20782,20782.0,BRN-TEM,anatomical_structure,4
IXI342,UNesT,0.2.7,BRN-LINGUAL-GYRUS,LiG---lingual-gyrus,RIGHT,13544,13544.0,BRN-OCC,anatomical_structure,4
IXI342,UNesT,0.2.7,BRN-LINGUAL-GYRUS,LiG---lingual-gyrus,LEFT,13710,13710.0,BRN-OCC,anatomical_structure,4
IXI342,UNesT,0.2.7,BRN-LATERAL-ORBITAL-GYRUS,LOrG--lateral-orbital-gyrus,RIGHT,3330,3330.0,BRN-FRO,anatomical_structure,4
IXI342,UNesT,0.2.7,BRN-LATERAL-ORBITAL-GYRUS,LOrG--lateral-orbital-gyrus,LEFT,3498,3498.0,BRN-FRO,anatomical_structure,4
IXI342,UNesT,0.2.7,BRN-MIDDLE-CINGULATE-GYRUS,MCgG--middle-cingulate-gyrus,RIGHT,7318,7318.0,BRN-LIM,anatomical_structure,4
IXI342,UNesT,0.2.7,BRN-MIDDLE-CINGULATE-GYRUS,MCgG--middle-cingulate-gyrus,LEFT,7085,7085.0,BRN-LIM,anatomical_structure,4
IXI342,UNesT,0.2.7,BRN-MEDIAL-FRONTAL-CORTEX,MFC---medial-frontal-cortex,RIGHT,1964,1964.0,BRN-FRO,anatomical_structure,4
IXI342,UNesT,0.2.7,BRN-MEDIAL-FRONTAL-CORTEX,MFC---medial-frontal-cortex,LEFT,2681,2681.0,BRN-FRO,anatomical_structure,4
IXI342,UNesT,0.2.7,BRN-MIDDLE-FRONTAL-GYRUS,MFG---middle-frontal-gyrus,RIGHT,31232,31232.0,BRN-FRO,anatomical_structure,4
IXI342,UNesT,0.2.7,BRN-MIDDLE-FRONTAL-GYRUS,MFG---middle-frontal-gyrus,LEFT,31420,31420.0,BRN-FRO,anatomical_structure,4
IXI342,UNesT,0.2.7,BRN-MIDDLE-OCCIPITAL-GYRUS,MOG---middle-occipital-gyrus,RIGHT,7861,7861.0,BRN-OCC,anatomical_structure,4
IXI342,UNesT,0.2.7,BRN-MIDDLE-OCCIPITAL-GYRUS,MOG---middle-occipital-gyrus,LEFT,7957,7957.0,BRN-OCC,anatomical_structure,4
IXI342,UNesT,0.2.7,BRN-MEDIAL-ORBITAL-GYRUS,MOrG--medial-orbital-gyrus,RIGHT,5403,5403.0,BRN-FRO,anatomical_structure,4
IXI342,UNesT,0.2.7,BRN-MEDIAL-ORBITAL-GYRUS,MOrG--medial-orbital-gyrus,LEFT,6421,6421.0,BRN-FRO,anatomical_structure,4
IXI342,UNesT,0.2.7,BRN-POG-MED,"Postcentral Gyrus, Medial Segment",RIGHT,2123,2123.0,BRN-PAR,cortical_subregion,4
IXI342,UNesT,0.2.7,BRN-POG-MED,"Postcentral Gyrus, Medial Segment",LEFT,1806,1806.0,BRN-PAR,cortical_subregion,4
IXI342,UNesT,0.2.7,BRN-PRG-MED,"Precentral Gyrus, Medial Segment",RIGHT,4320,4320.0,BRN-FRO,cortical_subregion,4
IXI342,UNesT,0.2.7,BRN-PRG-MED,"Precentral Gyrus, Medial Segment",LEFT,3027,3027.0,BRN-FRO,cortical_subregion,4
IXI342,UNesT,0.2.7,BRN-SUPERIOR-FRONTAL-GYRUS,MSFG--superior-frontal-gyrus,RIGHT,29942,29942.0,BRN-FRO,anatomical_structure,4
IXI342,UNesT,0.2.7,BRN-SUPERIOR-FRONTAL-GYRUS,MSFG--superior-frontal-gyrus,LEFT,27801,27801.0,BRN-FRO,anatomical_structure,4
IXI342,UNesT,0.2.7,BRN-MIDDLE-TEMPORAL-GYRUS,MTG---middle-temporal-gyrus,RIGHT,18862,18862.0,BRN-TEM,anatomical_structure,4
IXI342,UNesT,0.2.7,BRN-MIDDLE-TEMPORAL-GYRUS,MTG---middle-temporal-gyrus,LEFT,16976,16976.0,BRN-TEM,anatomical_structure,4
IXI342,UNesT,0.2.7,BRN-OCCIPITAL-POLE,OCP---occipital-pole,RIGHT,5303,5303.0,BRN-OCC,anatomical_structure,4
IXI342,UNesT,0.2.7,BRN-OCCIPITAL-POLE,OCP---occipital-pole,LEFT,6338,6338.0,BRN-OCC,anatomical_structure,4
IXI342,UNesT,0.2.7,BRN-OCCIPITAL-FUSIFORM-GYRUS,OFuG--occipital-fusiform-gyrus,RIGHT,7336,7336.0,BRN-OCC,anatomical_structure,4
IXI342,UNesT,0.2.7,BRN-OCCIPITAL-FUSIFORM-GYRUS,OFuG--occipital-fusiform-gyrus,LEFT,6523,6523.0,BRN-OCC,anatomical_structure,4
IXI342,UNesT,0.2.7,BRN-OPIFG-OPERCULAR-PART-OF-THE-IFG,OpIFG-opercular-part-of-the-IFG,RIGHT,4848,4848.0,BRN-CER-COR,anatomical_structure,1
IXI342,UNesT,0.2.7,BRN-OPIFG-OPERCULAR-PART-OF-THE-IFG,OpIFG-opercular-part-of-the-IFG,LEFT,5552,5552.0,BRN-CER-COR,anatomical_structure,1
IXI342,UNesT,0.2.7,BRN-ORIFG-ORBITAL-PART-OF-THE-IFG,OrIFG-orbital-part-of-the-IFG,RIGHT,1328,1328.0,BRN-CER-COR,anatomical_structure,1
IXI342,UNesT,0.2.7,BRN-ORIFG-ORBITAL-PART-OF-THE-IFG,OrIFG-orbital-part-of-the-IFG,LEFT,2604,2604.0,BRN-CER-COR,anatomical_structure,1
IXI342,UNesT,0.2.7,BRN-POSTERIOR-CINGULATE-GYRUS,PCgG--posterior-cingulate-gyrus,RIGHT,5755,5755.0,BRN-LIM,anatomical_structure,4
IXI342,UNesT,0.2.7,BRN-POSTERIOR-CINGULATE-GYRUS,PCgG--posterior-cingulate-gyrus,LEFT,6029,6029.0,BRN-LIM,anatomical_structure,4
IXI342,UNesT,0.2.7,BRN-PCU,PCu---precuneus,RIGHT,14366,14366.0,BRN-PAR,cortical_structure,4
IXI342,UNesT,0.2.7,BRN-PCU,PCu---precuneus,LEFT,15267,15267.0,BRN-PAR,cortical_structure,4
IXI342,UNesT,0.2.7,BRN-PARAHIPPOCAMPAL-GYRUS,PHG---parahippocampal-gyrus,RIGHT,4202,4202.0,BRN-LIM,anatomical_structure,4
IXI342,UNesT,0.2.7,BRN-PARAHIPPOCAMPAL-GYRUS,PHG---parahippocampal-gyrus,LEFT,4858,4858.0,BRN-LIM,anatomical_structure,4
IXI342,UNesT,0.2.7,BRN-POSTERIOR-INSULA,PIns--posterior-insula,RIGHT,3251,3251.0,BRN-INS,anatomical_structure,4
IXI342,UNesT,0.2.7,BRN-POSTERIOR-INSULA,PIns--posterior-insula,LEFT,3502,3502.0,BRN-INS,anatomical_structure,4
IXI342,UNesT,0.2.7,BRN-PARIETAL-OPERCULUM,PO----parietal-operculum,RIGHT,4033,4033.0,BRN-PAR,anatomical_structure,4
IXI342,UNesT,0.2.7,BRN-PARIETAL-OPERCULUM,PO----parietal-operculum,LEFT,4964,4964.0,BRN-PAR,anatomical_structure,4
IXI342,UNesT,0.2.7,BRN-POG,MPoG--postcentral-gyrus,RIGHT,15761,15761.0,BRN-PAR,cortical_structure,4
IXI342,UNesT,0.2.7,BRN-POG,MPoG--postcentral-gyrus,LEFT,20483,20483.0,BRN-PAR,cortical_structure,4
IXI342,UNesT,0.2.7,BRN-POSTERIOR-ORBITAL-GYRUS,POrG--posterior-orbital-gyrus,RIGHT,4672,4672.0,BRN-FRO,anatomical_structure,4
IXI342,UNesT,0.2.7,BRN-POSTERIOR-ORBITAL-GYRUS,POrG--posterior-orbital-gyrus,LEFT,5108,5108.0,BRN-FRO,anatomical_structure,4
IXI342,UNesT,0.2.7,BRN-PLANUM-POLARE,PP----planum-polare,RIGHT,2229,2229.0,BRN-TEM,anatomical_structure,4
IXI342,UNesT,0.2.7,BRN-PLANUM-POLARE,PP----planum-polare,LEFT,2860,2860.0,BRN-TEM,anatomical_structure,4
IXI342,UNesT,0.2.7,BRN-PRG,MPrG--precentral-gyrus,RIGHT,24212,24212.0,BRN-FRO,cortical_structure,4
IXI342,UNesT,0.2.7,BRN-PRG,MPrG--precentral-gyrus,LEFT,26445,26445.0,BRN-FRO,cortical_structure,4
IXI342,UNesT,0.2.7,BRN-PLANUM-TEMPORALE,PT----planum-temporale,RIGHT,2612,2612.0,BRN-TEM,anatomical_structure,4
IXI342,UNesT,0.2.7,BRN-PLANUM-TEMPORALE,PT----planum-temporale,LEFT,3870,3870.0,BRN-TEM,anatomical_structure,4
IXI342,UNesT,0.2.7,BRN-SUBCALLOSAL-AREA,SCA---subcallosal-area,RIGHT,1774,1774.0,BRN-LIM,anatomical_structure,4
IXI342,UNesT,0.2.7,BRN-SUBCALLOSAL-AREA,SCA---subcallosal-area,LEFT,1871,1871.0,BRN-LIM,anatomical_structure,4
IXI342,UNesT,0.2.7,BRN-SUPPLEMENTARY-MOTOR-CORTEX,SMC---supplementary-motor-cortex,RIGHT,7809,7809.0,BRN-FRO,anatomical_structure,4
IXI342,UNesT,0.2.7,BRN-SUPPLEMENTARY-MOTOR-CORTEX,SMC---supplementary-motor-cortex,LEFT,8655,8655.0,BRN-FRO,anatomical_structure,4
IXI342,UNesT,0.2.7,BRN-SUPRAMARGINAL-GYRUS,SMG---supramarginal-gyrus,RIGHT,12404,12404.0,BRN-PAR,anatomical_structure,4
IXI342,UNesT,0.2.7,BRN-SUPRAMARGINAL-GYRUS,SMG---supramarginal-gyrus,LEFT,13286,13286.0,BRN-PAR,anatomical_structure,4
IXI342,UNesT,0.2.7,BRN-SUPERIOR-OCCIPITAL-GYRUS,SOG---superior-occipital-gyrus,RIGHT,8519,8519.0,BRN-OCC,anatomical_structure,4
IXI342,UNesT,0.2.7,BRN-SUPERIOR-OCCIPITAL-GYRUS,SOG---superior-occipital-gyrus,LEFT,6055,6055.0,BRN-OCC,anatomical_structure,4
IXI342,UNesT,0.2.7,BRN-SUPERIOR-PARIETAL-LOBULE,SPL---superior-parietal-lobule,RIGHT,18219,18219.0,BRN-CER-COR,anatomical_structure,1
IXI342,UNesT,0.2.7,BRN-SUPERIOR-PARIETAL-LOBULE,SPL---superior-parietal-lobule,LEFT,20084,20084.0,BRN-CER-COR,anatomical_structure,1
IXI342,UNesT,0.2.7,BRN-SUPERIOR-TEMPORAL-GYRUS,STG---superior-temporal-gyrus,RIGHT,9034,9034.0,BRN-TEM,anatomical_structure,4
IXI342,UNesT,0.2.7,BRN-SUPERIOR-TEMPORAL-GYRUS,STG---superior-temporal-gyrus,LEFT,7898,7898.0,BRN-TEM,anatomical_structure,4
IXI342,UNesT,0.2.7,BRN-TEMPORAL-POLE,TMP---temporal-pole,RIGHT,10622,10622.0,BRN-TEM,anatomical_structure,4
IXI342,UNesT,0.2.7,BRN-TEMPORAL-POLE,TMP---temporal-pole,LEFT,10903,10903.0,BRN-TEM,anatomical_structure,4
IXI342,UNesT,0.2.7,BRN-TRIFG-TRIANGULAR-PART-OF-THE-IFG,TrIFG-triangular-part-of-the-IFG,RIGHT,4889,4889.0,BRN-CER-COR,anatomical_structure,1
IXI342,UNesT,0.2.7,BRN-TRIFG-TRIANGULAR-PART-OF-THE-IFG,TrIFG-triangular-part-of-the-IFG,LEFT,4681,4681.0,BRN-CER-COR,anatomical_structure,1
IXI342,UNesT,0.2.7,BRN-TRANSVERSE-TEMPORAL-GYRUS,TTG---transverse-temporal-gyrus,RIGHT,2423,2423.0,BRN-TEM,anatomical_structure,4
IXI342,UNesT,0.2.7,BRN-TRANSVERSE-TEMPORAL-GYRUS,TTG---transverse-temporal-gyrus,LEFT,3378,3378.0,BRN-TEM,anatomical_structure,4
IXI313,UNesT,0.2.7,BRN-3RD-VENTRICLE,3rd-Ventricle,NONE,1812,1812.0,BRN-VEN,anatomical_structure,1
IXI313,UNesT,0.2.7,BRN-4TH-VENTRICLE,4th-Ventricle,NONE,1057,1057.0,BRN-VEN,anatomical_structure,1
IXI313,UNesT,0.2.7,BRN-ACC,Accumbens-Area,RIGHT,53,53.0,BRN-DGM,anatomical_structure,1
IXI313,UNesT,0.2.7,BRN-AMY,Amygdala,RIGHT,1002,1002.0,BRN-DGM,deep_gray_matter,1
IXI313,UNesT,0.2.7,BRN-AMY,Amygdala,LEFT,594,594.0,BRN-DGM,deep_gray_matter,1
IXI313,UNesT,0.2.7,BRN-BST,Brain-Stem,NONE,19962,19962.0,BRN-BST-GRP,brainstem,1
IXI313,UNesT,0.2.7,BRN-CAU,Caudate,RIGHT,2026,2026.0,BRN-DGM,deep_gray_matter,1
IXI313,UNesT,0.2.7,BRN-CAU,Caudate,LEFT,1009,1009.0,BRN-DGM,deep_gray_matter,1
IXI313,UNesT,0.2.7,BRN-CB-EXT,Cerebellum-Exterior,RIGHT,61995,61995.0,BRN-CBL,anatomical_structure,1
IXI313,UNesT,0.2.7,BRN-CB-EXT,Cerebellum-Exterior,LEFT,63291,63291.0,BRN-CBL,anatomical_structure,1
IXI313,UNesT,0.2.7,BRN-CB-WM,Cerebellum-White-Matter,RIGHT,18716,18716.0,BRN-CBL,anatomical_structure,1
IXI313,UNesT,0.2.7,BRN-CB-WM,Cerebellum-White-Matter,LEFT,15967,15967.0,BRN-CBL,anatomical_structure,1
IXI313,UNesT,0.2.7,BRN-CER-WM,Cerebral-White-Matter,RIGHT,238825,238825.0,BRN-WM,anatomical_structure,1
IXI313,UNesT,0.2.7,BRN-CER-WM,Cerebral-White-Matter,LEFT,227523,227523.0,BRN-WM,anatomical_structure,1
IXI313,UNesT,0.2.7,BRN-HIP,Hippocampus,RIGHT,3877,3877.0,BRN-LIM,deep_gray_matter,1
IXI313,UNesT,0.2.7,BRN-HIP,Hippocampus,LEFT,2855,2855.0,BRN-LIM,deep_gray_matter,1
IXI313,UNesT,0.2.7,BRN-INF-LAT-V,Inf-Lat-Vent,RIGHT,334,334.0,BRN-VEN,anatomical_structure,1
IXI313,UNesT,0.2.7,BRN-INF-LAT-V,Inf-Lat-Vent,LEFT,583,583.0,BRN-VEN,anatomical_structure,1
IXI313,UNesT,0.2.7,BRN-LAT-V,Lateral-Ventricle,RIGHT,31644,31644.0,BRN-VEN,anatomical_structure,1
IXI313,UNesT,0.2.7,BRN-LAT-V,Lateral-Ventricle,LEFT,34324,34324.0,BRN-VEN,anatomical_structure,1
IXI313,UNesT,0.2.7,BRN-PAL,Pallidum,RIGHT,1396,1396.0,BRN-DGM,deep_gray_matter,1
IXI313,UNesT,0.2.7,BRN-PAL,Pallidum,LEFT,671,671.0,BRN-DGM,deep_gray_matter,1
IXI313,UNesT,0.2.7,BRN-PUT,Putamen,RIGHT,4685,4685.0,BRN-DGM,deep_gray_matter,1
IXI313,UNesT,0.2.7,BRN-PUT,Putamen,LEFT,3233,3233.0,BRN-DGM,deep_gray_matter,1
IXI313,UNesT,0.2.7,BRN-THA,Thalamus-Proper,RIGHT,7191,7191.0,BRN-DGM,deep_gray_matter,1
IXI313,UNesT,0.2.7,BRN-THA,Thalamus-Proper,LEFT,6816,6816.0,BRN-DGM,deep_gray_matter,1
IXI313,UNesT,0.2.7,BRN-VDC,Ventral-DC,RIGHT,5291,5291.0,BRN-DGM,anatomical_structure,1
IXI313,UNesT,0.2.7,BRN-VDC,Ventral-DC,LEFT,4768,4768.0,BRN-DGM,anatomical_structure,1
IXI313,UNesT,0.2.7,BRN-CEREBELLAR-VERMAL-LOBULES-I-V,Cerebellar-Vermal-Lobules-I-V,NONE,8132,8132.0,BRN-CBL,anatomical_structure,1
IXI313,UNesT,0.2.7,BRN-CEREBELLAR-VERMAL-LOBULES-VI-VII,Cerebellar-Vermal-Lobules-VI-VII,NONE,4487,4487.0,BRN-CBL,anatomical_structure,1
IXI313,UNesT,0.2.7,BRN-CEREBELLAR-VERMAL-LOBULES-VIII-X,Cerebellar-Vermal-Lobules-VIII-X,NONE,3901,3901.0,BRN-CBL,anatomical_structure,1
IXI313,UNesT,0.2.7,BRN-BASAL-FOREBRAIN,Basal-Forebrain,LEFT,376,376.0,BRN-DGM,anatomical_structure,1
IXI313,UNesT,0.2.7,BRN-BASAL-FOREBRAIN,Basal-Forebrain,RIGHT,437,437.0,BRN-DGM,anatomical_structure,1
IXI313,UNesT,0.2.7,BRN-ANTERIOR-CINGULATE-GYRUS,ACgG--anterior-cingulate-gyrus,RIGHT,6318,6318.0,BRN-LIM,anatomical_structure,4
IXI313,UNesT,0.2.7,BRN-ANTERIOR-CINGULATE-GYRUS,ACgG--anterior-cingulate-gyrus,LEFT,8222,8222.0,BRN-LIM,anatomical_structure,4
IXI313,UNesT,0.2.7,BRN-ANTERIOR-INSULA,AIns--anterior-insula,RIGHT,6006,6006.0,BRN-INS,anatomical_structure,4
IXI313,UNesT,0.2.7,BRN-ANTERIOR-INSULA,AIns--anterior-insula,LEFT,5518,5518.0,BRN-INS,anatomical_structure,4
IXI313,UNesT,0.2.7,BRN-ANTERIOR-ORBITAL-GYRUS,AOrG--anterior-orbital-gyrus,RIGHT,2488,2488.0,BRN-FRO,anatomical_structure,4
IXI313,UNesT,0.2.7,BRN-ANTERIOR-ORBITAL-GYRUS,AOrG--anterior-orbital-gyrus,LEFT,2163,2163.0,BRN-FRO,anatomical_structure,4
IXI313,UNesT,0.2.7,BRN-ANGULAR-GYRUS,AnG---angular-gyrus,RIGHT,18378,18378.0,BRN-PAR,anatomical_structure,4
IXI313,UNesT,0.2.7,BRN-ANGULAR-GYRUS,AnG---angular-gyrus,LEFT,21226,21226.0,BRN-PAR,anatomical_structure,4
IXI313,UNesT,0.2.7,BRN-CALCARINE-CORTEX,Calc--calcarine-cortex,RIGHT,4342,4342.0,BRN-OCC,anatomical_structure,4
IXI313,UNesT,0.2.7,BRN-CALCARINE-CORTEX,Calc--calcarine-cortex,LEFT,4856,4856.0,BRN-OCC,anatomical_structure,4
IXI313,UNesT,0.2.7,BRN-CENTRAL-OPERCULUM,CO----central-operculum,RIGHT,6156,6156.0,BRN-CER-COR,anatomical_structure,3
IXI313,UNesT,0.2.7,BRN-CENTRAL-OPERCULUM,CO----central-operculum,LEFT,6917,6917.0,BRN-CER-COR,anatomical_structure,3
IXI313,UNesT,0.2.7,BRN-CUNEUS,Cun---cuneus,RIGHT,6773,6773.0,BRN-CER-COR,anatomical_structure,1
IXI313,UNesT,0.2.7,BRN-CUNEUS,Cun---cuneus,LEFT,6939,6939.0,BRN-CER-COR,anatomical_structure,1
IXI313,UNesT,0.2.7,BRN-ENTORHINAL-AREA,Ent---entorhinal-area,RIGHT,2635,2635.0,BRN-LIM,anatomical_structure,1
IXI313,UNesT,0.2.7,BRN-ENTORHINAL-AREA,Ent---entorhinal-area,LEFT,1849,1849.0,BRN-LIM,anatomical_structure,1
IXI313,UNesT,0.2.7,BRN-FRONTAL-OPERCULUM,FO----frontal-operculum,RIGHT,3725,3725.0,BRN-FRO,anatomical_structure,4
IXI313,UNesT,0.2.7,BRN-FRONTAL-OPERCULUM,FO----frontal-operculum,LEFT,2751,2751.0,BRN-FRO,anatomical_structure,4
IXI313,UNesT,0.2.7,BRN-FRONTAL-POLE,FRP---frontal-pole,RIGHT,4585,4585.0,BRN-FRO,anatomical_structure,4
IXI313,UNesT,0.2.7,BRN-FRONTAL-POLE,FRP---frontal-pole,LEFT,4764,4764.0,BRN-FRO,anatomical_structure,4
IXI313,UNesT,0.2.7,BRN-FUSIFORM-GYRUS,FuG---fusiform-gyrus,RIGHT,9738,9738.0,BRN-TEM,anatomical_structure,4
IXI313,UNesT,0.2.7,BRN-FUSIFORM-GYRUS,FuG---fusiform-gyrus,LEFT,10310,10310.0,BRN-TEM,anatomical_structure,4
IXI313,UNesT,0.2.7,BRN-GYRUS-RECTUS,GRe---gyrus-rectus,RIGHT,3020,3020.0,BRN-FRO,anatomical_structure,4
IXI313,UNesT,0.2.7,BRN-GYRUS-RECTUS,GRe---gyrus-rectus,LEFT,3007,3007.0,BRN-FRO,anatomical_structure,4
IXI313,UNesT,0.2.7,BRN-INFERIOR-OCCIPITAL-GYRUS,IOG---inferior-occipital-gyrus,RIGHT,9409,9409.0,BRN-OCC,anatomical_structure,4
IXI313,UNesT,0.2.7,BRN-INFERIOR-OCCIPITAL-GYRUS,IOG---inferior-occipital-gyrus,LEFT,10488,10488.0,BRN-OCC,anatomical_structure,4
IXI313,UNesT,0.2.7,BRN-INFERIOR-TEMPORAL-GYRUS,ITG---inferior-temporal-gyrus,RIGHT,16829,16829.0,BRN-TEM,anatomical_structure,4
IXI313,UNesT,0.2.7,BRN-INFERIOR-TEMPORAL-GYRUS,ITG---inferior-temporal-gyrus,LEFT,19027,19027.0,BRN-TEM,anatomical_structure,4
IXI313,UNesT,0.2.7,BRN-LINGUAL-GYRUS,LiG---lingual-gyrus,RIGHT,12354,12354.0,BRN-OCC,anatomical_structure,4
IXI313,UNesT,0.2.7,BRN-LINGUAL-GYRUS,LiG---lingual-gyrus,LEFT,14913,14913.0,BRN-OCC,anatomical_structure,4
IXI313,UNesT,0.2.7,BRN-LATERAL-ORBITAL-GYRUS,LOrG--lateral-orbital-gyrus,RIGHT,3199,3199.0,BRN-FRO,anatomical_structure,4
IXI313,UNesT,0.2.7,BRN-LATERAL-ORBITAL-GYRUS,LOrG--lateral-orbital-gyrus,LEFT,2879,2879.0,BRN-FRO,anatomical_structure,4
IXI313,UNesT,0.2.7,BRN-MIDDLE-CINGULATE-GYRUS,MCgG--middle-cingulate-gyrus,RIGHT,7814,7814.0,BRN-LIM,anatomical_structure,4
IXI313,UNesT,0.2.7,BRN-MIDDLE-CINGULATE-GYRUS,MCgG--middle-cingulate-gyrus,LEFT,7065,7065.0,BRN-LIM,anatomical_structure,4
IXI313,UNesT,0.2.7,BRN-MEDIAL-FRONTAL-CORTEX,MFC---medial-frontal-cortex,RIGHT,3221,3221.0,BRN-FRO,anatomical_structure,4
IXI313,UNesT,0.2.7,BRN-MEDIAL-FRONTAL-CORTEX,MFC---medial-frontal-cortex,LEFT,2186,2186.0,BRN-FRO,anatomical_structure,4
IXI313,UNesT,0.2.7,BRN-MIDDLE-FRONTAL-GYRUS,MFG---middle-frontal-gyrus,RIGHT,37554,37554.0,BRN-FRO,anatomical_structure,4
IXI313,UNesT,0.2.7,BRN-MIDDLE-FRONTAL-GYRUS,MFG---middle-frontal-gyrus,LEFT,38236,38236.0,BRN-FRO,anatomical_structure,4
IXI313,UNesT,0.2.7,BRN-MIDDLE-OCCIPITAL-GYRUS,MOG---middle-occipital-gyrus,RIGHT,9905,9905.0,BRN-OCC,anatomical_structure,4
IXI313,UNesT,0.2.7,BRN-MIDDLE-OCCIPITAL-GYRUS,MOG---middle-occipital-gyrus,LEFT,10964,10964.0,BRN-OCC,anatomical_structure,4
IXI313,UNesT,0.2.7,BRN-MEDIAL-ORBITAL-GYRUS,MOrG--medial-orbital-gyrus,RIGHT,5644,5644.0,BRN-FRO,anatomical_structure,4
IXI313,UNesT,0.2.7,BRN-MEDIAL-ORBITAL-GYRUS,MOrG--medial-orbital-gyrus,LEFT,4992,4992.0,BRN-FRO,anatomical_structure,4
IXI313,UNesT,0.2.7,BRN-POG-MED,"Postcentral Gyrus, Medial Segment",RIGHT,2578,2578.0,BRN-PAR,cortical_subregion,4
IXI313,UNesT,0.2.7,BRN-POG-MED,"Postcentral Gyrus, Medial Segment",LEFT,1726,1726.0,BRN-PAR,cortical_subregion,4
IXI313,UNesT,0.2.7,BRN-PRG-MED,"Precentral Gyrus, Medial Segment",RIGHT,3637,3637.0,BRN-FRO,cortical_subregion,4
IXI313,UNesT,0.2.7,BRN-PRG-MED,"Precentral Gyrus, Medial Segment",LEFT,4771,4771.0,BRN-FRO,cortical_subregion,4
IXI313,UNesT,0.2.7,BRN-SUPERIOR-FRONTAL-GYRUS,MSFG--superior-frontal-gyrus,RIGHT,39188,39188.0,BRN-FRO,anatomical_structure,4
IXI313,UNesT,0.2.7,BRN-SUPERIOR-FRONTAL-GYRUS,MSFG--superior-frontal-gyrus,LEFT,32964,32964.0,BRN-FRO,anatomical_structure,4
IXI313,UNesT,0.2.7,BRN-MIDDLE-TEMPORAL-GYRUS,MTG---middle-temporal-gyrus,RIGHT,19665,19665.0,BRN-TEM,anatomical_structure,4
IXI313,UNesT,0.2.7,BRN-MIDDLE-TEMPORAL-GYRUS,MTG---middle-temporal-gyrus,LEFT,19224,19224.0,BRN-TEM,anatomical_structure,4
IXI313,UNesT,0.2.7,BRN-OCCIPITAL-POLE,OCP---occipital-pole,RIGHT,4712,4712.0,BRN-OCC,anatomical_structure,4
IXI313,UNesT,0.2.7,BRN-OCCIPITAL-POLE,OCP---occipital-pole,LEFT,5658,5658.0,BRN-OCC,anatomical_structure,4
IXI313,UNesT,0.2.7,BRN-OCCIPITAL-FUSIFORM-GYRUS,OFuG--occipital-fusiform-gyrus,RIGHT,6516,6516.0,BRN-OCC,anatomical_structure,4
IXI313,UNesT,0.2.7,BRN-OCCIPITAL-FUSIFORM-GYRUS,OFuG--occipital-fusiform-gyrus,LEFT,6794,6794.0,BRN-OCC,anatomical_structure,4
IXI313,UNesT,0.2.7,BRN-OPIFG-OPERCULAR-PART-OF-THE-IFG,OpIFG-opercular-part-of-the-IFG,RIGHT,5384,5384.0,BRN-CER-COR,anatomical_structure,1
IXI313,UNesT,0.2.7,BRN-OPIFG-OPERCULAR-PART-OF-THE-IFG,OpIFG-opercular-part-of-the-IFG,LEFT,3738,3738.0,BRN-CER-COR,anatomical_structure,1
IXI313,UNesT,0.2.7,BRN-ORIFG-ORBITAL-PART-OF-THE-IFG,OrIFG-orbital-part-of-the-IFG,RIGHT,2559,2559.0,BRN-CER-COR,anatomical_structure,1
IXI313,UNesT,0.2.7,BRN-ORIFG-ORBITAL-PART-OF-THE-IFG,OrIFG-orbital-part-of-the-IFG,LEFT,3153,3153.0,BRN-CER-COR,anatomical_structure,1
IXI313,UNesT,0.2.7,BRN-POSTERIOR-CINGULATE-GYRUS,PCgG--posterior-cingulate-gyrus,RIGHT,6426,6426.0,BRN-LIM,anatomical_structure,4
IXI313,UNesT,0.2.7,BRN-POSTERIOR-CINGULATE-GYRUS,PCgG--posterior-cingulate-gyrus,LEFT,5989,5989.0,BRN-LIM,anatomical_structure,4
IXI313,UNesT,0.2.7,BRN-PCU,PCu---precuneus,RIGHT,16213,16213.0,BRN-PAR,cortical_structure,4
IXI313,UNesT,0.2.7,BRN-PCU,PCu---precuneus,LEFT,18993,18993.0,BRN-PAR,cortical_structure,4
IXI313,UNesT,0.2.7,BRN-PARAHIPPOCAMPAL-GYRUS,PHG---parahippocampal-gyrus,RIGHT,3766,3766.0,BRN-LIM,anatomical_structure,4
IXI313,UNesT,0.2.7,BRN-PARAHIPPOCAMPAL-GYRUS,PHG---parahippocampal-gyrus,LEFT,3116,3116.0,BRN-LIM,anatomical_structure,4
IXI313,UNesT,0.2.7,BRN-POSTERIOR-INSULA,PIns--posterior-insula,RIGHT,3200,3200.0,BRN-INS,anatomical_structure,4
IXI313,UNesT,0.2.7,BRN-POSTERIOR-INSULA,PIns--posterior-insula,LEFT,2504,2504.0,BRN-INS,anatomical_structure,4
IXI313,UNesT,0.2.7,BRN-PARIETAL-OPERCULUM,PO----parietal-operculum,RIGHT,3390,3390.0,BRN-PAR,anatomical_structure,4
IXI313,UNesT,0.2.7,BRN-PARIETAL-OPERCULUM,PO----parietal-operculum,LEFT,4485,4485.0,BRN-PAR,anatomical_structure,4
IXI313,UNesT,0.2.7,BRN-POG,MPoG--postcentral-gyrus,RIGHT,16812,16812.0,BRN-PAR,cortical_structure,4
IXI313,UNesT,0.2.7,BRN-POG,MPoG--postcentral-gyrus,LEFT,20178,20178.0,BRN-PAR,cortical_structure,4
IXI313,UNesT,0.2.7,BRN-POSTERIOR-ORBITAL-GYRUS,POrG--posterior-orbital-gyrus,RIGHT,3408,3408.0,BRN-FRO,anatomical_structure,4
IXI313,UNesT,0.2.7,BRN-POSTERIOR-ORBITAL-GYRUS,POrG--posterior-orbital-gyrus,LEFT,4631,4631.0,BRN-FRO,anatomical_structure,4
IXI313,UNesT,0.2.7,BRN-PLANUM-POLARE,PP----planum-polare,RIGHT,2254,2254.0,BRN-TEM,anatomical_structure,4
IXI313,UNesT,0.2.7,BRN-PLANUM-POLARE,PP----planum-polare,LEFT,2759,2759.0,BRN-TEM,anatomical_structure,4
IXI313,UNesT,0.2.7,BRN-PRG,MPrG--precentral-gyrus,RIGHT,26215,26215.0,BRN-FRO,cortical_structure,4
IXI313,UNesT,0.2.7,BRN-PRG,MPrG--precentral-gyrus,LEFT,28324,28324.0,BRN-FRO,cortical_structure,4
IXI313,UNesT,0.2.7,BRN-PLANUM-TEMPORALE,PT----planum-temporale,RIGHT,3327,3327.0,BRN-TEM,anatomical_structure,4
IXI313,UNesT,0.2.7,BRN-PLANUM-TEMPORALE,PT----planum-temporale,LEFT,4192,4192.0,BRN-TEM,anatomical_structure,4
IXI313,UNesT,0.2.7,BRN-SUBCALLOSAL-AREA,SCA---subcallosal-area,RIGHT,1475,1475.0,BRN-LIM,anatomical_structure,4
IXI313,UNesT,0.2.7,BRN-SUBCALLOSAL-AREA,SCA---subcallosal-area,LEFT,1287,1287.0,BRN-LIM,anatomical_structure,4
IXI313,UNesT,0.2.7,BRN-SUPPLEMENTARY-MOTOR-CORTEX,SMC---supplementary-motor-cortex,RIGHT,7663,7663.0,BRN-FRO,anatomical_structure,4
IXI313,UNesT,0.2.7,BRN-SUPPLEMENTARY-MOTOR-CORTEX,SMC---supplementary-motor-cortex,LEFT,10620,10620.0,BRN-FRO,anatomical_structure,4
IXI313,UNesT,0.2.7,BRN-SUPRAMARGINAL-GYRUS,SMG---supramarginal-gyrus,RIGHT,13729,13729.0,BRN-PAR,anatomical_structure,4
IXI313,UNesT,0.2.7,BRN-SUPRAMARGINAL-GYRUS,SMG---supramarginal-gyrus,LEFT,16316,16316.0,BRN-PAR,anatomical_structure,4
IXI313,UNesT,0.2.7,BRN-SUPERIOR-OCCIPITAL-GYRUS,SOG---superior-occipital-gyrus,RIGHT,6353,6353.0,BRN-OCC,anatomical_structure,4
IXI313,UNesT,0.2.7,BRN-SUPERIOR-OCCIPITAL-GYRUS,SOG---superior-occipital-gyrus,LEFT,5623,5623.0,BRN-OCC,anatomical_structure,4
IXI313,UNesT,0.2.7,BRN-SUPERIOR-PARIETAL-LOBULE,SPL---superior-parietal-lobule,RIGHT,20331,20331.0,BRN-CER-COR,anatomical_structure,1
IXI313,UNesT,0.2.7,BRN-SUPERIOR-PARIETAL-LOBULE,SPL---superior-parietal-lobule,LEFT,19828,19828.0,BRN-CER-COR,anatomical_structure,1
IXI313,UNesT,0.2.7,BRN-SUPERIOR-TEMPORAL-GYRUS,STG---superior-temporal-gyrus,RIGHT,12220,12220.0,BRN-TEM,anatomical_structure,4
IXI313,UNesT,0.2.7,BRN-SUPERIOR-TEMPORAL-GYRUS,STG---superior-temporal-gyrus,LEFT,11543,11543.0,BRN-TEM,anatomical_structure,4
IXI313,UNesT,0.2.7,BRN-TEMPORAL-POLE,TMP---temporal-pole,RIGHT,12973,12973.0,BRN-TEM,anatomical_structure,4
IXI313,UNesT,0.2.7,BRN-TEMPORAL-POLE,TMP---temporal-pole,LEFT,11670,11670.0,BRN-TEM,anatomical_structure,4
IXI313,UNesT,0.2.7,BRN-TRIFG-TRIANGULAR-PART-OF-THE-IFG,TrIFG-triangular-part-of-the-IFG,RIGHT,5907,5907.0,BRN-CER-COR,anatomical_structure,1
IXI313,UNesT,0.2.7,BRN-TRIFG-TRIANGULAR-PART-OF-THE-IFG,TrIFG-triangular-part-of-the-IFG,LEFT,4218,4218.0,BRN-CER-COR,anatomical_structure,1
IXI313,UNesT,0.2.7,BRN-TRANSVERSE-TEMPORAL-GYRUS,TTG---transverse-temporal-gyrus,RIGHT,2279,2279.0,BRN-TEM,anatomical_structure,4
IXI313,UNesT,0.2.7,BRN-TRANSVERSE-TEMPORAL-GYRUS,TTG---transverse-temporal-gyrus,LEFT,3146,3146.0,BRN-TEM,anatomical_structure,4
IXI309,UNesT,0.2.7,BRN-3RD-VENTRICLE,3rd-Ventricle,NONE,2360,2360.0,BRN-VEN,anatomical_structure,1
IXI309,UNesT,0.2.7,BRN-4TH-VENTRICLE,4th-Ventricle,NONE,2614,2614.0,BRN-VEN,anatomical_structure,1
IXI309,UNesT,0.2.7,BRN-ACC,Accumbens-Area,RIGHT,733,733.0,BRN-DGM,anatomical_structure,1
IXI309,UNesT,0.2.7,BRN-ACC,Accumbens-Area,LEFT,700,700.0,BRN-DGM,anatomical_structure,1
IXI309,UNesT,0.2.7,BRN-AMY,Amygdala,RIGHT,1312,1312.0,BRN-DGM,deep_gray_matter,1
IXI309,UNesT,0.2.7,BRN-AMY,Amygdala,LEFT,1445,1445.0,BRN-DGM,deep_gray_matter,1
IXI309,UNesT,0.2.7,BRN-BST,Brain-Stem,NONE,17066,17066.0,BRN-BST-GRP,brainstem,1
IXI309,UNesT,0.2.7,BRN-CAU,Caudate,RIGHT,3222,3222.0,BRN-DGM,deep_gray_matter,1
IXI309,UNesT,0.2.7,BRN-CAU,Caudate,LEFT,3481,3481.0,BRN-DGM,deep_gray_matter,1
IXI309,UNesT,0.2.7,BRN-CB-EXT,Cerebellum-Exterior,RIGHT,72250,72250.0,BRN-CBL,anatomical_structure,1
IXI309,UNesT,0.2.7,BRN-CB-EXT,Cerebellum-Exterior,LEFT,67707,67707.0,BRN-CBL,anatomical_structure,1
IXI309,UNesT,0.2.7,BRN-CB-WM,Cerebellum-White-Matter,RIGHT,7784,7784.0,BRN-CBL,anatomical_structure,1
IXI309,UNesT,0.2.7,BRN-CB-WM,Cerebellum-White-Matter,LEFT,6027,6027.0,BRN-CBL,anatomical_structure,1
IXI309,UNesT,0.2.7,BRN-CER-WM,Cerebral-White-Matter,RIGHT,241917,241917.0,BRN-WM,anatomical_structure,1
IXI309,UNesT,0.2.7,BRN-CER-WM,Cerebral-White-Matter,LEFT,266477,266477.0,BRN-WM,anatomical_structure,1
IXI309,UNesT,0.2.7,BRN-HIP,Hippocampus,RIGHT,4964,4964.0,BRN-LIM,deep_gray_matter,1
IXI309,UNesT,0.2.7,BRN-HIP,Hippocampus,LEFT,4920,4920.0,BRN-LIM,deep_gray_matter,1
IXI309,UNesT,0.2.7,BRN-INF-LAT-V,Inf-Lat-Vent,RIGHT,415,415.0,BRN-VEN,anatomical_structure,1
IXI309,UNesT,0.2.7,BRN-INF-LAT-V,Inf-Lat-Vent,LEFT,218,218.0,BRN-VEN,anatomical_structure,1
IXI309,UNesT,0.2.7,BRN-LAT-V,Lateral-Ventricle,RIGHT,11280,11280.0,BRN-VEN,anatomical_structure,1
IXI309,UNesT,0.2.7,BRN-LAT-V,Lateral-Ventricle,LEFT,12075,12075.0,BRN-VEN,anatomical_structure,1
IXI309,UNesT,0.2.7,BRN-PAL,Pallidum,RIGHT,1787,1787.0,BRN-DGM,deep_gray_matter,1
IXI309,UNesT,0.2.7,BRN-PAL,Pallidum,LEFT,1856,1856.0,BRN-DGM,deep_gray_matter,1
IXI309,UNesT,0.2.7,BRN-PUT,Putamen,RIGHT,4863,4863.0,BRN-DGM,deep_gray_matter,1
IXI309,UNesT,0.2.7,BRN-PUT,Putamen,LEFT,4503,4503.0,BRN-DGM,deep_gray_matter,1
IXI309,UNesT,0.2.7,BRN-THA,Thalamus-Proper,RIGHT,9411,9411.0,BRN-DGM,deep_gray_matter,1
IXI309,UNesT,0.2.7,BRN-THA,Thalamus-Proper,LEFT,9822,9822.0,BRN-DGM,deep_gray_matter,1
IXI309,UNesT,0.2.7,BRN-VDC,Ventral-DC,RIGHT,5947,5947.0,BRN-DGM,anatomical_structure,1
IXI309,UNesT,0.2.7,BRN-VDC,Ventral-DC,LEFT,6034,6034.0,BRN-DGM,anatomical_structure,1
IXI309,UNesT,0.2.7,BRN-CEREBELLAR-VERMAL-LOBULES-I-V,Cerebellar-Vermal-Lobules-I-V,NONE,8115,8115.0,BRN-CBL,anatomical_structure,1
IXI309,UNesT,0.2.7,BRN-CEREBELLAR-VERMAL-LOBULES-VI-VII,Cerebellar-Vermal-Lobules-VI-VII,NONE,3755,3755.0,BRN-CBL,anatomical_structure,1
IXI309,UNesT,0.2.7,BRN-CEREBELLAR-VERMAL-LOBULES-VIII-X,Cerebellar-Vermal-Lobules-VIII-X,NONE,3551,3551.0,BRN-CBL,anatomical_structure,1
IXI309,UNesT,0.2.7,BRN-BASAL-FOREBRAIN,Basal-Forebrain,LEFT,845,845.0,BRN-DGM,anatomical_structure,1
IXI309,UNesT,0.2.7,BRN-BASAL-FOREBRAIN,Basal-Forebrain,RIGHT,735,735.0,BRN-DGM,anatomical_structure,1
IXI309,UNesT,0.2.7,BRN-ANTERIOR-CINGULATE-GYRUS,ACgG--anterior-cingulate-gyrus,RIGHT,7991,7991.0,BRN-LIM,anatomical_structure,4
IXI309,UNesT,0.2.7,BRN-ANTERIOR-CINGULATE-GYRUS,ACgG--anterior-cingulate-gyrus,LEFT,9004,9004.0,BRN-LIM,anatomical_structure,4
IXI309,UNesT,0.2.7,BRN-ANTERIOR-INSULA,AIns--anterior-insula,RIGHT,5019,5019.0,BRN-INS,anatomical_structure,4
IXI309,UNesT,0.2.7,BRN-ANTERIOR-INSULA,AIns--anterior-insula,LEFT,5943,5943.0,BRN-INS,anatomical_structure,4
IXI309,UNesT,0.2.7,BRN-ANTERIOR-ORBITAL-GYRUS,AOrG--anterior-orbital-gyrus,RIGHT,4384,4384.0,BRN-FRO,anatomical_structure,4
IXI309,UNesT,0.2.7,BRN-ANTERIOR-ORBITAL-GYRUS,AOrG--anterior-orbital-gyrus,LEFT,2829,2829.0,BRN-FRO,anatomical_structure,4
IXI309,UNesT,0.2.7,BRN-ANGULAR-GYRUS,AnG---angular-gyrus,RIGHT,18901,18901.0,BRN-PAR,anatomical_structure,4
IXI309,UNesT,0.2.7,BRN-ANGULAR-GYRUS,AnG---angular-gyrus,LEFT,13121,13121.0,BRN-PAR,anatomical_structure,4
IXI309,UNesT,0.2.7,BRN-CALCARINE-CORTEX,Calc--calcarine-cortex,RIGHT,2618,2618.0,BRN-OCC,anatomical_structure,4
IXI309,UNesT,0.2.7,BRN-CALCARINE-CORTEX,Calc--calcarine-cortex,LEFT,2256,2256.0,BRN-OCC,anatomical_structure,4
IXI309,UNesT,0.2.7,BRN-CENTRAL-OPERCULUM,CO----central-operculum,RIGHT,8178,8178.0,BRN-CER-COR,anatomical_structure,3
IXI309,UNesT,0.2.7,BRN-CENTRAL-OPERCULUM,CO----central-operculum,LEFT,8112,8112.0,BRN-CER-COR,anatomical_structure,3
IXI309,UNesT,0.2.7,BRN-CUNEUS,Cun---cuneus,RIGHT,3673,3673.0,BRN-CER-COR,anatomical_structure,1
IXI309,UNesT,0.2.7,BRN-CUNEUS,Cun---cuneus,LEFT,2917,2917.0,BRN-CER-COR,anatomical_structure,1
IXI309,UNesT,0.2.7,BRN-ENTORHINAL-AREA,Ent---entorhinal-area,RIGHT,3388,3388.0,BRN-LIM,anatomical_structure,1
IXI309,UNesT,0.2.7,BRN-ENTORHINAL-AREA,Ent---entorhinal-area,LEFT,2953,2953.0,BRN-LIM,anatomical_structure,1
IXI309,UNesT,0.2.7,BRN-FRONTAL-OPERCULUM,FO----frontal-operculum,RIGHT,2917,2917.0,BRN-FRO,anatomical_structure,4
IXI309,UNesT,0.2.7,BRN-FRONTAL-OPERCULUM,FO----frontal-operculum,LEFT,2290,2290.0,BRN-FRO,anatomical_structure,4
IXI309,UNesT,0.2.7,BRN-FRONTAL-POLE,FRP---frontal-pole,RIGHT,4838,4838.0,BRN-FRO,anatomical_structure,4
IXI309,UNesT,0.2.7,BRN-FRONTAL-POLE,FRP---frontal-pole,LEFT,4804,4804.0,BRN-FRO,anatomical_structure,4
IXI309,UNesT,0.2.7,BRN-FUSIFORM-GYRUS,FuG---fusiform-gyrus,RIGHT,10180,10180.0,BRN-TEM,anatomical_structure,4
IXI309,UNesT,0.2.7,BRN-FUSIFORM-GYRUS,FuG---fusiform-gyrus,LEFT,7545,7545.0,BRN-TEM,anatomical_structure,4
IXI309,UNesT,0.2.7,BRN-GYRUS-RECTUS,GRe---gyrus-rectus,RIGHT,2526,2526.0,BRN-FRO,anatomical_structure,4
IXI309,UNesT,0.2.7,BRN-GYRUS-RECTUS,GRe---gyrus-rectus,LEFT,2917,2917.0,BRN-FRO,anatomical_structure,4
IXI309,UNesT,0.2.7,BRN-INFERIOR-OCCIPITAL-GYRUS,IOG---inferior-occipital-gyrus,RIGHT,9322,9322.0,BRN-OCC,anatomical_structure,4
IXI309,UNesT,0.2.7,BRN-INFERIOR-OCCIPITAL-GYRUS,IOG---inferior-occipital-gyrus,LEFT,8237,8237.0,BRN-OCC,anatomical_structure,4
IXI309,UNesT,0.2.7,BRN-INFERIOR-TEMPORAL-GYRUS,ITG---inferior-temporal-gyrus,RIGHT,14932,14932.0,BRN-TEM,anatomical_structure,4
IXI309,UNesT,0.2.7,BRN-INFERIOR-TEMPORAL-GYRUS,ITG---inferior-temporal-gyrus,LEFT,18319,18319.0,BRN-TEM,anatomical_structure,4
IXI309,UNesT,0.2.7,BRN-LINGUAL-GYRUS,LiG---lingual-gyrus,RIGHT,11076,11076.0,BRN-OCC,anatomical_structure,4
IXI309,UNesT,0.2.7,BRN-LINGUAL-GYRUS,LiG---lingual-gyrus,LEFT,10382,10382.0,BRN-OCC,anatomical_structure,4
IXI309,UNesT,0.2.7,BRN-LATERAL-ORBITAL-GYRUS,LOrG--lateral-orbital-gyrus,RIGHT,4139,4139.0,BRN-FRO,anatomical_structure,4
IXI309,UNesT,0.2.7,BRN-LATERAL-ORBITAL-GYRUS,LOrG--lateral-orbital-gyrus,LEFT,4586,4586.0,BRN-FRO,anatomical_structure,4
IXI309,UNesT,0.2.7,BRN-MIDDLE-CINGULATE-GYRUS,MCgG--middle-cingulate-gyrus,RIGHT,6518,6518.0,BRN-LIM,anatomical_structure,4
IXI309,UNesT,0.2.7,BRN-MIDDLE-CINGULATE-GYRUS,MCgG--middle-cingulate-gyrus,LEFT,7913,7913.0,BRN-LIM,anatomical_structure,4
IXI309,UNesT,0.2.7,BRN-MEDIAL-FRONTAL-CORTEX,MFC---medial-frontal-cortex,RIGHT,3934,3934.0,BRN-FRO,anatomical_structure,4
IXI309,UNesT,0.2.7,BRN-MEDIAL-FRONTAL-CORTEX,MFC---medial-frontal-cortex,LEFT,3318,3318.0,BRN-FRO,anatomical_structure,4
IXI309,UNesT,0.2.7,BRN-MIDDLE-FRONTAL-GYRUS,MFG---middle-frontal-gyrus,RIGHT,34393,34393.0,BRN-FRO,anatomical_structure,4
IXI309,UNesT,0.2.7,BRN-MIDDLE-FRONTAL-GYRUS,MFG---middle-frontal-gyrus,LEFT,33732,33732.0,BRN-FRO,anatomical_structure,4
IXI309,UNesT,0.2.7,BRN-MIDDLE-OCCIPITAL-GYRUS,MOG---middle-occipital-gyrus,RIGHT,6323,6323.0,BRN-OCC,anatomical_structure,4
IXI309,UNesT,0.2.7,BRN-MIDDLE-OCCIPITAL-GYRUS,MOG---middle-occipital-gyrus,LEFT,5545,5545.0,BRN-OCC,anatomical_structure,4
IXI309,UNesT,0.2.7,BRN-MEDIAL-ORBITAL-GYRUS,MOrG--medial-orbital-gyrus,RIGHT,6126,6126.0,BRN-FRO,anatomical_structure,4
IXI309,UNesT,0.2.7,BRN-MEDIAL-ORBITAL-GYRUS,MOrG--medial-orbital-gyrus,LEFT,6506,6506.0,BRN-FRO,anatomical_structure,4
IXI309,UNesT,0.2.7,BRN-POG-MED,"Postcentral Gyrus, Medial Segment",RIGHT,2271,2271.0,BRN-PAR,cortical_subregion,4
IXI309,UNesT,0.2.7,BRN-POG-MED,"Postcentral Gyrus, Medial Segment",LEFT,1900,1900.0,BRN-PAR,cortical_subregion,4
IXI309,UNesT,0.2.7,BRN-PRG-MED,"Precentral Gyrus, Medial Segment",RIGHT,4809,4809.0,BRN-FRO,cortical_subregion,4
IXI309,UNesT,0.2.7,BRN-PRG-MED,"Precentral Gyrus, Medial Segment",LEFT,4554,4554.0,BRN-FRO,cortical_subregion,4
IXI309,UNesT,0.2.7,BRN-SUPERIOR-FRONTAL-GYRUS,MSFG--superior-frontal-gyrus,RIGHT,35992,35992.0,BRN-FRO,anatomical_structure,4
IXI309,UNesT,0.2.7,BRN-SUPERIOR-FRONTAL-GYRUS,MSFG--superior-frontal-gyrus,LEFT,37540,37540.0,BRN-FRO,anatomical_structure,4
IXI309,UNesT,0.2.7,BRN-MIDDLE-TEMPORAL-GYRUS,MTG---middle-temporal-gyrus,RIGHT,21887,21887.0,BRN-TEM,anatomical_structure,4
IXI309,UNesT,0.2.7,BRN-MIDDLE-TEMPORAL-GYRUS,MTG---middle-temporal-gyrus,LEFT,17921,17921.0,BRN-TEM,anatomical_structure,4
IXI309,UNesT,0.2.7,BRN-OCCIPITAL-POLE,OCP---occipital-pole,RIGHT,3503,3503.0,BRN-OCC,anatomical_structure,4
IXI309,UNesT,0.2.7,BRN-OCCIPITAL-POLE,OCP---occipital-pole,LEFT,3259,3259.0,BRN-OCC,anatomical_structure,4
IXI309,UNesT,0.2.7,BRN-OCCIPITAL-FUSIFORM-GYRUS,OFuG--occipital-fusiform-gyrus,RIGHT,6944,6944.0,BRN-OCC,anatomical_structure,4
IXI309,UNesT,0.2.7,BRN-OCCIPITAL-FUSIFORM-GYRUS,OFuG--occipital-fusiform-gyrus,LEFT,4932,4932.0,BRN-OCC,anatomical_structure,4
IXI309,UNesT,0.2.7,BRN-OPIFG-OPERCULAR-PART-OF-THE-IFG,OpIFG-opercular-part-of-the-IFG,RIGHT,4374,4374.0,BRN-CER-COR,anatomical_structure,1
IXI309,UNesT,0.2.7,BRN-OPIFG-OPERCULAR-PART-OF-THE-IFG,OpIFG-opercular-part-of-the-IFG,LEFT,4742,4742.0,BRN-CER-COR,anatomical_structure,1
IXI309,UNesT,0.2.7,BRN-ORIFG-ORBITAL-PART-OF-THE-IFG,OrIFG-orbital-part-of-the-IFG,RIGHT,2556,2556.0,BRN-CER-COR,anatomical_structure,1
IXI309,UNesT,0.2.7,BRN-ORIFG-ORBITAL-PART-OF-THE-IFG,OrIFG-orbital-part-of-the-IFG,LEFT,3101,3101.0,BRN-CER-COR,anatomical_structure,1
IXI309,UNesT,0.2.7,BRN-POSTERIOR-CINGULATE-GYRUS,PCgG--posterior-cingulate-gyrus,RIGHT,5616,5616.0,BRN-LIM,anatomical_structure,4
IXI309,UNesT,0.2.7,BRN-POSTERIOR-CINGULATE-GYRUS,PCgG--posterior-cingulate-gyrus,LEFT,5899,5899.0,BRN-LIM,anatomical_structure,4
IXI309,UNesT,0.2.7,BRN-PCU,PCu---precuneus,RIGHT,14446,14446.0,BRN-PAR,cortical_structure,4
IXI309,UNesT,0.2.7,BRN-PCU,PCu---precuneus,LEFT,13051,13051.0,BRN-PAR,cortical_structure,4
IXI309,UNesT,0.2.7,BRN-PARAHIPPOCAMPAL-GYRUS,PHG---parahippocampal-gyrus,RIGHT,4158,4158.0,BRN-LIM,anatomical_structure,4
IXI309,UNesT,0.2.7,BRN-PARAHIPPOCAMPAL-GYRUS,PHG---parahippocampal-gyrus,LEFT,4149,4149.0,BRN-LIM,anatomical_structure,4
IXI309,UNesT,0.2.7,BRN-POSTERIOR-INSULA,PIns--posterior-insula,RIGHT,4425,4425.0,BRN-INS,anatomical_structure,4
IXI309,UNesT,0.2.7,BRN-POSTERIOR-INSULA,PIns--posterior-insula,LEFT,3652,3652.0,BRN-INS,anatomical_structure,4
IXI309,UNesT,0.2.7,BRN-PARIETAL-OPERCULUM,PO----parietal-operculum,RIGHT,4140,4140.0,BRN-PAR,anatomical_structure,4
IXI309,UNesT,0.2.7,BRN-PARIETAL-OPERCULUM,PO----parietal-operculum,LEFT,4159,4159.0,BRN-PAR,anatomical_structure,4
IXI309,UNesT,0.2.7,BRN-POG,MPoG--postcentral-gyrus,RIGHT,17282,17282.0,BRN-PAR,cortical_structure,4
IXI309,UNesT,0.2.7,BRN-POG,MPoG--postcentral-gyrus,LEFT,20383,20383.0,BRN-PAR,cortical_structure,4
IXI309,UNesT,0.2.7,BRN-POSTERIOR-ORBITAL-GYRUS,POrG--posterior-orbital-gyrus,RIGHT,4714,4714.0,BRN-FRO,anatomical_structure,4
IXI309,UNesT,0.2.7,BRN-POSTERIOR-ORBITAL-GYRUS,POrG--posterior-orbital-gyrus,LEFT,5175,5175.0,BRN-FRO,anatomical_structure,4
IXI309,UNesT,0.2.7,BRN-PLANUM-POLARE,PP----planum-polare,RIGHT,3457,3457.0,BRN-TEM,anatomical_structure,4
IXI309,UNesT,0.2.7,BRN-PLANUM-POLARE,PP----planum-polare,LEFT,3997,3997.0,BRN-TEM,anatomical_structure,4
IXI309,UNesT,0.2.7,BRN-PRG,MPrG--precentral-gyrus,RIGHT,21635,21635.0,BRN-FRO,cortical_structure,4
IXI309,UNesT,0.2.7,BRN-PRG,MPrG--precentral-gyrus,LEFT,21929,21929.0,BRN-FRO,cortical_structure,4
IXI309,UNesT,0.2.7,BRN-PLANUM-TEMPORALE,PT----planum-temporale,RIGHT,2487,2487.0,BRN-TEM,anatomical_structure,4
IXI309,UNesT,0.2.7,BRN-PLANUM-TEMPORALE,PT----planum-temporale,LEFT,3013,3013.0,BRN-TEM,anatomical_structure,4
IXI309,UNesT,0.2.7,BRN-SUBCALLOSAL-AREA,SCA---subcallosal-area,RIGHT,1801,1801.0,BRN-LIM,anatomical_structure,4
IXI309,UNesT,0.2.7,BRN-SUBCALLOSAL-AREA,SCA---subcallosal-area,LEFT,2122,2122.0,BRN-LIM,anatomical_structure,4
IXI309,UNesT,0.2.7,BRN-SUPPLEMENTARY-MOTOR-CORTEX,SMC---supplementary-motor-cortex,RIGHT,9627,9627.0,BRN-FRO,anatomical_structure,4
IXI309,UNesT,0.2.7,BRN-SUPPLEMENTARY-MOTOR-CORTEX,SMC---supplementary-motor-cortex,LEFT,7956,7956.0,BRN-FRO,anatomical_structure,4
IXI309,UNesT,0.2.7,BRN-SUPRAMARGINAL-GYRUS,SMG---supramarginal-gyrus,RIGHT,13131,13131.0,BRN-PAR,anatomical_structure,4
IXI309,UNesT,0.2.7,BRN-SUPRAMARGINAL-GYRUS,SMG---supramarginal-gyrus,LEFT,12181,12181.0,BRN-PAR,anatomical_structure,4
IXI309,UNesT,0.2.7,BRN-SUPERIOR-OCCIPITAL-GYRUS,SOG---superior-occipital-gyrus,RIGHT,4293,4293.0,BRN-OCC,anatomical_structure,4
IXI309,UNesT,0.2.7,BRN-SUPERIOR-OCCIPITAL-GYRUS,SOG---superior-occipital-gyrus,LEFT,2215,2215.0,BRN-OCC,anatomical_structure,4
IXI309,UNesT,0.2.7,BRN-SUPERIOR-PARIETAL-LOBULE,SPL---superior-parietal-lobule,RIGHT,16625,16625.0,BRN-CER-COR,anatomical_structure,1
IXI309,UNesT,0.2.7,BRN-SUPERIOR-PARIETAL-LOBULE,SPL---superior-parietal-lobule,LEFT,15692,15692.0,BRN-CER-COR,anatomical_structure,1
IXI309,UNesT,0.2.7,BRN-SUPERIOR-TEMPORAL-GYRUS,STG---superior-temporal-gyrus,RIGHT,11485,11485.0,BRN-TEM,anatomical_structure,4
IXI309,UNesT,0.2.7,BRN-SUPERIOR-TEMPORAL-GYRUS,STG---superior-temporal-gyrus,LEFT,11377,11377.0,BRN-TEM,anatomical_structure,4
IXI309,UNesT,0.2.7,BRN-TEMPORAL-POLE,TMP---temporal-pole,RIGHT,10912,10912.0,BRN-TEM,anatomical_structure,4
IXI309,UNesT,0.2.7,BRN-TEMPORAL-POLE,TMP---temporal-pole,LEFT,9419,9419.0,BRN-TEM,anatomical_structure,4
IXI309,UNesT,0.2.7,BRN-TRIFG-TRIANGULAR-PART-OF-THE-IFG,TrIFG-triangular-part-of-the-IFG,RIGHT,4042,4042.0,BRN-CER-COR,anatomical_structure,1
IXI309,UNesT,0.2.7,BRN-TRIFG-TRIANGULAR-PART-OF-THE-IFG,TrIFG-triangular-part-of-the-IFG,LEFT,4336,4336.0,BRN-CER-COR,anatomical_structure,1
IXI309,UNesT,0.2.7,BRN-TRANSVERSE-TEMPORAL-GYRUS,TTG---transverse-temporal-gyrus,RIGHT,2947,2947.0,BRN-TEM,anatomical_structure,4
IXI309,UNesT,0.2.7,BRN-TRANSVERSE-TEMPORAL-GYRUS,TTG---transverse-temporal-gyrus,LEFT,3049,3049.0,BRN-TEM,anatomical_structure,4
IXI338,UNesT,0.2.7,BRN-3RD-VENTRICLE,3rd-Ventricle,NONE,2596,2596.0,BRN-VEN,anatomical_structure,1
IXI338,UNesT,0.2.7,BRN-4TH-VENTRICLE,4th-Ventricle,NONE,3472,3472.0,BRN-VEN,anatomical_structure,1
IXI338,UNesT,0.2.7,BRN-ACC,Accumbens-Area,RIGHT,106,106.0,BRN-DGM,anatomical_structure,1
IXI338,UNesT,0.2.7,BRN-ACC,Accumbens-Area,LEFT,112,112.0,BRN-DGM,anatomical_structure,1
IXI338,UNesT,0.2.7,BRN-AMY,Amygdala,RIGHT,1253,1253.0,BRN-DGM,deep_gray_matter,1
IXI338,UNesT,0.2.7,BRN-AMY,Amygdala,LEFT,1084,1084.0,BRN-DGM,deep_gray_matter,1
IXI338,UNesT,0.2.7,BRN-BST,Brain-Stem,NONE,19748,19748.0,BRN-BST-GRP,brainstem,1
IXI338,UNesT,0.2.7,BRN-CAU,Caudate,RIGHT,3241,3241.0,BRN-DGM,deep_gray_matter,1
IXI338,UNesT,0.2.7,BRN-CAU,Caudate,LEFT,4127,4127.0,BRN-DGM,deep_gray_matter,1
IXI338,UNesT,0.2.7,BRN-CB-EXT,Cerebellum-Exterior,RIGHT,69200,69200.0,BRN-CBL,anatomical_structure,1
IXI338,UNesT,0.2.7,BRN-CB-EXT,Cerebellum-Exterior,LEFT,69712,69712.0,BRN-CBL,anatomical_structure,1
IXI338,UNesT,0.2.7,BRN-CB-WM,Cerebellum-White-Matter,RIGHT,17883,17883.0,BRN-CBL,anatomical_structure,1
IXI338,UNesT,0.2.7,BRN-CB-WM,Cerebellum-White-Matter,LEFT,16620,16620.0,BRN-CBL,anatomical_structure,1
IXI338,UNesT,0.2.7,BRN-CER-WM,Cerebral-White-Matter,RIGHT,236448,236448.0,BRN-WM,anatomical_structure,1
IXI338,UNesT,0.2.7,BRN-CER-WM,Cerebral-White-Matter,LEFT,217025,217025.0,BRN-WM,anatomical_structure,1
IXI338,UNesT,0.2.7,BRN-HIP,Hippocampus,RIGHT,5009,5009.0,BRN-LIM,deep_gray_matter,1
IXI338,UNesT,0.2.7,BRN-HIP,Hippocampus,LEFT,4472,4472.0,BRN-LIM,deep_gray_matter,1
IXI338,UNesT,0.2.7,BRN-INF-LAT-V,Inf-Lat-Vent,RIGHT,1280,1280.0,BRN-VEN,anatomical_structure,1
IXI338,UNesT,0.2.7,BRN-INF-LAT-V,Inf-Lat-Vent,LEFT,313,313.0,BRN-VEN,anatomical_structure,1
IXI338,UNesT,0.2.7,BRN-LAT-V,Lateral-Ventricle,RIGHT,21041,21041.0,BRN-VEN,anatomical_structure,1
IXI338,UNesT,0.2.7,BRN-LAT-V,Lateral-Ventricle,LEFT,24449,24449.0,BRN-VEN,anatomical_structure,1
IXI338,UNesT,0.2.7,BRN-PAL,Pallidum,RIGHT,1967,1967.0,BRN-DGM,deep_gray_matter,1
IXI338,UNesT,0.2.7,BRN-PAL,Pallidum,LEFT,1765,1765.0,BRN-DGM,deep_gray_matter,1
IXI338,UNesT,0.2.7,BRN-PUT,Putamen,RIGHT,5748,5748.0,BRN-DGM,deep_gray_matter,1
IXI338,UNesT,0.2.7,BRN-PUT,Putamen,LEFT,4501,4501.0,BRN-DGM,deep_gray_matter,1
IXI338,UNesT,0.2.7,BRN-THA,Thalamus-Proper,RIGHT,7951,7951.0,BRN-DGM,deep_gray_matter,1
IXI338,UNesT,0.2.7,BRN-THA,Thalamus-Proper,LEFT,8290,8290.0,BRN-DGM,deep_gray_matter,1
IXI338,UNesT,0.2.7,BRN-VDC,Ventral-DC,RIGHT,5698,5698.0,BRN-DGM,anatomical_structure,1
IXI338,UNesT,0.2.7,BRN-VDC,Ventral-DC,LEFT,5728,5728.0,BRN-DGM,anatomical_structure,1
IXI338,UNesT,0.2.7,BRN-CEREBELLAR-VERMAL-LOBULES-I-V,Cerebellar-Vermal-Lobules-I-V,NONE,8641,8641.0,BRN-CBL,anatomical_structure,1
IXI338,UNesT,0.2.7,BRN-CEREBELLAR-VERMAL-LOBULES-VI-VII,Cerebellar-Vermal-Lobules-VI-VII,NONE,4102,4102.0,BRN-CBL,anatomical_structure,1
IXI338,UNesT,0.2.7,BRN-CEREBELLAR-VERMAL-LOBULES-VIII-X,Cerebellar-Vermal-Lobules-VIII-X,NONE,4397,4397.0,BRN-CBL,anatomical_structure,1
IXI338,UNesT,0.2.7,BRN-BASAL-FOREBRAIN,Basal-Forebrain,LEFT,424,424.0,BRN-DGM,anatomical_structure,1
IXI338,UNesT,0.2.7,BRN-BASAL-FOREBRAIN,Basal-Forebrain,RIGHT,320,320.0,BRN-DGM,anatomical_structure,1
IXI338,UNesT,0.2.7,BRN-ANTERIOR-CINGULATE-GYRUS,ACgG--anterior-cingulate-gyrus,RIGHT,6575,6575.0,BRN-LIM,anatomical_structure,4
IXI338,UNesT,0.2.7,BRN-ANTERIOR-CINGULATE-GYRUS,ACgG--anterior-cingulate-gyrus,LEFT,7031,7031.0,BRN-LIM,anatomical_structure,4
IXI338,UNesT,0.2.7,BRN-ANTERIOR-INSULA,AIns--anterior-insula,RIGHT,6515,6515.0,BRN-INS,anatomical_structure,4
IXI338,UNesT,0.2.7,BRN-ANTERIOR-INSULA,AIns--anterior-insula,LEFT,6431,6431.0,BRN-INS,anatomical_structure,4
IXI338,UNesT,0.2.7,BRN-ANTERIOR-ORBITAL-GYRUS,AOrG--anterior-orbital-gyrus,RIGHT,3022,3022.0,BRN-FRO,anatomical_structure,4
IXI338,UNesT,0.2.7,BRN-ANTERIOR-ORBITAL-GYRUS,AOrG--anterior-orbital-gyrus,LEFT,2881,2881.0,BRN-FRO,anatomical_structure,4
IXI338,UNesT,0.2.7,BRN-ANGULAR-GYRUS,AnG---angular-gyrus,RIGHT,19466,19466.0,BRN-PAR,anatomical_structure,4
IXI338,UNesT,0.2.7,BRN-ANGULAR-GYRUS,AnG---angular-gyrus,LEFT,19114,19114.0,BRN-PAR,anatomical_structure,4
IXI338,UNesT,0.2.7,BRN-CALCARINE-CORTEX,Calc--calcarine-cortex,RIGHT,5259,5259.0,BRN-OCC,anatomical_structure,4
IXI338,UNesT,0.2.7,BRN-CALCARINE-CORTEX,Calc--calcarine-cortex,LEFT,5123,5123.0,BRN-OCC,anatomical_structure,4
IXI338,UNesT,0.2.7,BRN-CENTRAL-OPERCULUM,CO----central-operculum,RIGHT,6766,6766.0,BRN-CER-COR,anatomical_structure,3
IXI338,UNesT,0.2.7,BRN-CENTRAL-OPERCULUM,CO----central-operculum,LEFT,7098,7098.0,BRN-CER-COR,anatomical_structure,3
IXI338,UNesT,0.2.7,BRN-CUNEUS,Cun---cuneus,RIGHT,6175,6175.0,BRN-CER-COR,anatomical_structure,1
IXI338,UNesT,0.2.7,BRN-CUNEUS,Cun---cuneus,LEFT,7109,7109.0,BRN-CER-COR,anatomical_structure,1
IXI338,UNesT,0.2.7,BRN-ENTORHINAL-AREA,Ent---entorhinal-area,RIGHT,2857,2857.0,BRN-LIM,anatomical_structure,1
IXI338,UNesT,0.2.7,BRN-ENTORHINAL-AREA,Ent---entorhinal-area,LEFT,2200,2200.0,BRN-LIM,anatomical_structure,1
IXI338,UNesT,0.2.7,BRN-FRONTAL-OPERCULUM,FO----frontal-operculum,RIGHT,3498,3498.0,BRN-FRO,anatomical_structure,4
IXI338,UNesT,0.2.7,BRN-FRONTAL-OPERCULUM,FO----frontal-operculum,LEFT,3351,3351.0,BRN-FRO,anatomical_structure,4
IXI338,UNesT,0.2.7,BRN-FRONTAL-POLE,FRP---frontal-pole,RIGHT,5995,5995.0,BRN-FRO,anatomical_structure,4
IXI338,UNesT,0.2.7,BRN-FRONTAL-POLE,FRP---frontal-pole,LEFT,6480,6480.0,BRN-FRO,anatomical_structure,4
IXI338,UNesT,0.2.7,BRN-FUSIFORM-GYRUS,FuG---fusiform-gyrus,RIGHT,9249,9249.0,BRN-TEM,anatomical_structure,4
IXI338,UNesT,0.2.7,BRN-FUSIFORM-GYRUS,FuG---fusiform-gyrus,LEFT,10331,10331.0,BRN-TEM,anatomical_structure,4
IXI338,UNesT,0.2.7,BRN-GYRUS-RECTUS,GRe---gyrus-rectus,RIGHT,3083,3083.0,BRN-FRO,anatomical_structure,4
IXI338,UNesT,0.2.7,BRN-GYRUS-RECTUS,GRe---gyrus-rectus,LEFT,2553,2553.0,BRN-FRO,anatomical_structure,4
IXI338,UNesT,0.2.7,BRN-INFERIOR-OCCIPITAL-GYRUS,IOG---inferior-occipital-gyrus,RIGHT,11049,11049.0,BRN-OCC,anatomical_structure,4
IXI338,UNesT,0.2.7,BRN-INFERIOR-OCCIPITAL-GYRUS,IOG---inferior-occipital-gyrus,LEFT,11262,11262.0,BRN-OCC,anatomical_structure,4
IXI338,UNesT,0.2.7,BRN-INFERIOR-TEMPORAL-GYRUS,ITG---inferior-temporal-gyrus,RIGHT,19917,19917.0,BRN-TEM,anatomical_structure,4
IXI338,UNesT,0.2.7,BRN-INFERIOR-TEMPORAL-GYRUS,ITG---inferior-temporal-gyrus,LEFT,19599,19599.0,BRN-TEM,anatomical_structure,4
IXI338,UNesT,0.2.7,BRN-LINGUAL-GYRUS,LiG---lingual-gyrus,RIGHT,12677,12677.0,BRN-OCC,anatomical_structure,4
IXI338,UNesT,0.2.7,BRN-LINGUAL-GYRUS,LiG---lingual-gyrus,LEFT,15041,15041.0,BRN-OCC,anatomical_structure,4
IXI338,UNesT,0.2.7,BRN-LATERAL-ORBITAL-GYRUS,LOrG--lateral-orbital-gyrus,RIGHT,3708,3708.0,BRN-FRO,anatomical_structure,4
IXI338,UNesT,0.2.7,BRN-LATERAL-ORBITAL-GYRUS,LOrG--lateral-orbital-gyrus,LEFT,3920,3920.0,BRN-FRO,anatomical_structure,4
IXI338,UNesT,0.2.7,BRN-MIDDLE-CINGULATE-GYRUS,MCgG--middle-cingulate-gyrus,RIGHT,8843,8843.0,BRN-LIM,anatomical_structure,4
IXI338,UNesT,0.2.7,BRN-MIDDLE-CINGULATE-GYRUS,MCgG--middle-cingulate-gyrus,LEFT,6656,6656.0,BRN-LIM,anatomical_structure,4
IXI338,UNesT,0.2.7,BRN-MEDIAL-FRONTAL-CORTEX,MFC---medial-frontal-cortex,RIGHT,2752,2752.0,BRN-FRO,anatomical_structure,4
IXI338,UNesT,0.2.7,BRN-MEDIAL-FRONTAL-CORTEX,MFC---medial-frontal-cortex,LEFT,2871,2871.0,BRN-FRO,anatomical_structure,4
IXI338,UNesT,0.2.7,BRN-MIDDLE-FRONTAL-GYRUS,MFG---middle-frontal-gyrus,RIGHT,32262,32262.0,BRN-FRO,anatomical_structure,4
IXI338,UNesT,0.2.7,BRN-MIDDLE-FRONTAL-GYRUS,MFG---middle-frontal-gyrus,LEFT,34389,34389.0,BRN-FRO,anatomical_structure,4
IXI338,UNesT,0.2.7,BRN-MIDDLE-OCCIPITAL-GYRUS,MOG---middle-occipital-gyrus,RIGHT,8976,8976.0,BRN-OCC,anatomical_structure,4
IXI338,UNesT,0.2.7,BRN-MIDDLE-OCCIPITAL-GYRUS,MOG---middle-occipital-gyrus,LEFT,10935,10935.0,BRN-OCC,anatomical_structure,4
IXI338,UNesT,0.2.7,BRN-MEDIAL-ORBITAL-GYRUS,MOrG--medial-orbital-gyrus,RIGHT,5167,5167.0,BRN-FRO,anatomical_structure,4
IXI338,UNesT,0.2.7,BRN-MEDIAL-ORBITAL-GYRUS,MOrG--medial-orbital-gyrus,LEFT,5166,5166.0,BRN-FRO,anatomical_structure,4
IXI338,UNesT,0.2.7,BRN-POG-MED,"Postcentral Gyrus, Medial Segment",RIGHT,2248,2248.0,BRN-PAR,cortical_subregion,4
IXI338,UNesT,0.2.7,BRN-POG-MED,"Postcentral Gyrus, Medial Segment",LEFT,2131,2131.0,BRN-PAR,cortical_subregion,4
IXI338,UNesT,0.2.7,BRN-PRG-MED,"Precentral Gyrus, Medial Segment",RIGHT,5358,5358.0,BRN-FRO,cortical_subregion,4
IXI338,UNesT,0.2.7,BRN-PRG-MED,"Precentral Gyrus, Medial Segment",LEFT,4470,4470.0,BRN-FRO,cortical_subregion,4
IXI338,UNesT,0.2.7,BRN-SUPERIOR-FRONTAL-GYRUS,MSFG--superior-frontal-gyrus,RIGHT,41098,41098.0,BRN-FRO,anatomical_structure,4
IXI338,UNesT,0.2.7,BRN-SUPERIOR-FRONTAL-GYRUS,MSFG--superior-frontal-gyrus,LEFT,40758,40758.0,BRN-FRO,anatomical_structure,4
IXI338,UNesT,0.2.7,BRN-MIDDLE-TEMPORAL-GYRUS,MTG---middle-temporal-gyrus,RIGHT,21623,21623.0,BRN-TEM,anatomical_structure,4
IXI338,UNesT,0.2.7,BRN-MIDDLE-TEMPORAL-GYRUS,MTG---middle-temporal-gyrus,LEFT,21220,21220.0,BRN-TEM,anatomical_structure,4
IXI338,UNesT,0.2.7,BRN-OCCIPITAL-POLE,OCP---occipital-pole,RIGHT,3723,3723.0,BRN-OCC,anatomical_structure,4
IXI338,UNesT,0.2.7,BRN-OCCIPITAL-POLE,OCP---occipital-pole,LEFT,6747,6747.0,BRN-OCC,anatomical_structure,4
IXI338,UNesT,0.2.7,BRN-OCCIPITAL-FUSIFORM-GYRUS,OFuG--occipital-fusiform-gyrus,RIGHT,6126,6126.0,BRN-OCC,anatomical_structure,4
IXI338,UNesT,0.2.7,BRN-OCCIPITAL-FUSIFORM-GYRUS,OFuG--occipital-fusiform-gyrus,LEFT,7272,7272.0,BRN-OCC,anatomical_structure,4
IXI338,UNesT,0.2.7,BRN-OPIFG-OPERCULAR-PART-OF-THE-IFG,OpIFG-opercular-part-of-the-IFG,RIGHT,6921,6921.0,BRN-CER-COR,anatomical_structure,1
IXI338,UNesT,0.2.7,BRN-OPIFG-OPERCULAR-PART-OF-THE-IFG,OpIFG-opercular-part-of-the-IFG,LEFT,4246,4246.0,BRN-CER-COR,anatomical_structure,1
IXI338,UNesT,0.2.7,BRN-ORIFG-ORBITAL-PART-OF-THE-IFG,OrIFG-orbital-part-of-the-IFG,RIGHT,1961,1961.0,BRN-CER-COR,anatomical_structure,1
IXI338,UNesT,0.2.7,BRN-ORIFG-ORBITAL-PART-OF-THE-IFG,OrIFG-orbital-part-of-the-IFG,LEFT,3067,3067.0,BRN-CER-COR,anatomical_structure,1
IXI338,UNesT,0.2.7,BRN-POSTERIOR-CINGULATE-GYRUS,PCgG--posterior-cingulate-gyrus,RIGHT,6783,6783.0,BRN-LIM,anatomical_structure,4
IXI338,UNesT,0.2.7,BRN-POSTERIOR-CINGULATE-GYRUS,PCgG--posterior-cingulate-gyrus,LEFT,5822,5822.0,BRN-LIM,anatomical_structure,4
IXI338,UNesT,0.2.7,BRN-PCU,PCu---precuneus,RIGHT,16034,16034.0,BRN-PAR,cortical_structure,4
IXI338,UNesT,0.2.7,BRN-PCU,PCu---precuneus,LEFT,18730,18730.0,BRN-PAR,cortical_structure,4
IXI338,UNesT,0.2.7,BRN-PARAHIPPOCAMPAL-GYRUS,PHG---parahippocampal-gyrus,RIGHT,3257,3257.0,BRN-LIM,anatomical_structure,4
IXI338,UNesT,0.2.7,BRN-PARAHIPPOCAMPAL-GYRUS,PHG---parahippocampal-gyrus,LEFT,4023,4023.0,BRN-LIM,anatomical_structure,4
IXI338,UNesT,0.2.7,BRN-POSTERIOR-INSULA,PIns--posterior-insula,RIGHT,3820,3820.0,BRN-INS,anatomical_structure,4
IXI338,UNesT,0.2.7,BRN-POSTERIOR-INSULA,PIns--posterior-insula,LEFT,3305,3305.0,BRN-INS,anatomical_structure,4
IXI338,UNesT,0.2.7,BRN-PARIETAL-OPERCULUM,PO----parietal-operculum,RIGHT,4431,4431.0,BRN-PAR,anatomical_structure,4
IXI338,UNesT,0.2.7,BRN-PARIETAL-OPERCULUM,PO----parietal-operculum,LEFT,4725,4725.0,BRN-PAR,anatomical_structure,4
IXI338,UNesT,0.2.7,BRN-POG,MPoG--postcentral-gyrus,RIGHT,17891,17891.0,BRN-PAR,cortical_structure,4
IXI338,UNesT,0.2.7,BRN-POG,MPoG--postcentral-gyrus,LEFT,20597,20597.0,BRN-PAR,cortical_structure,4
IXI338,UNesT,0.2.7,BRN-POSTERIOR-ORBITAL-GYRUS,POrG--posterior-orbital-gyrus,RIGHT,4070,4070.0,BRN-FRO,anatomical_structure,4
IXI338,UNesT,0.2.7,BRN-POSTERIOR-ORBITAL-GYRUS,POrG--posterior-orbital-gyrus,LEFT,4867,4867.0,BRN-FRO,anatomical_structure,4
IXI338,UNesT,0.2.7,BRN-PLANUM-POLARE,PP----planum-polare,RIGHT,3273,3273.0,BRN-TEM,anatomical_structure,4
IXI338,UNesT,0.2.7,BRN-PLANUM-POLARE,PP----planum-polare,LEFT,3524,3524.0,BRN-TEM,anatomical_structure,4
IXI338,UNesT,0.2.7,BRN-PRG,MPrG--precentral-gyrus,RIGHT,29869,29869.0,BRN-FRO,cortical_structure,4
IXI338,UNesT,0.2.7,BRN-PRG,MPrG--precentral-gyrus,LEFT,29780,29780.0,BRN-FRO,cortical_structure,4
IXI338,UNesT,0.2.7,BRN-PLANUM-TEMPORALE,PT----planum-temporale,RIGHT,3169,3169.0,BRN-TEM,anatomical_structure,4
IXI338,UNesT,0.2.7,BRN-PLANUM-TEMPORALE,PT----planum-temporale,LEFT,3601,3601.0,BRN-TEM,anatomical_structure,4
IXI338,UNesT,0.2.7,BRN-SUBCALLOSAL-AREA,SCA---subcallosal-area,RIGHT,1087,1087.0,BRN-LIM,anatomical_structure,4
IXI338,UNesT,0.2.7,BRN-SUBCALLOSAL-AREA,SCA---subcallosal-area,LEFT,1110,1110.0,BRN-LIM,anatomical_structure,4
IXI338,UNesT,0.2.7,BRN-SUPPLEMENTARY-MOTOR-CORTEX,SMC---supplementary-motor-cortex,RIGHT,7412,7412.0,BRN-FRO,anatomical_structure,4
IXI338,UNesT,0.2.7,BRN-SUPPLEMENTARY-MOTOR-CORTEX,SMC---supplementary-motor-cortex,LEFT,12286,12286.0,BRN-FRO,anatomical_structure,4
IXI338,UNesT,0.2.7,BRN-SUPRAMARGINAL-GYRUS,SMG---supramarginal-gyrus,RIGHT,12960,12960.0,BRN-PAR,anatomical_structure,4
IXI338,UNesT,0.2.7,BRN-SUPRAMARGINAL-GYRUS,SMG---supramarginal-gyrus,LEFT,14091,14091.0,BRN-PAR,anatomical_structure,4
IXI338,UNesT,0.2.7,BRN-SUPERIOR-OCCIPITAL-GYRUS,SOG---superior-occipital-gyrus,RIGHT,8894,8894.0,BRN-OCC,anatomical_structure,4
IXI338,UNesT,0.2.7,BRN-SUPERIOR-OCCIPITAL-GYRUS,SOG---superior-occipital-gyrus,LEFT,6680,6680.0,BRN-OCC,anatomical_structure,4
IXI338,UNesT,0.2.7,BRN-SUPERIOR-PARIETAL-LOBULE,SPL---superior-parietal-lobule,RIGHT,20710,20710.0,BRN-CER-COR,anatomical_structure,1
IXI338,UNesT,0.2.7,BRN-SUPERIOR-PARIETAL-LOBULE,SPL---superior-parietal-lobule,LEFT,20006,20006.0,BRN-CER-COR,anatomical_structure,1
IXI338,UNesT,0.2.7,BRN-SUPERIOR-TEMPORAL-GYRUS,STG---superior-temporal-gyrus,RIGHT,12293,12293.0,BRN-TEM,anatomical_structure,4
IXI338,UNesT,0.2.7,BRN-SUPERIOR-TEMPORAL-GYRUS,STG---superior-temporal-gyrus,LEFT,11904,11904.0,BRN-TEM,anatomical_structure,4
IXI338,UNesT,0.2.7,BRN-TEMPORAL-POLE,TMP---temporal-pole,RIGHT,14293,14293.0,BRN-TEM,anatomical_structure,4
IXI338,UNesT,0.2.7,BRN-TEMPORAL-POLE,TMP---temporal-pole,LEFT,13628,13628.0,BRN-TEM,anatomical_structure,4
IXI338,UNesT,0.2.7,BRN-TRIFG-TRIANGULAR-PART-OF-THE-IFG,TrIFG-triangular-part-of-the-IFG,RIGHT,6901,6901.0,BRN-CER-COR,anatomical_structure,1
IXI338,UNesT,0.2.7,BRN-TRIFG-TRIANGULAR-PART-OF-THE-IFG,TrIFG-triangular-part-of-the-IFG,LEFT,6186,6186.0,BRN-CER-COR,anatomical_structure,1
IXI338,UNesT,0.2.7,BRN-TRANSVERSE-TEMPORAL-GYRUS,TTG---transverse-temporal-gyrus,RIGHT,2622,2622.0,BRN-TEM,anatomical_structure,4
IXI338,UNesT,0.2.7,BRN-TRANSVERSE-TEMPORAL-GYRUS,TTG---transverse-temporal-gyrus,LEFT,3383,3383.0,BRN-TEM,anatomical_structure,4
IXI327,UNesT,0.2.7,BRN-3RD-VENTRICLE,3rd-Ventricle,NONE,4208,4208.0,BRN-VEN,anatomical_structure,1
IXI327,UNesT,0.2.7,BRN-4TH-VENTRICLE,4th-Ventricle,NONE,1991,1991.0,BRN-VEN,anatomical_structure,1
IXI327,UNesT,0.2.7,BRN-ACC,Accumbens-Area,RIGHT,123,123.0,BRN-DGM,anatomical_structure,1
IXI327,UNesT,0.2.7,BRN-ACC,Accumbens-Area,LEFT,63,63.0,BRN-DGM,anatomical_structure,1
IXI327,UNesT,0.2.7,BRN-AMY,Amygdala,RIGHT,721,721.0,BRN-DGM,deep_gray_matter,1
IXI327,UNesT,0.2.7,BRN-AMY,Amygdala,LEFT,659,659.0,BRN-DGM,deep_gray_matter,1
IXI327,UNesT,0.2.7,BRN-BST,Brain-Stem,NONE,3096,3096.0,BRN-BST-GRP,brainstem,1
IXI327,UNesT,0.2.7,BRN-CAU,Caudate,RIGHT,2827,2827.0,BRN-DGM,deep_gray_matter,1
IXI327,UNesT,0.2.7,BRN-CAU,Caudate,LEFT,2563,2563.0,BRN-DGM,deep_gray_matter,1
IXI327,UNesT,0.2.7,BRN-CB-EXT,Cerebellum-Exterior,RIGHT,57867,57867.0,BRN-CBL,anatomical_structure,1
IXI327,UNesT,0.2.7,BRN-CB-EXT,Cerebellum-Exterior,LEFT,57421,57421.0,BRN-CBL,anatomical_structure,1
IXI327,UNesT,0.2.7,BRN-CB-WM,Cerebellum-White-Matter,RIGHT,12177,12177.0,BRN-CBL,anatomical_structure,1
IXI327,UNesT,0.2.7,BRN-CB-WM,Cerebellum-White-Matter,LEFT,12115,12115.0,BRN-CBL,anatomical_structure,1
IXI327,UNesT,0.2.7,BRN-CER-WM,Cerebral-White-Matter,RIGHT,221001,221001.0,BRN-WM,anatomical_structure,1
IXI327,UNesT,0.2.7,BRN-CER-WM,Cerebral-White-Matter,LEFT,208151,208151.0,BRN-WM,anatomical_structure,1
IXI327,UNesT,0.2.7,BRN-HIP,Hippocampus,RIGHT,3838,3838.0,BRN-LIM,deep_gray_matter,1
IXI327,UNesT,0.2.7,BRN-HIP,Hippocampus,LEFT,2564,2564.0,BRN-LIM,deep_gray_matter,1
IXI327,UNesT,0.2.7,BRN-INF-LAT-V,Inf-Lat-Vent,RIGHT,1058,1058.0,BRN-VEN,anatomical_structure,1
IXI327,UNesT,0.2.7,BRN-INF-LAT-V,Inf-Lat-Vent,LEFT,936,936.0,BRN-VEN,anatomical_structure,1
IXI327,UNesT,0.2.7,BRN-LAT-V,Lateral-Ventricle,RIGHT,20294,20294.0,BRN-VEN,anatomical_structure,1
IXI327,UNesT,0.2.7,BRN-LAT-V,Lateral-Ventricle,LEFT,21461,21461.0,BRN-VEN,anatomical_structure,1
IXI327,UNesT,0.2.7,BRN-PAL,Pallidum,RIGHT,1678,1678.0,BRN-DGM,deep_gray_matter,1
IXI327,UNesT,0.2.7,BRN-PAL,Pallidum,LEFT,1127,1127.0,BRN-DGM,deep_gray_matter,1
IXI327,UNesT,0.2.7,BRN-PUT,Putamen,RIGHT,5102,5102.0,BRN-DGM,deep_gray_matter,1
IXI327,UNesT,0.2.7,BRN-PUT,Putamen,LEFT,4601,4601.0,BRN-DGM,deep_gray_matter,1
IXI327,UNesT,0.2.7,BRN-THA,Thalamus-Proper,RIGHT,6928,6928.0,BRN-DGM,deep_gray_matter,1
IXI327,UNesT,0.2.7,BRN-THA,Thalamus-Proper,LEFT,6901,6901.0,BRN-DGM,deep_gray_matter,1
IXI327,UNesT,0.2.7,BRN-VDC,Ventral-DC,RIGHT,3528,3528.0,BRN-DGM,anatomical_structure,1
IXI327,UNesT,0.2.7,BRN-VDC,Ventral-DC,LEFT,3496,3496.0,BRN-DGM,anatomical_structure,1
IXI327,UNesT,0.2.7,BRN-CEREBELLAR-VERMAL-LOBULES-I-V,Cerebellar-Vermal-Lobules-I-V,NONE,7329,7329.0,BRN-CBL,anatomical_structure,1
IXI327,UNesT,0.2.7,BRN-CEREBELLAR-VERMAL-LOBULES-VI-VII,Cerebellar-Vermal-Lobules-VI-VII,NONE,4157,4157.0,BRN-CBL,anatomical_structure,1
IXI327,UNesT,0.2.7,BRN-CEREBELLAR-VERMAL-LOBULES-VIII-X,Cerebellar-Vermal-Lobules-VIII-X,NONE,4269,4269.0,BRN-CBL,anatomical_structure,1
IXI327,UNesT,0.2.7,BRN-BASAL-FOREBRAIN,Basal-Forebrain,LEFT,498,498.0,BRN-DGM,anatomical_structure,1
IXI327,UNesT,0.2.7,BRN-BASAL-FOREBRAIN,Basal-Forebrain,RIGHT,397,397.0,BRN-DGM,anatomical_structure,1
IXI327,UNesT,0.2.7,BRN-ANTERIOR-CINGULATE-GYRUS,ACgG--anterior-cingulate-gyrus,RIGHT,7084,7084.0,BRN-LIM,anatomical_structure,4
IXI327,UNesT,0.2.7,BRN-ANTERIOR-CINGULATE-GYRUS,ACgG--anterior-cingulate-gyrus,LEFT,7481,7481.0,BRN-LIM,anatomical_structure,4
IXI327,UNesT,0.2.7,BRN-ANTERIOR-INSULA,AIns--anterior-insula,RIGHT,5438,5438.0,BRN-INS,anatomical_structure,4
IXI327,UNesT,0.2.7,BRN-ANTERIOR-INSULA,AIns--anterior-insula,LEFT,5432,5432.0,BRN-INS,anatomical_structure,4
IXI327,UNesT,0.2.7,BRN-ANTERIOR-ORBITAL-GYRUS,AOrG--anterior-orbital-gyrus,RIGHT,2698,2698.0,BRN-FRO,anatomical_structure,4
IXI327,UNesT,0.2.7,BRN-ANTERIOR-ORBITAL-GYRUS,AOrG--anterior-orbital-gyrus,LEFT,2478,2478.0,BRN-FRO,anatomical_structure,4
IXI327,UNesT,0.2.7,BRN-ANGULAR-GYRUS,AnG---angular-gyrus,RIGHT,16724,16724.0,BRN-PAR,anatomical_structure,4
IXI327,UNesT,0.2.7,BRN-ANGULAR-GYRUS,AnG---angular-gyrus,LEFT,17405,17405.0,BRN-PAR,anatomical_structure,4
IXI327,UNesT,0.2.7,BRN-CALCARINE-CORTEX,Calc--calcarine-cortex,RIGHT,5696,5696.0,BRN-OCC,anatomical_structure,4
IXI327,UNesT,0.2.7,BRN-CALCARINE-CORTEX,Calc--calcarine-cortex,LEFT,5718,5718.0,BRN-OCC,anatomical_structure,4
IXI327,UNesT,0.2.7,BRN-CENTRAL-OPERCULUM,CO----central-operculum,RIGHT,6914,6914.0,BRN-CER-COR,anatomical_structure,3
IXI327,UNesT,0.2.7,BRN-CENTRAL-OPERCULUM,CO----central-operculum,LEFT,7185,7185.0,BRN-CER-COR,anatomical_structure,3
IXI327,UNesT,0.2.7,BRN-CUNEUS,Cun---cuneus,RIGHT,6185,6185.0,BRN-CER-COR,anatomical_structure,1
IXI327,UNesT,0.2.7,BRN-CUNEUS,Cun---cuneus,LEFT,7326,7326.0,BRN-CER-COR,anatomical_structure,1
IXI327,UNesT,0.2.7,BRN-ENTORHINAL-AREA,Ent---entorhinal-area,RIGHT,3110,3110.0,BRN-LIM,anatomical_structure,1
IXI327,UNesT,0.2.7,BRN-ENTORHINAL-AREA,Ent---entorhinal-area,LEFT,1614,1614.0,BRN-LIM,anatomical_structure,1
IXI327,UNesT,0.2.7,BRN-FRONTAL-OPERCULUM,FO----frontal-operculum,RIGHT,2744,2744.0,BRN-FRO,anatomical_structure,4
IXI327,UNesT,0.2.7,BRN-FRONTAL-OPERCULUM,FO----frontal-operculum,LEFT,2806,2806.0,BRN-FRO,anatomical_structure,4
IXI327,UNesT,0.2.7,BRN-FRONTAL-POLE,FRP---frontal-pole,RIGHT,4290,4290.0,BRN-FRO,anatomical_structure,4
IXI327,UNesT,0.2.7,BRN-FRONTAL-POLE,FRP---frontal-pole,LEFT,4896,4896.0,BRN-FRO,anatomical_structure,4
IXI327,UNesT,0.2.7,BRN-FUSIFORM-GYRUS,FuG---fusiform-gyrus,RIGHT,8307,8307.0,BRN-TEM,anatomical_structure,4
IXI327,UNesT,0.2.7,BRN-FUSIFORM-GYRUS,FuG---fusiform-gyrus,LEFT,10139,10139.0,BRN-TEM,anatomical_structure,4
IXI327,UNesT,0.2.7,BRN-GYRUS-RECTUS,GRe---gyrus-rectus,RIGHT,2549,2549.0,BRN-FRO,anatomical_structure,4
IXI327,UNesT,0.2.7,BRN-GYRUS-RECTUS,GRe---gyrus-rectus,LEFT,2139,2139.0,BRN-FRO,anatomical_structure,4
IXI327,UNesT,0.2.7,BRN-INFERIOR-OCCIPITAL-GYRUS,IOG---inferior-occipital-gyrus,RIGHT,9063,9063.0,BRN-OCC,anatomical_structure,4
IXI327,UNesT,0.2.7,BRN-INFERIOR-OCCIPITAL-GYRUS,IOG---inferior-occipital-gyrus,LEFT,9844,9844.0,BRN-OCC,anatomical_structure,4
IXI327,UNesT,0.2.7,BRN-INFERIOR-TEMPORAL-GYRUS,ITG---inferior-temporal-gyrus,RIGHT,16310,16310.0,BRN-TEM,anatomical_structure,4
IXI327,UNesT,0.2.7,BRN-INFERIOR-TEMPORAL-GYRUS,ITG---inferior-temporal-gyrus,LEFT,20015,20015.0,BRN-TEM,anatomical_structure,4
IXI327,UNesT,0.2.7,BRN-LINGUAL-GYRUS,LiG---lingual-gyrus,RIGHT,12354,12354.0,BRN-OCC,anatomical_structure,4
IXI327,UNesT,0.2.7,BRN-LINGUAL-GYRUS,LiG---lingual-gyrus,LEFT,12559,12559.0,BRN-OCC,anatomical_structure,4
IXI327,UNesT,0.2.7,BRN-LATERAL-ORBITAL-GYRUS,LOrG--lateral-orbital-gyrus,RIGHT,3072,3072.0,BRN-FRO,anatomical_structure,4
IXI327,UNesT,0.2.7,BRN-LATERAL-ORBITAL-GYRUS,LOrG--lateral-orbital-gyrus,LEFT,2482,2482.0,BRN-FRO,anatomical_structure,4
IXI327,UNesT,0.2.7,BRN-MIDDLE-CINGULATE-GYRUS,MCgG--middle-cingulate-gyrus,RIGHT,7042,7042.0,BRN-LIM,anatomical_structure,4
IXI327,UNesT,0.2.7,BRN-MIDDLE-CINGULATE-GYRUS,MCgG--middle-cingulate-gyrus,LEFT,6397,6397.0,BRN-LIM,anatomical_structure,4
IXI327,UNesT,0.2.7,BRN-MEDIAL-FRONTAL-CORTEX,MFC---medial-frontal-cortex,RIGHT,2388,2388.0,BRN-FRO,anatomical_structure,4
IXI327,UNesT,0.2.7,BRN-MEDIAL-FRONTAL-CORTEX,MFC---medial-frontal-cortex,LEFT,2342,2342.0,BRN-FRO,anatomical_structure,4
IXI327,UNesT,0.2.7,BRN-MIDDLE-FRONTAL-GYRUS,MFG---middle-frontal-gyrus,RIGHT,30896,30896.0,BRN-FRO,anatomical_structure,4
IXI327,UNesT,0.2.7,BRN-MIDDLE-FRONTAL-GYRUS,MFG---middle-frontal-gyrus,LEFT,32285,32285.0,BRN-FRO,anatomical_structure,4
IXI327,UNesT,0.2.7,BRN-MIDDLE-OCCIPITAL-GYRUS,MOG---middle-occipital-gyrus,RIGHT,8202,8202.0,BRN-OCC,anatomical_structure,4
IXI327,UNesT,0.2.7,BRN-MIDDLE-OCCIPITAL-GYRUS,MOG---middle-occipital-gyrus,LEFT,7599,7599.0,BRN-OCC,anatomical_structure,4
IXI327,UNesT,0.2.7,BRN-MEDIAL-ORBITAL-GYRUS,MOrG--medial-orbital-gyrus,RIGHT,4595,4595.0,BRN-FRO,anatomical_structure,4
IXI327,UNesT,0.2.7,BRN-MEDIAL-ORBITAL-GYRUS,MOrG--medial-orbital-gyrus,LEFT,4793,4793.0,BRN-FRO,anatomical_structure,4
IXI327,UNesT,0.2.7,BRN-POG-MED,"Postcentral Gyrus, Medial Segment",RIGHT,2180,2180.0,BRN-PAR,cortical_subregion,4
IXI327,UNesT,0.2.7,BRN-POG-MED,"Postcentral Gyrus, Medial Segment",LEFT,2216,2216.0,BRN-PAR,cortical_subregion,4
IXI327,UNesT,0.2.7,BRN-PRG-MED,"Precentral Gyrus, Medial Segment",RIGHT,5128,5128.0,BRN-FRO,cortical_subregion,4
IXI327,UNesT,0.2.7,BRN-PRG-MED,"Precentral Gyrus, Medial Segment",LEFT,4859,4859.0,BRN-FRO,cortical_subregion,4
IXI327,UNesT,0.2.7,BRN-SUPERIOR-FRONTAL-GYRUS,MSFG--superior-frontal-gyrus,RIGHT,34698,34698.0,BRN-FRO,anatomical_structure,4
IXI327,UNesT,0.2.7,BRN-SUPERIOR-FRONTAL-GYRUS,MSFG--superior-frontal-gyrus,LEFT,30949,30949.0,BRN-FRO,anatomical_structure,4
IXI327,UNesT,0.2.7,BRN-MIDDLE-TEMPORAL-GYRUS,MTG---middle-temporal-gyrus,RIGHT,19640,19640.0,BRN-TEM,anatomical_structure,4
IXI327,UNesT,0.2.7,BRN-MIDDLE-TEMPORAL-GYRUS,MTG---middle-temporal-gyrus,LEFT,18820,18820.0,BRN-TEM,anatomical_structure,4
IXI327,UNesT,0.2.7,BRN-OCCIPITAL-POLE,OCP---occipital-pole,RIGHT,6054,6054.0,BRN-OCC,anatomical_structure,4
IXI327,UNesT,0.2.7,BRN-OCCIPITAL-POLE,OCP---occipital-pole,LEFT,6585,6585.0,BRN-OCC,anatomical_structure,4
IXI327,UNesT,0.2.7,BRN-OCCIPITAL-FUSIFORM-GYRUS,OFuG--occipital-fusiform-gyrus,RIGHT,7046,7046.0,BRN-OCC,anatomical_structure,4
IXI327,UNesT,0.2.7,BRN-OCCIPITAL-FUSIFORM-GYRUS,OFuG--occipital-fusiform-gyrus,LEFT,6391,6391.0,BRN-OCC,anatomical_structure,4
IXI327,UNesT,0.2.7,BRN-OPIFG-OPERCULAR-PART-OF-THE-IFG,OpIFG-opercular-part-of-the-IFG,RIGHT,7261,7261.0,BRN-CER-COR,anatomical_structure,1
IXI327,UNesT,0.2.7,BRN-OPIFG-OPERCULAR-PART-OF-THE-IFG,OpIFG-opercular-part-of-the-IFG,LEFT,4927,4927.0,BRN-CER-COR,anatomical_structure,1
IXI327,UNesT,0.2.7,BRN-ORIFG-ORBITAL-PART-OF-THE-IFG,OrIFG-orbital-part-of-the-IFG,RIGHT,2313,2313.0,BRN-CER-COR,anatomical_structure,1
IXI327,UNesT,0.2.7,BRN-ORIFG-ORBITAL-PART-OF-THE-IFG,OrIFG-orbital-part-of-the-IFG,LEFT,2162,2162.0,BRN-CER-COR,anatomical_structure,1
IXI327,UNesT,0.2.7,BRN-POSTERIOR-CINGULATE-GYRUS,PCgG--posterior-cingulate-gyrus,RIGHT,6796,6796.0,BRN-LIM,anatomical_structure,4
IXI327,UNesT,0.2.7,BRN-POSTERIOR-CINGULATE-GYRUS,PCgG--posterior-cingulate-gyrus,LEFT,6489,6489.0,BRN-LIM,anatomical_structure,4
IXI327,UNesT,0.2.7,BRN-PCU,PCu---precuneus,RIGHT,15814,15814.0,BRN-PAR,cortical_structure,4
IXI327,UNesT,0.2.7,BRN-PCU,PCu---precuneus,LEFT,16870,16870.0,BRN-PAR,cortical_structure,4
IXI327,UNesT,0.2.7,BRN-PARAHIPPOCAMPAL-GYRUS,PHG---parahippocampal-gyrus,RIGHT,2553,2553.0,BRN-LIM,anatomical_structure,4
IXI327,UNesT,0.2.7,BRN-PARAHIPPOCAMPAL-GYRUS,PHG---parahippocampal-gyrus,LEFT,2725,2725.0,BRN-LIM,anatomical_structure,4
IXI327,UNesT,0.2.7,BRN-POSTERIOR-INSULA,PIns--posterior-insula,RIGHT,3236,3236.0,BRN-INS,anatomical_structure,4
IXI327,UNesT,0.2.7,BRN-POSTERIOR-INSULA,PIns--posterior-insula,LEFT,2596,2596.0,BRN-INS,anatomical_structure,4
IXI327,UNesT,0.2.7,BRN-PARIETAL-OPERCULUM,PO----parietal-operculum,RIGHT,4765,4765.0,BRN-PAR,anatomical_structure,4
IXI327,UNesT,0.2.7,BRN-PARIETAL-OPERCULUM,PO----parietal-operculum,LEFT,4778,4778.0,BRN-PAR,anatomical_structure,4
IXI327,UNesT,0.2.7,BRN-POG,MPoG--postcentral-gyrus,RIGHT,18180,18180.0,BRN-PAR,cortical_structure,4
IXI327,UNesT,0.2.7,BRN-POG,MPoG--postcentral-gyrus,LEFT,21516,21516.0,BRN-PAR,cortical_structure,4
IXI327,UNesT,0.2.7,BRN-POSTERIOR-ORBITAL-GYRUS,POrG--posterior-orbital-gyrus,RIGHT,3900,3900.0,BRN-FRO,anatomical_structure,4
IXI327,UNesT,0.2.7,BRN-POSTERIOR-ORBITAL-GYRUS,POrG--posterior-orbital-gyrus,LEFT,4546,4546.0,BRN-FRO,anatomical_structure,4
IXI327,UNesT,0.2.7,BRN-PLANUM-POLARE,PP----planum-polare,RIGHT,2391,2391.0,BRN-TEM,anatomical_structure,4
IXI327,UNesT,0.2.7,BRN-PLANUM-POLARE,PP----planum-polare,LEFT,2879,2879.0,BRN-TEM,anatomical_structure,4
IXI327,UNesT,0.2.7,BRN-PRG,MPrG--precentral-gyrus,RIGHT,25379,25379.0,BRN-FRO,cortical_structure,4
IXI327,UNesT,0.2.7,BRN-PRG,MPrG--precentral-gyrus,LEFT,26765,26765.0,BRN-FRO,cortical_structure,4
IXI327,UNesT,0.2.7,BRN-PLANUM-TEMPORALE,PT----planum-temporale,RIGHT,3277,3277.0,BRN-TEM,anatomical_structure,4
IXI327,UNesT,0.2.7,BRN-PLANUM-TEMPORALE,PT----planum-temporale,LEFT,3930,3930.0,BRN-TEM,anatomical_structure,4
IXI327,UNesT,0.2.7,BRN-SUBCALLOSAL-AREA,SCA---subcallosal-area,RIGHT,1133,1133.0,BRN-LIM,anatomical_structure,4
IXI327,UNesT,0.2.7,BRN-SUBCALLOSAL-AREA,SCA---subcallosal-area,LEFT,881,881.0,BRN-LIM,anatomical_structure,4
IXI327,UNesT,0.2.7,BRN-SUPPLEMENTARY-MOTOR-CORTEX,SMC---supplementary-motor-cortex,RIGHT,7693,7693.0,BRN-FRO,anatomical_structure,4
IXI327,UNesT,0.2.7,BRN-SUPPLEMENTARY-MOTOR-CORTEX,SMC---supplementary-motor-cortex,LEFT,10080,10080.0,BRN-FRO,anatomical_structure,4
IXI327,UNesT,0.2.7,BRN-SUPRAMARGINAL-GYRUS,SMG---supramarginal-gyrus,RIGHT,13182,13182.0,BRN-PAR,anatomical_structure,4
IXI327,UNesT,0.2.7,BRN-SUPRAMARGINAL-GYRUS,SMG---supramarginal-gyrus,LEFT,14598,14598.0,BRN-PAR,anatomical_structure,4
IXI327,UNesT,0.2.7,BRN-SUPERIOR-OCCIPITAL-GYRUS,SOG---superior-occipital-gyrus,RIGHT,8452,8452.0,BRN-OCC,anatomical_structure,4
IXI327,UNesT,0.2.7,BRN-SUPERIOR-OCCIPITAL-GYRUS,SOG---superior-occipital-gyrus,LEFT,5932,5932.0,BRN-OCC,anatomical_structure,4
IXI327,UNesT,0.2.7,BRN-SUPERIOR-PARIETAL-LOBULE,SPL---superior-parietal-lobule,RIGHT,20197,20197.0,BRN-CER-COR,anatomical_structure,1
IXI327,UNesT,0.2.7,BRN-SUPERIOR-PARIETAL-LOBULE,SPL---superior-parietal-lobule,LEFT,17637,17637.0,BRN-CER-COR,anatomical_structure,1
IXI327,UNesT,0.2.7,BRN-SUPERIOR-TEMPORAL-GYRUS,STG---superior-temporal-gyrus,RIGHT,10433,10433.0,BRN-TEM,anatomical_structure,4
IXI327,UNesT,0.2.7,BRN-SUPERIOR-TEMPORAL-GYRUS,STG---superior-temporal-gyrus,LEFT,8403,8403.0,BRN-TEM,anatomical_structure,4
IXI327,UNesT,0.2.7,BRN-TEMPORAL-POLE,TMP---temporal-pole,RIGHT,9310,9310.0,BRN-TEM,anatomical_structure,4
IXI327,UNesT,0.2.7,BRN-TEMPORAL-POLE,TMP---temporal-pole,LEFT,9716,9716.0,BRN-TEM,anatomical_structure,4
IXI327,UNesT,0.2.7,BRN-TRIFG-TRIANGULAR-PART-OF-THE-IFG,TrIFG-triangular-part-of-the-IFG,RIGHT,4331,4331.0,BRN-CER-COR,anatomical_structure,1
IXI327,UNesT,0.2.7,BRN-TRIFG-TRIANGULAR-PART-OF-THE-IFG,TrIFG-triangular-part-of-the-IFG,LEFT,4010,4010.0,BRN-CER-COR,anatomical_structure,1
IXI327,UNesT,0.2.7,BRN-TRANSVERSE-TEMPORAL-GYRUS,TTG---transverse-temporal-gyrus,RIGHT,2366,2366.0,BRN-TEM,anatomical_structure,4
IXI327,UNesT,0.2.7,BRN-TRANSVERSE-TEMPORAL-GYRUS,TTG---transverse-temporal-gyrus,LEFT,3512,3512.0,BRN-TEM,anatomical_structure,4
IXI360,UNesT,0.2.7,BRN-3RD-VENTRICLE,3rd-Ventricle,NONE,2049,2049.0,BRN-VEN,anatomical_structure,1
IXI360,UNesT,0.2.7,BRN-4TH-VENTRICLE,4th-Ventricle,NONE,2051,2051.0,BRN-VEN,anatomical_structure,1
IXI360,UNesT,0.2.7,BRN-ACC,Accumbens-Area,RIGHT,551,551.0,BRN-DGM,anatomical_structure,1
IXI360,UNesT,0.2.7,BRN-ACC,Accumbens-Area,LEFT,688,688.0,BRN-DGM,anatomical_structure,1
IXI360,UNesT,0.2.7,BRN-AMY,Amygdala,RIGHT,1493,1493.0,BRN-DGM,deep_gray_matter,1
IXI360,UNesT,0.2.7,BRN-AMY,Amygdala,LEFT,1455,1455.0,BRN-DGM,deep_gray_matter,1
IXI360,UNesT,0.2.7,BRN-BST,Brain-Stem,NONE,24848,24848.0,BRN-BST-GRP,brainstem,1
IXI360,UNesT,0.2.7,BRN-CAU,Caudate,RIGHT,4232,4232.0,BRN-DGM,deep_gray_matter,1
IXI360,UNesT,0.2.7,BRN-CAU,Caudate,LEFT,3957,3957.0,BRN-DGM,deep_gray_matter,1
IXI360,UNesT,0.2.7,BRN-CB-EXT,Cerebellum-Exterior,RIGHT,76876,76876.0,BRN-CBL,anatomical_structure,1
IXI360,UNesT,0.2.7,BRN-CB-EXT,Cerebellum-Exterior,LEFT,75103,75103.0,BRN-CBL,anatomical_structure,1
IXI360,UNesT,0.2.7,BRN-CB-WM,Cerebellum-White-Matter,RIGHT,17736,17736.0,BRN-CBL,anatomical_structure,1
IXI360,UNesT,0.2.7,BRN-CB-WM,Cerebellum-White-Matter,LEFT,16955,16955.0,BRN-CBL,anatomical_structure,1
IXI360,UNesT,0.2.7,BRN-CER-WM,Cerebral-White-Matter,RIGHT,274048,274048.0,BRN-WM,anatomical_structure,1
IXI360,UNesT,0.2.7,BRN-CER-WM,Cerebral-White-Matter,LEFT,256463,256463.0,BRN-WM,anatomical_structure,1
IXI360,UNesT,0.2.7,BRN-HIP,Hippocampus,RIGHT,4253,4253.0,BRN-LIM,deep_gray_matter,1
IXI360,UNesT,0.2.7,BRN-HIP,Hippocampus,LEFT,4478,4478.0,BRN-LIM,deep_gray_matter,1
IXI360,UNesT,0.2.7,BRN-INF-LAT-V,Inf-Lat-Vent,RIGHT,799,799.0,BRN-VEN,anatomical_structure,1
IXI360,UNesT,0.2.7,BRN-INF-LAT-V,Inf-Lat-Vent,LEFT,659,659.0,BRN-VEN,anatomical_structure,1
IXI360,UNesT,0.2.7,BRN-LAT-V,Lateral-Ventricle,RIGHT,12726,12726.0,BRN-VEN,anatomical_structure,1
IXI360,UNesT,0.2.7,BRN-LAT-V,Lateral-Ventricle,LEFT,11174,11174.0,BRN-VEN,anatomical_structure,1
IXI360,UNesT,0.2.7,BRN-PAL,Pallidum,RIGHT,2096,2096.0,BRN-DGM,deep_gray_matter,1
IXI360,UNesT,0.2.7,BRN-PAL,Pallidum,LEFT,2094,2094.0,BRN-DGM,deep_gray_matter,1
IXI360,UNesT,0.2.7,BRN-PUT,Putamen,RIGHT,6243,6243.0,BRN-DGM,deep_gray_matter,1
IXI360,UNesT,0.2.7,BRN-PUT,Putamen,LEFT,6382,6382.0,BRN-DGM,deep_gray_matter,1
IXI360,UNesT,0.2.7,BRN-THA,Thalamus-Proper,RIGHT,8698,8698.0,BRN-DGM,deep_gray_matter,1
IXI360,UNesT,0.2.7,BRN-THA,Thalamus-Proper,LEFT,9171,9171.0,BRN-DGM,deep_gray_matter,1
IXI360,UNesT,0.2.7,BRN-VDC,Ventral-DC,RIGHT,6226,6226.0,BRN-DGM,anatomical_structure,1
IXI360,UNesT,0.2.7,BRN-VDC,Ventral-DC,LEFT,6320,6320.0,BRN-DGM,anatomical_structure,1
IXI360,UNesT,0.2.7,BRN-CEREBELLAR-VERMAL-LOBULES-I-V,Cerebellar-Vermal-Lobules-I-V,NONE,8107,8107.0,BRN-CBL,anatomical_structure,1
IXI360,UNesT,0.2.7,BRN-CEREBELLAR-VERMAL-LOBULES-VI-VII,Cerebellar-Vermal-Lobules-VI-VII,NONE,3870,3870.0,BRN-CBL,anatomical_structure,1
IXI360,UNesT,0.2.7,BRN-CEREBELLAR-VERMAL-LOBULES-VIII-X,Cerebellar-Vermal-Lobules-VIII-X,NONE,4067,4067.0,BRN-CBL,anatomical_structure,1
IXI360,UNesT,0.2.7,BRN-BASAL-FOREBRAIN,Basal-Forebrain,LEFT,700,700.0,BRN-DGM,anatomical_structure,1
IXI360,UNesT,0.2.7,BRN-BASAL-FOREBRAIN,Basal-Forebrain,RIGHT,716,716.0,BRN-DGM,anatomical_structure,1
IXI360,UNesT,0.2.7,BRN-ANTERIOR-CINGULATE-GYRUS,ACgG--anterior-cingulate-gyrus,RIGHT,8043,8043.0,BRN-LIM,anatomical_structure,4
IXI360,UNesT,0.2.7,BRN-ANTERIOR-CINGULATE-GYRUS,ACgG--anterior-cingulate-gyrus,LEFT,7684,7684.0,BRN-LIM,anatomical_structure,4
IXI360,UNesT,0.2.7,BRN-ANTERIOR-INSULA,AIns--anterior-insula,RIGHT,5660,5660.0,BRN-INS,anatomical_structure,4
IXI360,UNesT,0.2.7,BRN-ANTERIOR-INSULA,AIns--anterior-insula,LEFT,5414,5414.0,BRN-INS,anatomical_structure,4
IXI360,UNesT,0.2.7,BRN-ANTERIOR-ORBITAL-GYRUS,AOrG--anterior-orbital-gyrus,RIGHT,3227,3227.0,BRN-FRO,anatomical_structure,4
IXI360,UNesT,0.2.7,BRN-ANTERIOR-ORBITAL-GYRUS,AOrG--anterior-orbital-gyrus,LEFT,2365,2365.0,BRN-FRO,anatomical_structure,4
IXI360,UNesT,0.2.7,BRN-ANGULAR-GYRUS,AnG---angular-gyrus,RIGHT,14795,14795.0,BRN-PAR,anatomical_structure,4
IXI360,UNesT,0.2.7,BRN-ANGULAR-GYRUS,AnG---angular-gyrus,LEFT,12331,12331.0,BRN-PAR,anatomical_structure,4
IXI360,UNesT,0.2.7,BRN-CALCARINE-CORTEX,Calc--calcarine-cortex,RIGHT,3560,3560.0,BRN-OCC,anatomical_structure,4
IXI360,UNesT,0.2.7,BRN-CALCARINE-CORTEX,Calc--calcarine-cortex,LEFT,4477,4477.0,BRN-OCC,anatomical_structure,4
IXI360,UNesT,0.2.7,BRN-CENTRAL-OPERCULUM,CO----central-operculum,RIGHT,5363,5363.0,BRN-CER-COR,anatomical_structure,3
IXI360,UNesT,0.2.7,BRN-CENTRAL-OPERCULUM,CO----central-operculum,LEFT,5460,5460.0,BRN-CER-COR,anatomical_structure,3
IXI360,UNesT,0.2.7,BRN-CUNEUS,Cun---cuneus,RIGHT,5833,5833.0,BRN-CER-COR,anatomical_structure,1
IXI360,UNesT,0.2.7,BRN-CUNEUS,Cun---cuneus,LEFT,5249,5249.0,BRN-CER-COR,anatomical_structure,1
IXI360,UNesT,0.2.7,BRN-ENTORHINAL-AREA,Ent---entorhinal-area,RIGHT,2964,2964.0,BRN-LIM,anatomical_structure,1
IXI360,UNesT,0.2.7,BRN-ENTORHINAL-AREA,Ent---entorhinal-area,LEFT,2903,2903.0,BRN-LIM,anatomical_structure,1
IXI360,UNesT,0.2.7,BRN-FRONTAL-OPERCULUM,FO----frontal-operculum,RIGHT,2743,2743.0,BRN-FRO,anatomical_structure,4
IXI360,UNesT,0.2.7,BRN-FRONTAL-OPERCULUM,FO----frontal-operculum,LEFT,2323,2323.0,BRN-FRO,anatomical_structure,4
IXI360,UNesT,0.2.7,BRN-FRONTAL-POLE,FRP---frontal-pole,RIGHT,5045,5045.0,BRN-FRO,anatomical_structure,4
IXI360,UNesT,0.2.7,BRN-FRONTAL-POLE,FRP---frontal-pole,LEFT,4470,4470.0,BRN-FRO,anatomical_structure,4
IXI360,UNesT,0.2.7,BRN-FUSIFORM-GYRUS,FuG---fusiform-gyrus,RIGHT,10186,10186.0,BRN-TEM,anatomical_structure,4
IXI360,UNesT,0.2.7,BRN-FUSIFORM-GYRUS,FuG---fusiform-gyrus,LEFT,9709,9709.0,BRN-TEM,anatomical_structure,4
IXI360,UNesT,0.2.7,BRN-GYRUS-RECTUS,GRe---gyrus-rectus,RIGHT,2380,2380.0,BRN-FRO,anatomical_structure,4
IXI360,UNesT,0.2.7,BRN-GYRUS-RECTUS,GRe---gyrus-rectus,LEFT,2805,2805.0,BRN-FRO,anatomical_structure,4
IXI360,UNesT,0.2.7,BRN-INFERIOR-OCCIPITAL-GYRUS,IOG---inferior-occipital-gyrus,RIGHT,8308,8308.0,BRN-OCC,anatomical_structure,4
IXI360,UNesT,0.2.7,BRN-INFERIOR-OCCIPITAL-GYRUS,IOG---inferior-occipital-gyrus,LEFT,7700,7700.0,BRN-OCC,anatomical_structure,4
IXI360,UNesT,0.2.7,BRN-INFERIOR-TEMPORAL-GYRUS,ITG---inferior-temporal-gyrus,RIGHT,16384,16384.0,BRN-TEM,anatomical_structure,4
IXI360,UNesT,0.2.7,BRN-INFERIOR-TEMPORAL-GYRUS,ITG---inferior-temporal-gyrus,LEFT,17006,17006.0,BRN-TEM,anatomical_structure,4
IXI360,UNesT,0.2.7,BRN-LINGUAL-GYRUS,LiG---lingual-gyrus,RIGHT,12172,12172.0,BRN-OCC,anatomical_structure,4
IXI360,UNesT,0.2.7,BRN-LINGUAL-GYRUS,LiG---lingual-gyrus,LEFT,11730,11730.0,BRN-OCC,anatomical_structure,4
IXI360,UNesT,0.2.7,BRN-LATERAL-ORBITAL-GYRUS,LOrG--lateral-orbital-gyrus,RIGHT,4327,4327.0,BRN-FRO,anatomical_structure,4
IXI360,UNesT,0.2.7,BRN-LATERAL-ORBITAL-GYRUS,LOrG--lateral-orbital-gyrus,LEFT,4021,4021.0,BRN-FRO,anatomical_structure,4
IXI360,UNesT,0.2.7,BRN-MIDDLE-CINGULATE-GYRUS,MCgG--middle-cingulate-gyrus,RIGHT,7527,7527.0,BRN-LIM,anatomical_structure,4
IXI360,UNesT,0.2.7,BRN-MIDDLE-CINGULATE-GYRUS,MCgG--middle-cingulate-gyrus,LEFT,6658,6658.0,BRN-LIM,anatomical_structure,4
IXI360,UNesT,0.2.7,BRN-MEDIAL-FRONTAL-CORTEX,MFC---medial-frontal-cortex,RIGHT,2406,2406.0,BRN-FRO,anatomical_structure,4
IXI360,UNesT,0.2.7,BRN-MEDIAL-FRONTAL-CORTEX,MFC---medial-frontal-cortex,LEFT,3152,3152.0,BRN-FRO,anatomical_structure,4
IXI360,UNesT,0.2.7,BRN-MIDDLE-FRONTAL-GYRUS,MFG---middle-frontal-gyrus,RIGHT,30770,30770.0,BRN-FRO,anatomical_structure,4
IXI360,UNesT,0.2.7,BRN-MIDDLE-FRONTAL-GYRUS,MFG---middle-frontal-gyrus,LEFT,29815,29815.0,BRN-FRO,anatomical_structure,4
IXI360,UNesT,0.2.7,BRN-MIDDLE-OCCIPITAL-GYRUS,MOG---middle-occipital-gyrus,RIGHT,7287,7287.0,BRN-OCC,anatomical_structure,4
IXI360,UNesT,0.2.7,BRN-MIDDLE-OCCIPITAL-GYRUS,MOG---middle-occipital-gyrus,LEFT,7096,7096.0,BRN-OCC,anatomical_structure,4
IXI360,UNesT,0.2.7,BRN-MEDIAL-ORBITAL-GYRUS,MOrG--medial-orbital-gyrus,RIGHT,5051,5051.0,BRN-FRO,anatomical_structure,4
IXI360,UNesT,0.2.7,BRN-MEDIAL-ORBITAL-GYRUS,MOrG--medial-orbital-gyrus,LEFT,5825,5825.0,BRN-FRO,anatomical_structure,4
IXI360,UNesT,0.2.7,BRN-POG-MED,"Postcentral Gyrus, Medial Segment",RIGHT,1588,1588.0,BRN-PAR,cortical_subregion,4
IXI360,UNesT,0.2.7,BRN-POG-MED,"Postcentral Gyrus, Medial Segment",LEFT,2247,2247.0,BRN-PAR,cortical_subregion,4
IXI360,UNesT,0.2.7,BRN-PRG-MED,"Precentral Gyrus, Medial Segment",RIGHT,3995,3995.0,BRN-FRO,cortical_subregion,4
IXI360,UNesT,0.2.7,BRN-PRG-MED,"Precentral Gyrus, Medial Segment",LEFT,3851,3851.0,BRN-FRO,cortical_subregion,4
IXI360,UNesT,0.2.7,BRN-SUPERIOR-FRONTAL-GYRUS,MSFG--superior-frontal-gyrus,RIGHT,27430,27430.0,BRN-FRO,anatomical_structure,4
IXI360,UNesT,0.2.7,BRN-SUPERIOR-FRONTAL-GYRUS,MSFG--superior-frontal-gyrus,LEFT,27949,27949.0,BRN-FRO,anatomical_structure,4
IXI360,UNesT,0.2.7,BRN-MIDDLE-TEMPORAL-GYRUS,MTG---middle-temporal-gyrus,RIGHT,17834,17834.0,BRN-TEM,anatomical_structure,4
IXI360,UNesT,0.2.7,BRN-MIDDLE-TEMPORAL-GYRUS,MTG---middle-temporal-gyrus,LEFT,17925,17925.0,BRN-TEM,anatomical_structure,4
IXI360,UNesT,0.2.7,BRN-OCCIPITAL-POLE,OCP---occipital-pole,RIGHT,5090,5090.0,BRN-OCC,anatomical_structure,4
IXI360,UNesT,0.2.7,BRN-OCCIPITAL-POLE,OCP---occipital-pole,LEFT,5105,5105.0,BRN-OCC,anatomical_structure,4
IXI360,UNesT,0.2.7,BRN-OCCIPITAL-FUSIFORM-GYRUS,OFuG--occipital-fusiform-gyrus,RIGHT,6030,6030.0,BRN-OCC,anatomical_structure,4
IXI360,UNesT,0.2.7,BRN-OCCIPITAL-FUSIFORM-GYRUS,OFuG--occipital-fusiform-gyrus,LEFT,5867,5867.0,BRN-OCC,anatomical_structure,4
IXI360,UNesT,0.2.7,BRN-OPIFG-OPERCULAR-PART-OF-THE-IFG,OpIFG-opercular-part-of-the-IFG,RIGHT,4920,4920.0,BRN-CER-COR,anatomical_structure,1
IXI360,UNesT,0.2.7,BRN-OPIFG-OPERCULAR-PART-OF-THE-IFG,OpIFG-opercular-part-of-the-IFG,LEFT,4314,4314.0,BRN-CER-COR,anatomical_structure,1
IXI360,UNesT,0.2.7,BRN-ORIFG-ORBITAL-PART-OF-THE-IFG,OrIFG-orbital-part-of-the-IFG,RIGHT,2003,2003.0,BRN-CER-COR,anatomical_structure,1
IXI360,UNesT,0.2.7,BRN-ORIFG-ORBITAL-PART-OF-THE-IFG,OrIFG-orbital-part-of-the-IFG,LEFT,3337,3337.0,BRN-CER-COR,anatomical_structure,1
IXI360,UNesT,0.2.7,BRN-POSTERIOR-CINGULATE-GYRUS,PCgG--posterior-cingulate-gyrus,RIGHT,5565,5565.0,BRN-LIM,anatomical_structure,4
IXI360,UNesT,0.2.7,BRN-POSTERIOR-CINGULATE-GYRUS,PCgG--posterior-cingulate-gyrus,LEFT,5229,5229.0,BRN-LIM,anatomical_structure,4
IXI360,UNesT,0.2.7,BRN-PCU,PCu---precuneus,RIGHT,15426,15426.0,BRN-PAR,cortical_structure,4
IXI360,UNesT,0.2.7,BRN-PCU,PCu---precuneus,LEFT,13370,13370.0,BRN-PAR,cortical_structure,4
IXI360,UNesT,0.2.7,BRN-PARAHIPPOCAMPAL-GYRUS,PHG---parahippocampal-gyrus,RIGHT,3629,3629.0,BRN-LIM,anatomical_structure,4
IXI360,UNesT,0.2.7,BRN-PARAHIPPOCAMPAL-GYRUS,PHG---parahippocampal-gyrus,LEFT,4491,4491.0,BRN-LIM,anatomical_structure,4
IXI360,UNesT,0.2.7,BRN-POSTERIOR-INSULA,PIns--posterior-insula,RIGHT,2935,2935.0,BRN-INS,anatomical_structure,4
IXI360,UNesT,0.2.7,BRN-POSTERIOR-INSULA,PIns--posterior-insula,LEFT,2592,2592.0,BRN-INS,anatomical_structure,4
IXI360,UNesT,0.2.7,BRN-PARIETAL-OPERCULUM,PO----parietal-operculum,RIGHT,3147,3147.0,BRN-PAR,anatomical_structure,4
IXI360,UNesT,0.2.7,BRN-PARIETAL-OPERCULUM,PO----parietal-operculum,LEFT,2819,2819.0,BRN-PAR,anatomical_structure,4
IXI360,UNesT,0.2.7,BRN-POG,MPoG--postcentral-gyrus,RIGHT,14531,14531.0,BRN-PAR,cortical_structure,4
IXI360,UNesT,0.2.7,BRN-POG,MPoG--postcentral-gyrus,LEFT,16155,16155.0,BRN-PAR,cortical_structure,4
IXI360,UNesT,0.2.7,BRN-POSTERIOR-ORBITAL-GYRUS,POrG--posterior-orbital-gyrus,RIGHT,3867,3867.0,BRN-FRO,anatomical_structure,4
IXI360,UNesT,0.2.7,BRN-POSTERIOR-ORBITAL-GYRUS,POrG--posterior-orbital-gyrus,LEFT,4225,4225.0,BRN-FRO,anatomical_structure,4
IXI360,UNesT,0.2.7,BRN-PLANUM-POLARE,PP----planum-polare,RIGHT,2587,2587.0,BRN-TEM,anatomical_structure,4
IXI360,UNesT,0.2.7,BRN-PLANUM-POLARE,PP----planum-polare,LEFT,2868,2868.0,BRN-TEM,anatomical_structure,4
IXI360,UNesT,0.2.7,BRN-PRG,MPrG--precentral-gyrus,RIGHT,20093,20093.0,BRN-FRO,cortical_structure,4
IXI360,UNesT,0.2.7,BRN-PRG,MPrG--precentral-gyrus,LEFT,18696,18696.0,BRN-FRO,cortical_structure,4
IXI360,UNesT,0.2.7,BRN-PLANUM-TEMPORALE,PT----planum-temporale,RIGHT,2599,2599.0,BRN-TEM,anatomical_structure,4
IXI360,UNesT,0.2.7,BRN-PLANUM-TEMPORALE,PT----planum-temporale,LEFT,2286,2286.0,BRN-TEM,anatomical_structure,4
IXI360,UNesT,0.2.7,BRN-SUBCALLOSAL-AREA,SCA---subcallosal-area,RIGHT,1478,1478.0,BRN-LIM,anatomical_structure,4
IXI360,UNesT,0.2.7,BRN-SUBCALLOSAL-AREA,SCA---subcallosal-area,LEFT,1371,1371.0,BRN-LIM,anatomical_structure,4
IXI360,UNesT,0.2.7,BRN-SUPPLEMENTARY-MOTOR-CORTEX,SMC---supplementary-motor-cortex,RIGHT,6039,6039.0,BRN-FRO,anatomical_structure,4
IXI360,UNesT,0.2.7,BRN-SUPPLEMENTARY-MOTOR-CORTEX,SMC---supplementary-motor-cortex,LEFT,7920,7920.0,BRN-FRO,anatomical_structure,4
IXI360,UNesT,0.2.7,BRN-SUPRAMARGINAL-GYRUS,SMG---supramarginal-gyrus,RIGHT,10836,10836.0,BRN-PAR,anatomical_structure,4
IXI360,UNesT,0.2.7,BRN-SUPRAMARGINAL-GYRUS,SMG---supramarginal-gyrus,LEFT,17001,17001.0,BRN-PAR,anatomical_structure,4
IXI360,UNesT,0.2.7,BRN-SUPERIOR-OCCIPITAL-GYRUS,SOG---superior-occipital-gyrus,RIGHT,5720,5720.0,BRN-OCC,anatomical_structure,4
IXI360,UNesT,0.2.7,BRN-SUPERIOR-OCCIPITAL-GYRUS,SOG---superior-occipital-gyrus,LEFT,6026,6026.0,BRN-OCC,anatomical_structure,4
IXI360,UNesT,0.2.7,BRN-SUPERIOR-PARIETAL-LOBULE,SPL---superior-parietal-lobule,RIGHT,16723,16723.0,BRN-CER-COR,anatomical_structure,1
IXI360,UNesT,0.2.7,BRN-SUPERIOR-PARIETAL-LOBULE,SPL---superior-parietal-lobule,LEFT,18312,18312.0,BRN-CER-COR,anatomical_structure,1
IXI360,UNesT,0.2.7,BRN-SUPERIOR-TEMPORAL-GYRUS,STG---superior-temporal-gyrus,RIGHT,10357,10357.0,BRN-TEM,anatomical_structure,4
IXI360,UNesT,0.2.7,BRN-SUPERIOR-TEMPORAL-GYRUS,STG---superior-temporal-gyrus,LEFT,10387,10387.0,BRN-TEM,anatomical_structure,4
IXI360,UNesT,0.2.7,BRN-TEMPORAL-POLE,TMP---temporal-pole,RIGHT,11257,11257.0,BRN-TEM,anatomical_structure,4
IXI360,UNesT,0.2.7,BRN-TEMPORAL-POLE,TMP---temporal-pole,LEFT,11895,11895.0,BRN-TEM,anatomical_structure,4
IXI360,UNesT,0.2.7,BRN-TRIFG-TRIANGULAR-PART-OF-THE-IFG,TrIFG-triangular-part-of-the-IFG,RIGHT,4736,4736.0,BRN-CER-COR,anatomical_structure,1
IXI360,UNesT,0.2.7,BRN-TRIFG-TRIANGULAR-PART-OF-THE-IFG,TrIFG-triangular-part-of-the-IFG,LEFT,5359,5359.0,BRN-CER-COR,anatomical_structure,1
IXI360,UNesT,0.2.7,BRN-TRANSVERSE-TEMPORAL-GYRUS,TTG---transverse-temporal-gyrus,RIGHT,2218,2218.0,BRN-TEM,anatomical_structure,4
IXI360,UNesT,0.2.7,BRN-TRANSVERSE-TEMPORAL-GYRUS,TTG---transverse-temporal-gyrus,LEFT,2502,2502.0,BRN-TEM,anatomical_structure,4
IXI333,UNesT,0.2.7,BRN-3RD-VENTRICLE,3rd-Ventricle,NONE,2086,2086.0,BRN-VEN,anatomical_structure,1
IXI333,UNesT,0.2.7,BRN-4TH-VENTRICLE,4th-Ventricle,NONE,1385,1385.0,BRN-VEN,anatomical_structure,1
IXI333,UNesT,0.2.7,BRN-ACC,Accumbens-Area,RIGHT,720,720.0,BRN-DGM,anatomical_structure,1
IXI333,UNesT,0.2.7,BRN-ACC,Accumbens-Area,LEFT,645,645.0,BRN-DGM,anatomical_structure,1
IXI333,UNesT,0.2.7,BRN-AMY,Amygdala,RIGHT,1343,1343.0,BRN-DGM,deep_gray_matter,1
IXI333,UNesT,0.2.7,BRN-AMY,Amygdala,LEFT,1195,1195.0,BRN-DGM,deep_gray_matter,1
IXI333,UNesT,0.2.7,BRN-BST,Brain-Stem,NONE,14609,14609.0,BRN-BST-GRP,brainstem,1
IXI333,UNesT,0.2.7,BRN-CAU,Caudate,RIGHT,3818,3818.0,BRN-DGM,deep_gray_matter,1
IXI333,UNesT,0.2.7,BRN-CAU,Caudate,LEFT,3891,3891.0,BRN-DGM,deep_gray_matter,1
IXI333,UNesT,0.2.7,BRN-CB-EXT,Cerebellum-Exterior,RIGHT,71848,71848.0,BRN-CBL,anatomical_structure,1
IXI333,UNesT,0.2.7,BRN-CB-EXT,Cerebellum-Exterior,LEFT,68935,68935.0,BRN-CBL,anatomical_structure,1
IXI333,UNesT,0.2.7,BRN-CB-WM,Cerebellum-White-Matter,RIGHT,6824,6824.0,BRN-CBL,anatomical_structure,1
IXI333,UNesT,0.2.7,BRN-CB-WM,Cerebellum-White-Matter,LEFT,6482,6482.0,BRN-CBL,anatomical_structure,1
IXI333,UNesT,0.2.7,BRN-CER-WM,Cerebral-White-Matter,RIGHT,269056,269056.0,BRN-WM,anatomical_structure,1
IXI333,UNesT,0.2.7,BRN-CER-WM,Cerebral-White-Matter,LEFT,293978,293978.0,BRN-WM,anatomical_structure,1
IXI333,UNesT,0.2.7,BRN-HIP,Hippocampus,RIGHT,5094,5094.0,BRN-LIM,deep_gray_matter,1
IXI333,UNesT,0.2.7,BRN-HIP,Hippocampus,LEFT,4837,4837.0,BRN-LIM,deep_gray_matter,1
IXI333,UNesT,0.2.7,BRN-INF-LAT-V,Inf-Lat-Vent,RIGHT,351,351.0,BRN-VEN,anatomical_structure,1
IXI333,UNesT,0.2.7,BRN-INF-LAT-V,Inf-Lat-Vent,LEFT,77,77.0,BRN-VEN,anatomical_structure,1
IXI333,UNesT,0.2.7,BRN-LAT-V,Lateral-Ventricle,RIGHT,10432,10432.0,BRN-VEN,anatomical_structure,1
IXI333,UNesT,0.2.7,BRN-LAT-V,Lateral-Ventricle,LEFT,13814,13814.0,BRN-VEN,anatomical_structure,1
IXI333,UNesT,0.2.7,BRN-PAL,Pallidum,RIGHT,1805,1805.0,BRN-DGM,deep_gray_matter,1
IXI333,UNesT,0.2.7,BRN-PAL,Pallidum,LEFT,1879,1879.0,BRN-DGM,deep_gray_matter,1
IXI333,UNesT,0.2.7,BRN-PUT,Putamen,RIGHT,5209,5209.0,BRN-DGM,deep_gray_matter,1
IXI333,UNesT,0.2.7,BRN-PUT,Putamen,LEFT,5103,5103.0,BRN-DGM,deep_gray_matter,1
IXI333,UNesT,0.2.7,BRN-THA,Thalamus-Proper,RIGHT,9755,9755.0,BRN-DGM,deep_gray_matter,1
IXI333,UNesT,0.2.7,BRN-THA,Thalamus-Proper,LEFT,10113,10113.0,BRN-DGM,deep_gray_matter,1
IXI333,UNesT,0.2.7,BRN-VDC,Ventral-DC,RIGHT,6157,6157.0,BRN-DGM,anatomical_structure,1
IXI333,UNesT,0.2.7,BRN-VDC,Ventral-DC,LEFT,6117,6117.0,BRN-DGM,anatomical_structure,1
IXI333,UNesT,0.2.7,BRN-CEREBELLAR-VERMAL-LOBULES-I-V,Cerebellar-Vermal-Lobules-I-V,NONE,6652,6652.0,BRN-CBL,anatomical_structure,1
IXI333,UNesT,0.2.7,BRN-CEREBELLAR-VERMAL-LOBULES-VI-VII,Cerebellar-Vermal-Lobules-VI-VII,NONE,3222,3222.0,BRN-CBL,anatomical_structure,1
IXI333,UNesT,0.2.7,BRN-CEREBELLAR-VERMAL-LOBULES-VIII-X,Cerebellar-Vermal-Lobules-VIII-X,NONE,3541,3541.0,BRN-CBL,anatomical_structure,1
IXI333,UNesT,0.2.7,BRN-BASAL-FOREBRAIN,Basal-Forebrain,LEFT,850,850.0,BRN-DGM,anatomical_structure,1
IXI333,UNesT,0.2.7,BRN-BASAL-FOREBRAIN,Basal-Forebrain,RIGHT,888,888.0,BRN-DGM,anatomical_structure,1
IXI333,UNesT,0.2.7,BRN-ANTERIOR-CINGULATE-GYRUS,ACgG--anterior-cingulate-gyrus,RIGHT,9108,9108.0,BRN-LIM,anatomical_structure,4
IXI333,UNesT,0.2.7,BRN-ANTERIOR-CINGULATE-GYRUS,ACgG--anterior-cingulate-gyrus,LEFT,8744,8744.0,BRN-LIM,anatomical_structure,4
IXI333,UNesT,0.2.7,BRN-ANTERIOR-INSULA,AIns--anterior-insula,RIGHT,5670,5670.0,BRN-INS,anatomical_structure,4
IXI333,UNesT,0.2.7,BRN-ANTERIOR-INSULA,AIns--anterior-insula,LEFT,5758,5758.0,BRN-INS,anatomical_structure,4
IXI333,UNesT,0.2.7,BRN-ANTERIOR-ORBITAL-GYRUS,AOrG--anterior-orbital-gyrus,RIGHT,3801,3801.0,BRN-FRO,anatomical_structure,4
IXI333,UNesT,0.2.7,BRN-ANTERIOR-ORBITAL-GYRUS,AOrG--anterior-orbital-gyrus,LEFT,1994,1994.0,BRN-FRO,anatomical_structure,4
IXI333,UNesT,0.2.7,BRN-ANGULAR-GYRUS,AnG---angular-gyrus,RIGHT,14666,14666.0,BRN-PAR,anatomical_structure,4
IXI333,UNesT,0.2.7,BRN-ANGULAR-GYRUS,AnG---angular-gyrus,LEFT,11738,11738.0,BRN-PAR,anatomical_structure,4
IXI333,UNesT,0.2.7,BRN-CALCARINE-CORTEX,Calc--calcarine-cortex,RIGHT,2892,2892.0,BRN-OCC,anatomical_structure,4
IXI333,UNesT,0.2.7,BRN-CALCARINE-CORTEX,Calc--calcarine-cortex,LEFT,1142,1142.0,BRN-OCC,anatomical_structure,4
IXI333,UNesT,0.2.7,BRN-CENTRAL-OPERCULUM,CO----central-operculum,RIGHT,6262,6262.0,BRN-CER-COR,anatomical_structure,3
IXI333,UNesT,0.2.7,BRN-CENTRAL-OPERCULUM,CO----central-operculum,LEFT,6458,6458.0,BRN-CER-COR,anatomical_structure,3
IXI333,UNesT,0.2.7,BRN-CUNEUS,Cun---cuneus,RIGHT,4910,4910.0,BRN-CER-COR,anatomical_structure,1
IXI333,UNesT,0.2.7,BRN-CUNEUS,Cun---cuneus,LEFT,4243,4243.0,BRN-CER-COR,anatomical_structure,1
IXI333,UNesT,0.2.7,BRN-ENTORHINAL-AREA,Ent---entorhinal-area,RIGHT,3152,3152.0,BRN-LIM,anatomical_structure,1
IXI333,UNesT,0.2.7,BRN-ENTORHINAL-AREA,Ent---entorhinal-area,LEFT,2753,2753.0,BRN-LIM,anatomical_structure,1
IXI333,UNesT,0.2.7,BRN-FRONTAL-OPERCULUM,FO----frontal-operculum,RIGHT,3768,3768.0,BRN-FRO,anatomical_structure,4
IXI333,UNesT,0.2.7,BRN-FRONTAL-OPERCULUM,FO----frontal-operculum,LEFT,3298,3298.0,BRN-FRO,anatomical_structure,4
IXI333,UNesT,0.2.7,BRN-FRONTAL-POLE,FRP---frontal-pole,RIGHT,4202,4202.0,BRN-FRO,anatomical_structure,4
IXI333,UNesT,0.2.7,BRN-FRONTAL-POLE,FRP---frontal-pole,LEFT,3843,3843.0,BRN-FRO,anatomical_structure,4
IXI333,UNesT,0.2.7,BRN-FUSIFORM-GYRUS,FuG---fusiform-gyrus,RIGHT,9478,9478.0,BRN-TEM,anatomical_structure,4
IXI333,UNesT,0.2.7,BRN-FUSIFORM-GYRUS,FuG---fusiform-gyrus,LEFT,7654,7654.0,BRN-TEM,anatomical_structure,4
IXI333,UNesT,0.2.7,BRN-GYRUS-RECTUS,GRe---gyrus-rectus,RIGHT,2594,2594.0,BRN-FRO,anatomical_structure,4
IXI333,UNesT,0.2.7,BRN-GYRUS-RECTUS,GRe---gyrus-rectus,LEFT,2837,2837.0,BRN-FRO,anatomical_structure,4
IXI333,UNesT,0.2.7,BRN-INFERIOR-OCCIPITAL-GYRUS,IOG---inferior-occipital-gyrus,RIGHT,8317,8317.0,BRN-OCC,anatomical_structure,4
IXI333,UNesT,0.2.7,BRN-INFERIOR-OCCIPITAL-GYRUS,IOG---inferior-occipital-gyrus,LEFT,7359,7359.0,BRN-OCC,anatomical_structure,4
IXI333,UNesT,0.2.7,BRN-INFERIOR-TEMPORAL-GYRUS,ITG---inferior-temporal-gyrus,RIGHT,15115,15115.0,BRN-TEM,anatomical_structure,4
IXI333,UNesT,0.2.7,BRN-INFERIOR-TEMPORAL-GYRUS,ITG---inferior-temporal-gyrus,LEFT,18165,18165.0,BRN-TEM,anatomical_structure,4
IXI333,UNesT,0.2.7,BRN-LINGUAL-GYRUS,LiG---lingual-gyrus,RIGHT,12426,12426.0,BRN-OCC,anatomical_structure,4
IXI333,UNesT,0.2.7,BRN-LINGUAL-GYRUS,LiG---lingual-gyrus,LEFT,11525,11525.0,BRN-OCC,anatomical_structure,4
IXI333,UNesT,0.2.7,BRN-LATERAL-ORBITAL-GYRUS,LOrG--lateral-orbital-gyrus,RIGHT,5485,5485.0,BRN-FRO,anatomical_structure,4
IXI333,UNesT,0.2.7,BRN-LATERAL-ORBITAL-GYRUS,LOrG--lateral-orbital-gyrus,LEFT,4439,4439.0,BRN-FRO,anatomical_structure,4
IXI333,UNesT,0.2.7,BRN-MIDDLE-CINGULATE-GYRUS,MCgG--middle-cingulate-gyrus,RIGHT,7493,7493.0,BRN-LIM,anatomical_structure,4
IXI333,UNesT,0.2.7,BRN-MIDDLE-CINGULATE-GYRUS,MCgG--middle-cingulate-gyrus,LEFT,7375,7375.0,BRN-LIM,anatomical_structure,4
IXI333,UNesT,0.2.7,BRN-MEDIAL-FRONTAL-CORTEX,MFC---medial-frontal-cortex,RIGHT,2762,2762.0,BRN-FRO,anatomical_structure,4
IXI333,UNesT,0.2.7,BRN-MEDIAL-FRONTAL-CORTEX,MFC---medial-frontal-cortex,LEFT,3368,3368.0,BRN-FRO,anatomical_structure,4
IXI333,UNesT,0.2.7,BRN-MIDDLE-FRONTAL-GYRUS,MFG---middle-frontal-gyrus,RIGHT,36174,36174.0,BRN-FRO,anatomical_structure,4
IXI333,UNesT,0.2.7,BRN-MIDDLE-FRONTAL-GYRUS,MFG---middle-frontal-gyrus,LEFT,36136,36136.0,BRN-FRO,anatomical_structure,4
IXI333,UNesT,0.2.7,BRN-MIDDLE-OCCIPITAL-GYRUS,MOG---middle-occipital-gyrus,RIGHT,6080,6080.0,BRN-OCC,anatomical_structure,4
IXI333,UNesT,0.2.7,BRN-MIDDLE-OCCIPITAL-GYRUS,MOG---middle-occipital-gyrus,LEFT,7192,7192.0,BRN-OCC,anatomical_structure,4
IXI333,UNesT,0.2.7,BRN-MEDIAL-ORBITAL-GYRUS,MOrG--medial-orbital-gyrus,RIGHT,6571,6571.0,BRN-FRO,anatomical_structure,4
IXI333,UNesT,0.2.7,BRN-MEDIAL-ORBITAL-GYRUS,MOrG--medial-orbital-gyrus,LEFT,6313,6313.0,BRN-FRO,anatomical_structure,4
IXI333,UNesT,0.2.7,BRN-POG-MED,"Postcentral Gyrus, Medial Segment",RIGHT,2044,2044.0,BRN-PAR,cortical_subregion,4
IXI333,UNesT,0.2.7,BRN-POG-MED,"Postcentral Gyrus, Medial Segment",LEFT,1289,1289.0,BRN-PAR,cortical_subregion,4
IXI333,UNesT,0.2.7,BRN-PRG-MED,"Precentral Gyrus, Medial Segment",RIGHT,3898,3898.0,BRN-FRO,cortical_subregion,4
IXI333,UNesT,0.2.7,BRN-PRG-MED,"Precentral Gyrus, Medial Segment",LEFT,3408,3408.0,BRN-FRO,cortical_subregion,4
IXI333,UNesT,0.2.7,BRN-SUPERIOR-FRONTAL-GYRUS,MSFG--superior-frontal-gyrus,RIGHT,37819,37819.0,BRN-FRO,anatomical_structure,4
IXI333,UNesT,0.2.7,BRN-SUPERIOR-FRONTAL-GYRUS,MSFG--superior-frontal-gyrus,LEFT,32454,32454.0,BRN-FRO,anatomical_structure,4
IXI333,UNesT,0.2.7,BRN-MIDDLE-TEMPORAL-GYRUS,MTG---middle-temporal-gyrus,RIGHT,23448,23448.0,BRN-TEM,anatomical_structure,4
IXI333,UNesT,0.2.7,BRN-MIDDLE-TEMPORAL-GYRUS,MTG---middle-temporal-gyrus,LEFT,17831,17831.0,BRN-TEM,anatomical_structure,4
IXI333,UNesT,0.2.7,BRN-OCCIPITAL-POLE,OCP---occipital-pole,RIGHT,4316,4316.0,BRN-OCC,anatomical_structure,4
IXI333,UNesT,0.2.7,BRN-OCCIPITAL-POLE,OCP---occipital-pole,LEFT,4423,4423.0,BRN-OCC,anatomical_structure,4
IXI333,UNesT,0.2.7,BRN-OCCIPITAL-FUSIFORM-GYRUS,OFuG--occipital-fusiform-gyrus,RIGHT,6606,6606.0,BRN-OCC,anatomical_structure,4
IXI333,UNesT,0.2.7,BRN-OCCIPITAL-FUSIFORM-GYRUS,OFuG--occipital-fusiform-gyrus,LEFT,4821,4821.0,BRN-OCC,anatomical_structure,4
IXI333,UNesT,0.2.7,BRN-OPIFG-OPERCULAR-PART-OF-THE-IFG,OpIFG-opercular-part-of-the-IFG,RIGHT,4130,4130.0,BRN-CER-COR,anatomical_structure,1
IXI333,UNesT,0.2.7,BRN-OPIFG-OPERCULAR-PART-OF-THE-IFG,OpIFG-opercular-part-of-the-IFG,LEFT,3973,3973.0,BRN-CER-COR,anatomical_structure,1
IXI333,UNesT,0.2.7,BRN-ORIFG-ORBITAL-PART-OF-THE-IFG,OrIFG-orbital-part-of-the-IFG,RIGHT,1925,1925.0,BRN-CER-COR,anatomical_structure,1
IXI333,UNesT,0.2.7,BRN-ORIFG-ORBITAL-PART-OF-THE-IFG,OrIFG-orbital-part-of-the-IFG,LEFT,2636,2636.0,BRN-CER-COR,anatomical_structure,1
IXI333,UNesT,0.2.7,BRN-POSTERIOR-CINGULATE-GYRUS,PCgG--posterior-cingulate-gyrus,RIGHT,5403,5403.0,BRN-LIM,anatomical_structure,4
IXI333,UNesT,0.2.7,BRN-POSTERIOR-CINGULATE-GYRUS,PCgG--posterior-cingulate-gyrus,LEFT,4872,4872.0,BRN-LIM,anatomical_structure,4
IXI333,UNesT,0.2.7,BRN-PCU,PCu---precuneus,RIGHT,11616,11616.0,BRN-PAR,cortical_structure,4
IXI333,UNesT,0.2.7,BRN-PCU,PCu---precuneus,LEFT,13619,13619.0,BRN-PAR,cortical_structure,4
IXI333,UNesT,0.2.7,BRN-PARAHIPPOCAMPAL-GYRUS,PHG---parahippocampal-gyrus,RIGHT,4256,4256.0,BRN-LIM,anatomical_structure,4
IXI333,UNesT,0.2.7,BRN-PARAHIPPOCAMPAL-GYRUS,PHG---parahippocampal-gyrus,LEFT,4010,4010.0,BRN-LIM,anatomical_structure,4
IXI333,UNesT,0.2.7,BRN-POSTERIOR-INSULA,PIns--posterior-insula,RIGHT,3798,3798.0,BRN-INS,anatomical_structure,4
IXI333,UNesT,0.2.7,BRN-POSTERIOR-INSULA,PIns--posterior-insula,LEFT,2919,2919.0,BRN-INS,anatomical_structure,4
IXI333,UNesT,0.2.7,BRN-PARIETAL-OPERCULUM,PO----parietal-operculum,RIGHT,3687,3687.0,BRN-PAR,anatomical_structure,4
IXI333,UNesT,0.2.7,BRN-PARIETAL-OPERCULUM,PO----parietal-operculum,LEFT,3341,3341.0,BRN-PAR,anatomical_structure,4
IXI333,UNesT,0.2.7,BRN-POG,MPoG--postcentral-gyrus,RIGHT,14760,14760.0,BRN-PAR,cortical_structure,4
IXI333,UNesT,0.2.7,BRN-POG,MPoG--postcentral-gyrus,LEFT,16800,16800.0,BRN-PAR,cortical_structure,4
IXI333,UNesT,0.2.7,BRN-POSTERIOR-ORBITAL-GYRUS,POrG--posterior-orbital-gyrus,RIGHT,3814,3814.0,BRN-FRO,anatomical_structure,4
IXI333,UNesT,0.2.7,BRN-POSTERIOR-ORBITAL-GYRUS,POrG--posterior-orbital-gyrus,LEFT,4637,4637.0,BRN-FRO,anatomical_structure,4
IXI333,UNesT,0.2.7,BRN-PLANUM-POLARE,PP----planum-polare,RIGHT,3545,3545.0,BRN-TEM,anatomical_structure,4
IXI333,UNesT,0.2.7,BRN-PLANUM-POLARE,PP----planum-polare,LEFT,4023,4023.0,BRN-TEM,anatomical_structure,4
IXI333,UNesT,0.2.7,BRN-PRG,MPrG--precentral-gyrus,RIGHT,19271,19271.0,BRN-FRO,cortical_structure,4
IXI333,UNesT,0.2.7,BRN-PRG,MPrG--precentral-gyrus,LEFT,19901,19901.0,BRN-FRO,cortical_structure,4
IXI333,UNesT,0.2.7,BRN-PLANUM-TEMPORALE,PT----planum-temporale,RIGHT,2749,2749.0,BRN-TEM,anatomical_structure,4
IXI333,UNesT,0.2.7,BRN-PLANUM-TEMPORALE,PT----planum-temporale,LEFT,2328,2328.0,BRN-TEM,anatomical_structure,4
IXI333,UNesT,0.2.7,BRN-SUBCALLOSAL-AREA,SCA---subcallosal-area,RIGHT,1820,1820.0,BRN-LIM,anatomical_structure,4
IXI333,UNesT,0.2.7,BRN-SUBCALLOSAL-AREA,SCA---subcallosal-area,LEFT,1767,1767.0,BRN-LIM,anatomical_structure,4
IXI333,UNesT,0.2.7,BRN-SUPPLEMENTARY-MOTOR-CORTEX,SMC---supplementary-motor-cortex,RIGHT,8429,8429.0,BRN-FRO,anatomical_structure,4
IXI333,UNesT,0.2.7,BRN-SUPPLEMENTARY-MOTOR-CORTEX,SMC---supplementary-motor-cortex,LEFT,8756,8756.0,BRN-FRO,anatomical_structure,4
IXI333,UNesT,0.2.7,BRN-SUPRAMARGINAL-GYRUS,SMG---supramarginal-gyrus,RIGHT,10422,10422.0,BRN-PAR,anatomical_structure,4
IXI333,UNesT,0.2.7,BRN-SUPRAMARGINAL-GYRUS,SMG---supramarginal-gyrus,LEFT,13491,13491.0,BRN-PAR,anatomical_structure,4
IXI333,UNesT,0.2.7,BRN-SUPERIOR-OCCIPITAL-GYRUS,SOG---superior-occipital-gyrus,RIGHT,3436,3436.0,BRN-OCC,anatomical_structure,4
IXI333,UNesT,0.2.7,BRN-SUPERIOR-OCCIPITAL-GYRUS,SOG---superior-occipital-gyrus,LEFT,3893,3893.0,BRN-OCC,anatomical_structure,4
IXI333,UNesT,0.2.7,BRN-SUPERIOR-PARIETAL-LOBULE,SPL---superior-parietal-lobule,RIGHT,16202,16202.0,BRN-CER-COR,anatomical_structure,1
IXI333,UNesT,0.2.7,BRN-SUPERIOR-PARIETAL-LOBULE,SPL---superior-parietal-lobule,LEFT,16044,16044.0,BRN-CER-COR,anatomical_structure,1
IXI333,UNesT,0.2.7,BRN-SUPERIOR-TEMPORAL-GYRUS,STG---superior-temporal-gyrus,RIGHT,11120,11120.0,BRN-TEM,anatomical_structure,4
IXI333,UNesT,0.2.7,BRN-SUPERIOR-TEMPORAL-GYRUS,STG---superior-temporal-gyrus,LEFT,11005,11005.0,BRN-TEM,anatomical_structure,4
IXI333,UNesT,0.2.7,BRN-TEMPORAL-POLE,TMP---temporal-pole,RIGHT,11731,11731.0,BRN-TEM,anatomical_structure,4
IXI333,UNesT,0.2.7,BRN-TEMPORAL-POLE,TMP---temporal-pole,LEFT,10807,10807.0,BRN-TEM,anatomical_structure,4
IXI333,UNesT,0.2.7,BRN-TRIFG-TRIANGULAR-PART-OF-THE-IFG,TrIFG-triangular-part-of-the-IFG,RIGHT,5194,5194.0,BRN-CER-COR,anatomical_structure,1
IXI333,UNesT,0.2.7,BRN-TRIFG-TRIANGULAR-PART-OF-THE-IFG,TrIFG-triangular-part-of-the-IFG,LEFT,4978,4978.0,BRN-CER-COR,anatomical_structure,1
IXI333,UNesT,0.2.7,BRN-TRANSVERSE-TEMPORAL-GYRUS,TTG---transverse-temporal-gyrus,RIGHT,2399,2399.0,BRN-TEM,anatomical_structure,4
IXI333,UNesT,0.2.7,BRN-TRANSVERSE-TEMPORAL-GYRUS,TTG---transverse-temporal-gyrus,LEFT,2365,2365.0,BRN-TEM,anatomical_structure,4
IXI361,UNesT,0.2.7,BRN-3RD-VENTRICLE,3rd-Ventricle,NONE,2202,2202.0,BRN-VEN,anatomical_structure,1
IXI361,UNesT,0.2.7,BRN-4TH-VENTRICLE,4th-Ventricle,NONE,2354,2354.0,BRN-VEN,anatomical_structure,1
IXI361,UNesT,0.2.7,BRN-ACC,Accumbens-Area,RIGHT,568,568.0,BRN-DGM,anatomical_structure,1
IXI361,UNesT,0.2.7,BRN-ACC,Accumbens-Area,LEFT,698,698.0,BRN-DGM,anatomical_structure,1
IXI361,UNesT,0.2.7,BRN-AMY,Amygdala,RIGHT,1488,1488.0,BRN-DGM,deep_gray_matter,1
IXI361,UNesT,0.2.7,BRN-AMY,Amygdala,LEFT,1382,1382.0,BRN-DGM,deep_gray_matter,1
IXI361,UNesT,0.2.7,BRN-BST,Brain-Stem,NONE,25487,25487.0,BRN-BST-GRP,brainstem,1
IXI361,UNesT,0.2.7,BRN-CAU,Caudate,RIGHT,4574,4574.0,BRN-DGM,deep_gray_matter,1
IXI361,UNesT,0.2.7,BRN-CAU,Caudate,LEFT,4465,4465.0,BRN-DGM,deep_gray_matter,1
IXI361,UNesT,0.2.7,BRN-CB-EXT,Cerebellum-Exterior,RIGHT,74707,74707.0,BRN-CBL,anatomical_structure,1
IXI361,UNesT,0.2.7,BRN-CB-EXT,Cerebellum-Exterior,LEFT,74830,74830.0,BRN-CBL,anatomical_structure,1
IXI361,UNesT,0.2.7,BRN-CB-WM,Cerebellum-White-Matter,RIGHT,19369,19369.0,BRN-CBL,anatomical_structure,1
IXI361,UNesT,0.2.7,BRN-CB-WM,Cerebellum-White-Matter,LEFT,19030,19030.0,BRN-CBL,anatomical_structure,1
IXI361,UNesT,0.2.7,BRN-CER-WM,Cerebral-White-Matter,RIGHT,319187,319187.0,BRN-WM,anatomical_structure,1
IXI361,UNesT,0.2.7,BRN-CER-WM,Cerebral-White-Matter,LEFT,301824,301824.0,BRN-WM,anatomical_structure,1
IXI361,UNesT,0.2.7,BRN-HIP,Hippocampus,RIGHT,4859,4859.0,BRN-LIM,deep_gray_matter,1
IXI361,UNesT,0.2.7,BRN-HIP,Hippocampus,LEFT,4693,4693.0,BRN-LIM,deep_gray_matter,1
IXI361,UNesT,0.2.7,BRN-INF-LAT-V,Inf-Lat-Vent,RIGHT,703,703.0,BRN-VEN,anatomical_structure,1
IXI361,UNesT,0.2.7,BRN-INF-LAT-V,Inf-Lat-Vent,LEFT,587,587.0,BRN-VEN,anatomical_structure,1
IXI361,UNesT,0.2.7,BRN-LAT-V,Lateral-Ventricle,RIGHT,7757,7757.0,BRN-VEN,anatomical_structure,1
IXI361,UNesT,0.2.7,BRN-LAT-V,Lateral-Ventricle,LEFT,9744,9744.0,BRN-VEN,anatomical_structure,1
IXI361,UNesT,0.2.7,BRN-PAL,Pallidum,RIGHT,2352,2352.0,BRN-DGM,deep_gray_matter,1
IXI361,UNesT,0.2.7,BRN-PAL,Pallidum,LEFT,2255,2255.0,BRN-DGM,deep_gray_matter,1
IXI361,UNesT,0.2.7,BRN-PUT,Putamen,RIGHT,6248,6248.0,BRN-DGM,deep_gray_matter,1
IXI361,UNesT,0.2.7,BRN-PUT,Putamen,LEFT,6445,6445.0,BRN-DGM,deep_gray_matter,1
IXI361,UNesT,0.2.7,BRN-THA,Thalamus-Proper,RIGHT,9213,9213.0,BRN-DGM,deep_gray_matter,1
IXI361,UNesT,0.2.7,BRN-THA,Thalamus-Proper,LEFT,9742,9742.0,BRN-DGM,deep_gray_matter,1
IXI361,UNesT,0.2.7,BRN-VDC,Ventral-DC,RIGHT,6620,6620.0,BRN-DGM,anatomical_structure,1
IXI361,UNesT,0.2.7,BRN-VDC,Ventral-DC,LEFT,6620,6620.0,BRN-DGM,anatomical_structure,1
IXI361,UNesT,0.2.7,BRN-CEREBELLAR-VERMAL-LOBULES-I-V,Cerebellar-Vermal-Lobules-I-V,NONE,7677,7677.0,BRN-CBL,anatomical_structure,1
IXI361,UNesT,0.2.7,BRN-CEREBELLAR-VERMAL-LOBULES-VI-VII,Cerebellar-Vermal-Lobules-VI-VII,NONE,3391,3391.0,BRN-CBL,anatomical_structure,1
IXI361,UNesT,0.2.7,BRN-CEREBELLAR-VERMAL-LOBULES-VIII-X,Cerebellar-Vermal-Lobules-VIII-X,NONE,3675,3675.0,BRN-CBL,anatomical_structure,1
IXI361,UNesT,0.2.7,BRN-BASAL-FOREBRAIN,Basal-Forebrain,LEFT,814,814.0,BRN-DGM,anatomical_structure,1
IXI361,UNesT,0.2.7,BRN-BASAL-FOREBRAIN,Basal-Forebrain,RIGHT,767,767.0,BRN-DGM,anatomical_structure,1
IXI361,UNesT,0.2.7,BRN-ANTERIOR-CINGULATE-GYRUS,ACgG--anterior-cingulate-gyrus,RIGHT,7600,7600.0,BRN-LIM,anatomical_structure,4
IXI361,UNesT,0.2.7,BRN-ANTERIOR-CINGULATE-GYRUS,ACgG--anterior-cingulate-gyrus,LEFT,7358,7358.0,BRN-LIM,anatomical_structure,4
IXI361,UNesT,0.2.7,BRN-ANTERIOR-INSULA,AIns--anterior-insula,RIGHT,5882,5882.0,BRN-INS,anatomical_structure,4
IXI361,UNesT,0.2.7,BRN-ANTERIOR-INSULA,AIns--anterior-insula,LEFT,6143,6143.0,BRN-INS,anatomical_structure,4
IXI361,UNesT,0.2.7,BRN-ANTERIOR-ORBITAL-GYRUS,AOrG--anterior-orbital-gyrus,RIGHT,3642,3642.0,BRN-FRO,anatomical_structure,4
IXI361,UNesT,0.2.7,BRN-ANTERIOR-ORBITAL-GYRUS,AOrG--anterior-orbital-gyrus,LEFT,2510,2510.0,BRN-FRO,anatomical_structure,4
IXI361,UNesT,0.2.7,BRN-ANGULAR-GYRUS,AnG---angular-gyrus,RIGHT,16435,16435.0,BRN-PAR,anatomical_structure,4
IXI361,UNesT,0.2.7,BRN-ANGULAR-GYRUS,AnG---angular-gyrus,LEFT,15559,15559.0,BRN-PAR,anatomical_structure,4
IXI361,UNesT,0.2.7,BRN-CALCARINE-CORTEX,Calc--calcarine-cortex,RIGHT,4976,4976.0,BRN-OCC,anatomical_structure,4
IXI361,UNesT,0.2.7,BRN-CALCARINE-CORTEX,Calc--calcarine-cortex,LEFT,4892,4892.0,BRN-OCC,anatomical_structure,4
IXI361,UNesT,0.2.7,BRN-CENTRAL-OPERCULUM,CO----central-operculum,RIGHT,5616,5616.0,BRN-CER-COR,anatomical_structure,3
IXI361,UNesT,0.2.7,BRN-CENTRAL-OPERCULUM,CO----central-operculum,LEFT,6343,6343.0,BRN-CER-COR,anatomical_structure,3
IXI361,UNesT,0.2.7,BRN-CUNEUS,Cun---cuneus,RIGHT,5767,5767.0,BRN-CER-COR,anatomical_structure,1
IXI361,UNesT,0.2.7,BRN-CUNEUS,Cun---cuneus,LEFT,6067,6067.0,BRN-CER-COR,anatomical_structure,1
IXI361,UNesT,0.2.7,BRN-ENTORHINAL-AREA,Ent---entorhinal-area,RIGHT,3132,3132.0,BRN-LIM,anatomical_structure,1
IXI361,UNesT,0.2.7,BRN-ENTORHINAL-AREA,Ent---entorhinal-area,LEFT,2873,2873.0,BRN-LIM,anatomical_structure,1
IXI361,UNesT,0.2.7,BRN-FRONTAL-OPERCULUM,FO----frontal-operculum,RIGHT,2159,2159.0,BRN-FRO,anatomical_structure,4
IXI361,UNesT,0.2.7,BRN-FRONTAL-OPERCULUM,FO----frontal-operculum,LEFT,2480,2480.0,BRN-FRO,anatomical_structure,4
IXI361,UNesT,0.2.7,BRN-FRONTAL-POLE,FRP---frontal-pole,RIGHT,5410,5410.0,BRN-FRO,anatomical_structure,4
IXI361,UNesT,0.2.7,BRN-FRONTAL-POLE,FRP---frontal-pole,LEFT,4071,4071.0,BRN-FRO,anatomical_structure,4
IXI361,UNesT,0.2.7,BRN-FUSIFORM-GYRUS,FuG---fusiform-gyrus,RIGHT,9740,9740.0,BRN-TEM,anatomical_structure,4
IXI361,UNesT,0.2.7,BRN-FUSIFORM-GYRUS,FuG---fusiform-gyrus,LEFT,10153,10153.0,BRN-TEM,anatomical_structure,4
IXI361,UNesT,0.2.7,BRN-GYRUS-RECTUS,GRe---gyrus-rectus,RIGHT,2843,2843.0,BRN-FRO,anatomical_structure,4
IXI361,UNesT,0.2.7,BRN-GYRUS-RECTUS,GRe---gyrus-rectus,LEFT,3225,3225.0,BRN-FRO,anatomical_structure,4
IXI361,UNesT,0.2.7,BRN-INFERIOR-OCCIPITAL-GYRUS,IOG---inferior-occipital-gyrus,RIGHT,7316,7316.0,BRN-OCC,anatomical_structure,4
IXI361,UNesT,0.2.7,BRN-INFERIOR-OCCIPITAL-GYRUS,IOG---inferior-occipital-gyrus,LEFT,8527,8527.0,BRN-OCC,anatomical_structure,4
IXI361,UNesT,0.2.7,BRN-INFERIOR-TEMPORAL-GYRUS,ITG---inferior-temporal-gyrus,RIGHT,17654,17654.0,BRN-TEM,anatomical_structure,4
IXI361,UNesT,0.2.7,BRN-INFERIOR-TEMPORAL-GYRUS,ITG---inferior-temporal-gyrus,LEFT,18858,18858.0,BRN-TEM,anatomical_structure,4
IXI361,UNesT,0.2.7,BRN-LINGUAL-GYRUS,LiG---lingual-gyrus,RIGHT,11157,11157.0,BRN-OCC,anatomical_structure,4
IXI361,UNesT,0.2.7,BRN-LINGUAL-GYRUS,LiG---lingual-gyrus,LEFT,12125,12125.0,BRN-OCC,anatomical_structure,4
IXI361,UNesT,0.2.7,BRN-LATERAL-ORBITAL-GYRUS,LOrG--lateral-orbital-gyrus,RIGHT,4588,4588.0,BRN-FRO,anatomical_structure,4
IXI361,UNesT,0.2.7,BRN-LATERAL-ORBITAL-GYRUS,LOrG--lateral-orbital-gyrus,LEFT,4040,4040.0,BRN-FRO,anatomical_structure,4
IXI361,UNesT,0.2.7,BRN-MIDDLE-CINGULATE-GYRUS,MCgG--middle-cingulate-gyrus,RIGHT,6043,6043.0,BRN-LIM,anatomical_structure,4
IXI361,UNesT,0.2.7,BRN-MIDDLE-CINGULATE-GYRUS,MCgG--middle-cingulate-gyrus,LEFT,5650,5650.0,BRN-LIM,anatomical_structure,4
IXI361,UNesT,0.2.7,BRN-MEDIAL-FRONTAL-CORTEX,MFC---medial-frontal-cortex,RIGHT,3212,3212.0,BRN-FRO,anatomical_structure,4
IXI361,UNesT,0.2.7,BRN-MEDIAL-FRONTAL-CORTEX,MFC---medial-frontal-cortex,LEFT,3544,3544.0,BRN-FRO,anatomical_structure,4
IXI361,UNesT,0.2.7,BRN-MIDDLE-FRONTAL-GYRUS,MFG---middle-frontal-gyrus,RIGHT,25718,25718.0,BRN-FRO,anatomical_structure,4
IXI361,UNesT,0.2.7,BRN-MIDDLE-FRONTAL-GYRUS,MFG---middle-frontal-gyrus,LEFT,28500,28500.0,BRN-FRO,anatomical_structure,4
IXI361,UNesT,0.2.7,BRN-MIDDLE-OCCIPITAL-GYRUS,MOG---middle-occipital-gyrus,RIGHT,7220,7220.0,BRN-OCC,anatomical_structure,4
IXI361,UNesT,0.2.7,BRN-MIDDLE-OCCIPITAL-GYRUS,MOG---middle-occipital-gyrus,LEFT,9509,9509.0,BRN-OCC,anatomical_structure,4
IXI361,UNesT,0.2.7,BRN-MEDIAL-ORBITAL-GYRUS,MOrG--medial-orbital-gyrus,RIGHT,5458,5458.0,BRN-FRO,anatomical_structure,4
IXI361,UNesT,0.2.7,BRN-MEDIAL-ORBITAL-GYRUS,MOrG--medial-orbital-gyrus,LEFT,5983,5983.0,BRN-FRO,anatomical_structure,4
IXI361,UNesT,0.2.7,BRN-POG-MED,"Postcentral Gyrus, Medial Segment",RIGHT,2153,2153.0,BRN-PAR,cortical_subregion,4
IXI361,UNesT,0.2.7,BRN-POG-MED,"Postcentral Gyrus, Medial Segment",LEFT,2416,2416.0,BRN-PAR,cortical_subregion,4
IXI361,UNesT,0.2.7,BRN-PRG-MED,"Precentral Gyrus, Medial Segment",RIGHT,4541,4541.0,BRN-FRO,cortical_subregion,4
IXI361,UNesT,0.2.7,BRN-PRG-MED,"Precentral Gyrus, Medial Segment",LEFT,4695,4695.0,BRN-FRO,cortical_subregion,4
IXI361,UNesT,0.2.7,BRN-SUPERIOR-FRONTAL-GYRUS,MSFG--superior-frontal-gyrus,RIGHT,33824,33824.0,BRN-FRO,anatomical_structure,4
IXI361,UNesT,0.2.7,BRN-SUPERIOR-FRONTAL-GYRUS,MSFG--superior-frontal-gyrus,LEFT,28425,28425.0,BRN-FRO,anatomical_structure,4
IXI361,UNesT,0.2.7,BRN-MIDDLE-TEMPORAL-GYRUS,MTG---middle-temporal-gyrus,RIGHT,17749,17749.0,BRN-TEM,anatomical_structure,4
IXI361,UNesT,0.2.7,BRN-MIDDLE-TEMPORAL-GYRUS,MTG---middle-temporal-gyrus,LEFT,19829,19829.0,BRN-TEM,anatomical_structure,4
IXI361,UNesT,0.2.7,BRN-OCCIPITAL-POLE,OCP---occipital-pole,RIGHT,4491,4491.0,BRN-OCC,anatomical_structure,4
IXI361,UNesT,0.2.7,BRN-OCCIPITAL-POLE,OCP---occipital-pole,LEFT,6215,6215.0,BRN-OCC,anatomical_structure,4
IXI361,UNesT,0.2.7,BRN-OCCIPITAL-FUSIFORM-GYRUS,OFuG--occipital-fusiform-gyrus,RIGHT,5568,5568.0,BRN-OCC,anatomical_structure,4
IXI361,UNesT,0.2.7,BRN-OCCIPITAL-FUSIFORM-GYRUS,OFuG--occipital-fusiform-gyrus,LEFT,6671,6671.0,BRN-OCC,anatomical_structure,4
IXI361,UNesT,0.2.7,BRN-OPIFG-OPERCULAR-PART-OF-THE-IFG,OpIFG-opercular-part-of-the-IFG,RIGHT,4103,4103.0,BRN-CER-COR,anatomical_structure,1
IXI361,UNesT,0.2.7,BRN-OPIFG-OPERCULAR-PART-OF-THE-IFG,OpIFG-opercular-part-of-the-IFG,LEFT,3842,3842.0,BRN-CER-COR,anatomical_structure,1
IXI361,UNesT,0.2.7,BRN-ORIFG-ORBITAL-PART-OF-THE-IFG,OrIFG-orbital-part-of-the-IFG,RIGHT,3137,3137.0,BRN-CER-COR,anatomical_structure,1
IXI361,UNesT,0.2.7,BRN-ORIFG-ORBITAL-PART-OF-THE-IFG,OrIFG-orbital-part-of-the-IFG,LEFT,2747,2747.0,BRN-CER-COR,anatomical_structure,1
IXI361,UNesT,0.2.7,BRN-POSTERIOR-CINGULATE-GYRUS,PCgG--posterior-cingulate-gyrus,RIGHT,5972,5972.0,BRN-LIM,anatomical_structure,4
IXI361,UNesT,0.2.7,BRN-POSTERIOR-CINGULATE-GYRUS,PCgG--posterior-cingulate-gyrus,LEFT,6423,6423.0,BRN-LIM,anatomical_structure,4
IXI361,UNesT,0.2.7,BRN-PCU,PCu---precuneus,RIGHT,15630,15630.0,BRN-PAR,cortical_structure,4
IXI361,UNesT,0.2.7,BRN-PCU,PCu---precuneus,LEFT,15506,15506.0,BRN-PAR,cortical_structure,4
IXI361,UNesT,0.2.7,BRN-PARAHIPPOCAMPAL-GYRUS,PHG---parahippocampal-gyrus,RIGHT,3954,3954.0,BRN-LIM,anatomical_structure,4
IXI361,UNesT,0.2.7,BRN-PARAHIPPOCAMPAL-GYRUS,PHG---parahippocampal-gyrus,LEFT,4205,4205.0,BRN-LIM,anatomical_structure,4
IXI361,UNesT,0.2.7,BRN-POSTERIOR-INSULA,PIns--posterior-insula,RIGHT,3219,3219.0,BRN-INS,anatomical_structure,4
IXI361,UNesT,0.2.7,BRN-POSTERIOR-INSULA,PIns--posterior-insula,LEFT,3240,3240.0,BRN-INS,anatomical_structure,4
IXI361,UNesT,0.2.7,BRN-PARIETAL-OPERCULUM,PO----parietal-operculum,RIGHT,2897,2897.0,BRN-PAR,anatomical_structure,4
IXI361,UNesT,0.2.7,BRN-PARIETAL-OPERCULUM,PO----parietal-operculum,LEFT,4255,4255.0,BRN-PAR,anatomical_structure,4
IXI361,UNesT,0.2.7,BRN-POG,MPoG--postcentral-gyrus,RIGHT,16105,16105.0,BRN-PAR,cortical_structure,4
IXI361,UNesT,0.2.7,BRN-POG,MPoG--postcentral-gyrus,LEFT,19151,19151.0,BRN-PAR,cortical_structure,4
IXI361,UNesT,0.2.7,BRN-POSTERIOR-ORBITAL-GYRUS,POrG--posterior-orbital-gyrus,RIGHT,4181,4181.0,BRN-FRO,anatomical_structure,4
IXI361,UNesT,0.2.7,BRN-POSTERIOR-ORBITAL-GYRUS,POrG--posterior-orbital-gyrus,LEFT,4431,4431.0,BRN-FRO,anatomical_structure,4
IXI361,UNesT,0.2.7,BRN-PLANUM-POLARE,PP----planum-polare,RIGHT,2574,2574.0,BRN-TEM,anatomical_structure,4
IXI361,UNesT,0.2.7,BRN-PLANUM-POLARE,PP----planum-polare,LEFT,3178,3178.0,BRN-TEM,anatomical_structure,4
IXI361,UNesT,0.2.7,BRN-PRG,MPrG--precentral-gyrus,RIGHT,17262,17262.0,BRN-FRO,cortical_structure,4
IXI361,UNesT,0.2.7,BRN-PRG,MPrG--precentral-gyrus,LEFT,19731,19731.0,BRN-FRO,cortical_structure,4
IXI361,UNesT,0.2.7,BRN-PLANUM-TEMPORALE,PT----planum-temporale,RIGHT,2433,2433.0,BRN-TEM,anatomical_structure,4
IXI361,UNesT,0.2.7,BRN-PLANUM-TEMPORALE,PT----planum-temporale,LEFT,3494,3494.0,BRN-TEM,anatomical_structure,4
IXI361,UNesT,0.2.7,BRN-SUBCALLOSAL-AREA,SCA---subcallosal-area,RIGHT,1499,1499.0,BRN-LIM,anatomical_structure,4
IXI361,UNesT,0.2.7,BRN-SUBCALLOSAL-AREA,SCA---subcallosal-area,LEFT,1386,1386.0,BRN-LIM,anatomical_structure,4
IXI361,UNesT,0.2.7,BRN-SUPPLEMENTARY-MOTOR-CORTEX,SMC---supplementary-motor-cortex,RIGHT,6433,6433.0,BRN-FRO,anatomical_structure,4
IXI361,UNesT,0.2.7,BRN-SUPPLEMENTARY-MOTOR-CORTEX,SMC---supplementary-motor-cortex,LEFT,7532,7532.0,BRN-FRO,anatomical_structure,4
IXI361,UNesT,0.2.7,BRN-SUPRAMARGINAL-GYRUS,SMG---supramarginal-gyrus,RIGHT,11945,11945.0,BRN-PAR,anatomical_structure,4
IXI361,UNesT,0.2.7,BRN-SUPRAMARGINAL-GYRUS,SMG---supramarginal-gyrus,LEFT,13164,13164.0,BRN-PAR,anatomical_structure,4
IXI361,UNesT,0.2.7,BRN-SUPERIOR-OCCIPITAL-GYRUS,SOG---superior-occipital-gyrus,RIGHT,6236,6236.0,BRN-OCC,anatomical_structure,4
IXI361,UNesT,0.2.7,BRN-SUPERIOR-OCCIPITAL-GYRUS,SOG---superior-occipital-gyrus,LEFT,4843,4843.0,BRN-OCC,anatomical_structure,4
IXI361,UNesT,0.2.7,BRN-SUPERIOR-PARIETAL-LOBULE,SPL---superior-parietal-lobule,RIGHT,15962,15962.0,BRN-CER-COR,anatomical_structure,1
IXI361,UNesT,0.2.7,BRN-SUPERIOR-PARIETAL-LOBULE,SPL---superior-parietal-lobule,LEFT,17166,17166.0,BRN-CER-COR,anatomical_structure,1
IXI361,UNesT,0.2.7,BRN-SUPERIOR-TEMPORAL-GYRUS,STG---superior-temporal-gyrus,RIGHT,10073,10073.0,BRN-TEM,anatomical_structure,4
IXI361,UNesT,0.2.7,BRN-SUPERIOR-TEMPORAL-GYRUS,STG---superior-temporal-gyrus,LEFT,10789,10789.0,BRN-TEM,anatomical_structure,4
IXI361,UNesT,0.2.7,BRN-TEMPORAL-POLE,TMP---temporal-pole,RIGHT,11598,11598.0,BRN-TEM,anatomical_structure,4
IXI361,UNesT,0.2.7,BRN-TEMPORAL-POLE,TMP---temporal-pole,LEFT,11537,11537.0,BRN-TEM,anatomical_structure,4
IXI361,UNesT,0.2.7,BRN-TRIFG-TRIANGULAR-PART-OF-THE-IFG,TrIFG-triangular-part-of-the-IFG,RIGHT,4105,4105.0,BRN-CER-COR,anatomical_structure,1
IXI361,UNesT,0.2.7,BRN-TRIFG-TRIANGULAR-PART-OF-THE-IFG,TrIFG-triangular-part-of-the-IFG,LEFT,5047,5047.0,BRN-CER-COR,anatomical_structure,1
IXI361,UNesT,0.2.7,BRN-TRANSVERSE-TEMPORAL-GYRUS,TTG---transverse-temporal-gyrus,RIGHT,2514,2514.0,BRN-TEM,anatomical_structure,4
IXI361,UNesT,0.2.7,BRN-TRANSVERSE-TEMPORAL-GYRUS,TTG---transverse-temporal-gyrus,LEFT,2248,2248.0,BRN-TEM,anatomical_structure,4
IXI311,UNesT,0.2.7,BRN-3RD-VENTRICLE,3rd-Ventricle,NONE,5073,5073.0,BRN-VEN,anatomical_structure,1
IXI311,UNesT,0.2.7,BRN-4TH-VENTRICLE,4th-Ventricle,NONE,1996,1996.0,BRN-VEN,anatomical_structure,1
IXI311,UNesT,0.2.7,BRN-ACC,Accumbens-Area,RIGHT,468,468.0,BRN-DGM,anatomical_structure,1
IXI311,UNesT,0.2.7,BRN-ACC,Accumbens-Area,LEFT,618,618.0,BRN-DGM,anatomical_structure,1
IXI311,UNesT,0.2.7,BRN-AMY,Amygdala,RIGHT,1518,1518.0,BRN-DGM,deep_gray_matter,1
IXI311,UNesT,0.2.7,BRN-AMY,Amygdala,LEFT,1430,1430.0,BRN-DGM,deep_gray_matter,1
IXI311,UNesT,0.2.7,BRN-BST,Brain-Stem,NONE,25760,25760.0,BRN-BST-GRP,brainstem,1
IXI311,UNesT,0.2.7,BRN-CAU,Caudate,RIGHT,3746,3746.0,BRN-DGM,deep_gray_matter,1
IXI311,UNesT,0.2.7,BRN-CAU,Caudate,LEFT,3776,3776.0,BRN-DGM,deep_gray_matter,1
IXI311,UNesT,0.2.7,BRN-CB-EXT,Cerebellum-Exterior,RIGHT,74581,74581.0,BRN-CBL,anatomical_structure,1
IXI311,UNesT,0.2.7,BRN-CB-EXT,Cerebellum-Exterior,LEFT,71260,71260.0,BRN-CBL,anatomical_structure,1
IXI311,UNesT,0.2.7,BRN-CB-WM,Cerebellum-White-Matter,RIGHT,17738,17738.0,BRN-CBL,anatomical_structure,1
IXI311,UNesT,0.2.7,BRN-CB-WM,Cerebellum-White-Matter,LEFT,17270,17270.0,BRN-CBL,anatomical_structure,1
IXI311,UNesT,0.2.7,BRN-CER-WM,Cerebral-White-Matter,RIGHT,291622,291622.0,BRN-WM,anatomical_structure,1
IXI311,UNesT,0.2.7,BRN-CER-WM,Cerebral-White-Matter,LEFT,256380,256380.0,BRN-WM,anatomical_structure,1
IXI311,UNesT,0.2.7,BRN-HIP,Hippocampus,RIGHT,5382,5382.0,BRN-LIM,deep_gray_matter,1
IXI311,UNesT,0.2.7,BRN-HIP,Hippocampus,LEFT,5285,5285.0,BRN-LIM,deep_gray_matter,1
IXI311,UNesT,0.2.7,BRN-INF-LAT-V,Inf-Lat-Vent,RIGHT,1062,1062.0,BRN-VEN,anatomical_structure,1
IXI311,UNesT,0.2.7,BRN-INF-LAT-V,Inf-Lat-Vent,LEFT,958,958.0,BRN-VEN,anatomical_structure,1
IXI311,UNesT,0.2.7,BRN-LAT-V,Lateral-Ventricle,RIGHT,20812,20812.0,BRN-VEN,anatomical_structure,1
IXI311,UNesT,0.2.7,BRN-LAT-V,Lateral-Ventricle,LEFT,22037,22037.0,BRN-VEN,anatomical_structure,1
IXI311,UNesT,0.2.7,BRN-PAL,Pallidum,RIGHT,2259,2259.0,BRN-DGM,deep_gray_matter,1
IXI311,UNesT,0.2.7,BRN-PAL,Pallidum,LEFT,2078,2078.0,BRN-DGM,deep_gray_matter,1
IXI311,UNesT,0.2.7,BRN-PUT,Putamen,RIGHT,5626,5626.0,BRN-DGM,deep_gray_matter,1
IXI311,UNesT,0.2.7,BRN-PUT,Putamen,LEFT,6112,6112.0,BRN-DGM,deep_gray_matter,1
IXI311,UNesT,0.2.7,BRN-THA,Thalamus-Proper,RIGHT,10249,10249.0,BRN-DGM,deep_gray_matter,1
IXI311,UNesT,0.2.7,BRN-THA,Thalamus-Proper,LEFT,10779,10779.0,BRN-DGM,deep_gray_matter,1
IXI311,UNesT,0.2.7,BRN-VDC,Ventral-DC,RIGHT,7086,7086.0,BRN-DGM,anatomical_structure,1
IXI311,UNesT,0.2.7,BRN-VDC,Ventral-DC,LEFT,7210,7210.0,BRN-DGM,anatomical_structure,1
IXI311,UNesT,0.2.7,BRN-CEREBELLAR-VERMAL-LOBULES-I-V,Cerebellar-Vermal-Lobules-I-V,NONE,8147,8147.0,BRN-CBL,anatomical_structure,1
IXI311,UNesT,0.2.7,BRN-CEREBELLAR-VERMAL-LOBULES-VI-VII,Cerebellar-Vermal-Lobules-VI-VII,NONE,3677,3677.0,BRN-CBL,anatomical_structure,1
IXI311,UNesT,0.2.7,BRN-CEREBELLAR-VERMAL-LOBULES-VIII-X,Cerebellar-Vermal-Lobules-VIII-X,NONE,4513,4513.0,BRN-CBL,anatomical_structure,1
IXI311,UNesT,0.2.7,BRN-BASAL-FOREBRAIN,Basal-Forebrain,LEFT,692,692.0,BRN-DGM,anatomical_structure,1
IXI311,UNesT,0.2.7,BRN-BASAL-FOREBRAIN,Basal-Forebrain,RIGHT,648,648.0,BRN-DGM,anatomical_structure,1
IXI311,UNesT,0.2.7,BRN-ANTERIOR-CINGULATE-GYRUS,ACgG--anterior-cingulate-gyrus,RIGHT,6002,6002.0,BRN-LIM,anatomical_structure,4
IXI311,UNesT,0.2.7,BRN-ANTERIOR-CINGULATE-GYRUS,ACgG--anterior-cingulate-gyrus,LEFT,8083,8083.0,BRN-LIM,anatomical_structure,4
IXI311,UNesT,0.2.7,BRN-ANTERIOR-INSULA,AIns--anterior-insula,RIGHT,5610,5610.0,BRN-INS,anatomical_structure,4
IXI311,UNesT,0.2.7,BRN-ANTERIOR-INSULA,AIns--anterior-insula,LEFT,6554,6554.0,BRN-INS,anatomical_structure,4
IXI311,UNesT,0.2.7,BRN-ANTERIOR-ORBITAL-GYRUS,AOrG--anterior-orbital-gyrus,RIGHT,2973,2973.0,BRN-FRO,anatomical_structure,4
IXI311,UNesT,0.2.7,BRN-ANTERIOR-ORBITAL-GYRUS,AOrG--anterior-orbital-gyrus,LEFT,2746,2746.0,BRN-FRO,anatomical_structure,4
IXI311,UNesT,0.2.7,BRN-ANGULAR-GYRUS,AnG---angular-gyrus,RIGHT,14654,14654.0,BRN-PAR,anatomical_structure,4
IXI311,UNesT,0.2.7,BRN-ANGULAR-GYRUS,AnG---angular-gyrus,LEFT,14076,14076.0,BRN-PAR,anatomical_structure,4
IXI311,UNesT,0.2.7,BRN-CALCARINE-CORTEX,Calc--calcarine-cortex,RIGHT,4548,4548.0,BRN-OCC,anatomical_structure,4
IXI311,UNesT,0.2.7,BRN-CALCARINE-CORTEX,Calc--calcarine-cortex,LEFT,6108,6108.0,BRN-OCC,anatomical_structure,4
IXI311,UNesT,0.2.7,BRN-CENTRAL-OPERCULUM,CO----central-operculum,RIGHT,5131,5131.0,BRN-CER-COR,anatomical_structure,3
IXI311,UNesT,0.2.7,BRN-CENTRAL-OPERCULUM,CO----central-operculum,LEFT,6910,6910.0,BRN-CER-COR,anatomical_structure,3
IXI311,UNesT,0.2.7,BRN-CUNEUS,Cun---cuneus,RIGHT,7673,7673.0,BRN-CER-COR,anatomical_structure,1
IXI311,UNesT,0.2.7,BRN-CUNEUS,Cun---cuneus,LEFT,6281,6281.0,BRN-CER-COR,anatomical_structure,1
IXI311,UNesT,0.2.7,BRN-ENTORHINAL-AREA,Ent---entorhinal-area,RIGHT,4028,4028.0,BRN-LIM,anatomical_structure,1
IXI311,UNesT,0.2.7,BRN-ENTORHINAL-AREA,Ent---entorhinal-area,LEFT,3456,3456.0,BRN-LIM,anatomical_structure,1
IXI311,UNesT,0.2.7,BRN-FRONTAL-OPERCULUM,FO----frontal-operculum,RIGHT,2354,2354.0,BRN-FRO,anatomical_structure,4
IXI311,UNesT,0.2.7,BRN-FRONTAL-OPERCULUM,FO----frontal-operculum,LEFT,2750,2750.0,BRN-FRO,anatomical_structure,4
IXI311,UNesT,0.2.7,BRN-FRONTAL-POLE,FRP---frontal-pole,RIGHT,4579,4579.0,BRN-FRO,anatomical_structure,4
IXI311,UNesT,0.2.7,BRN-FRONTAL-POLE,FRP---frontal-pole,LEFT,4726,4726.0,BRN-FRO,anatomical_structure,4
IXI311,UNesT,0.2.7,BRN-FUSIFORM-GYRUS,FuG---fusiform-gyrus,RIGHT,11588,11588.0,BRN-TEM,anatomical_structure,4
IXI311,UNesT,0.2.7,BRN-FUSIFORM-GYRUS,FuG---fusiform-gyrus,LEFT,12846,12846.0,BRN-TEM,anatomical_structure,4
IXI311,UNesT,0.2.7,BRN-GYRUS-RECTUS,GRe---gyrus-rectus,RIGHT,2760,2760.0,BRN-FRO,anatomical_structure,4
IXI311,UNesT,0.2.7,BRN-GYRUS-RECTUS,GRe---gyrus-rectus,LEFT,3172,3172.0,BRN-FRO,anatomical_structure,4
IXI311,UNesT,0.2.7,BRN-INFERIOR-OCCIPITAL-GYRUS,IOG---inferior-occipital-gyrus,RIGHT,9776,9776.0,BRN-OCC,anatomical_structure,4
IXI311,UNesT,0.2.7,BRN-INFERIOR-OCCIPITAL-GYRUS,IOG---inferior-occipital-gyrus,LEFT,10080,10080.0,BRN-OCC,anatomical_structure,4
IXI311,UNesT,0.2.7,BRN-INFERIOR-TEMPORAL-GYRUS,ITG---inferior-temporal-gyrus,RIGHT,19562,19562.0,BRN-TEM,anatomical_structure,4
IXI311,UNesT,0.2.7,BRN-INFERIOR-TEMPORAL-GYRUS,ITG---inferior-temporal-gyrus,LEFT,22233,22233.0,BRN-TEM,anatomical_structure,4
IXI311,UNesT,0.2.7,BRN-LINGUAL-GYRUS,LiG---lingual-gyrus,RIGHT,13925,13925.0,BRN-OCC,anatomical_structure,4
IXI311,UNesT,0.2.7,BRN-LINGUAL-GYRUS,LiG---lingual-gyrus,LEFT,13329,13329.0,BRN-OCC,anatomical_structure,4
IXI311,UNesT,0.2.7,BRN-LATERAL-ORBITAL-GYRUS,LOrG--lateral-orbital-gyrus,RIGHT,3099,3099.0,BRN-FRO,anatomical_structure,4
IXI311,UNesT,0.2.7,BRN-LATERAL-ORBITAL-GYRUS,LOrG--lateral-orbital-gyrus,LEFT,3662,3662.0,BRN-FRO,anatomical_structure,4
IXI311,UNesT,0.2.7,BRN-MIDDLE-CINGULATE-GYRUS,MCgG--middle-cingulate-gyrus,RIGHT,7823,7823.0,BRN-LIM,anatomical_structure,4
IXI311,UNesT,0.2.7,BRN-MIDDLE-CINGULATE-GYRUS,MCgG--middle-cingulate-gyrus,LEFT,7910,7910.0,BRN-LIM,anatomical_structure,4
IXI311,UNesT,0.2.7,BRN-MEDIAL-FRONTAL-CORTEX,MFC---medial-frontal-cortex,RIGHT,2496,2496.0,BRN-FRO,anatomical_structure,4
IXI311,UNesT,0.2.7,BRN-MEDIAL-FRONTAL-CORTEX,MFC---medial-frontal-cortex,LEFT,3094,3094.0,BRN-FRO,anatomical_structure,4
IXI311,UNesT,0.2.7,BRN-MIDDLE-FRONTAL-GYRUS,MFG---middle-frontal-gyrus,RIGHT,30933,30933.0,BRN-FRO,anatomical_structure,4
IXI311,UNesT,0.2.7,BRN-MIDDLE-FRONTAL-GYRUS,MFG---middle-frontal-gyrus,LEFT,32374,32374.0,BRN-FRO,anatomical_structure,4
IXI311,UNesT,0.2.7,BRN-MIDDLE-OCCIPITAL-GYRUS,MOG---middle-occipital-gyrus,RIGHT,6744,6744.0,BRN-OCC,anatomical_structure,4
IXI311,UNesT,0.2.7,BRN-MIDDLE-OCCIPITAL-GYRUS,MOG---middle-occipital-gyrus,LEFT,8442,8442.0,BRN-OCC,anatomical_structure,4
IXI311,UNesT,0.2.7,BRN-MEDIAL-ORBITAL-GYRUS,MOrG--medial-orbital-gyrus,RIGHT,5955,5955.0,BRN-FRO,anatomical_structure,4
IXI311,UNesT,0.2.7,BRN-MEDIAL-ORBITAL-GYRUS,MOrG--medial-orbital-gyrus,LEFT,6570,6570.0,BRN-FRO,anatomical_structure,4
IXI311,UNesT,0.2.7,BRN-POG-MED,"Postcentral Gyrus, Medial Segment",RIGHT,1445,1445.0,BRN-PAR,cortical_subregion,4
IXI311,UNesT,0.2.7,BRN-POG-MED,"Postcentral Gyrus, Medial Segment",LEFT,1913,1913.0,BRN-PAR,cortical_subregion,4
IXI311,UNesT,0.2.7,BRN-PRG-MED,"Precentral Gyrus, Medial Segment",RIGHT,4867,4867.0,BRN-FRO,cortical_subregion,4
IXI311,UNesT,0.2.7,BRN-PRG-MED,"Precentral Gyrus, Medial Segment",LEFT,3381,3381.0,BRN-FRO,cortical_subregion,4
IXI311,UNesT,0.2.7,BRN-SUPERIOR-FRONTAL-GYRUS,MSFG--superior-frontal-gyrus,RIGHT,33752,33752.0,BRN-FRO,anatomical_structure,4
IXI311,UNesT,0.2.7,BRN-SUPERIOR-FRONTAL-GYRUS,MSFG--superior-frontal-gyrus,LEFT,30768,30768.0,BRN-FRO,anatomical_structure,4
IXI311,UNesT,0.2.7,BRN-MIDDLE-TEMPORAL-GYRUS,MTG---middle-temporal-gyrus,RIGHT,21817,21817.0,BRN-TEM,anatomical_structure,4
IXI311,UNesT,0.2.7,BRN-MIDDLE-TEMPORAL-GYRUS,MTG---middle-temporal-gyrus,LEFT,18820,18820.0,BRN-TEM,anatomical_structure,4
IXI311,UNesT,0.2.7,BRN-OCCIPITAL-POLE,OCP---occipital-pole,RIGHT,4577,4577.0,BRN-OCC,anatomical_structure,4
IXI311,UNesT,0.2.7,BRN-OCCIPITAL-POLE,OCP---occipital-pole,LEFT,4937,4937.0,BRN-OCC,anatomical_structure,4
IXI311,UNesT,0.2.7,BRN-OCCIPITAL-FUSIFORM-GYRUS,OFuG--occipital-fusiform-gyrus,RIGHT,7509,7509.0,BRN-OCC,anatomical_structure,4
IXI311,UNesT,0.2.7,BRN-OCCIPITAL-FUSIFORM-GYRUS,OFuG--occipital-fusiform-gyrus,LEFT,7142,7142.0,BRN-OCC,anatomical_structure,4
IXI311,UNesT,0.2.7,BRN-OPIFG-OPERCULAR-PART-OF-THE-IFG,OpIFG-opercular-part-of-the-IFG,RIGHT,4460,4460.0,BRN-CER-COR,anatomical_structure,1
IXI311,UNesT,0.2.7,BRN-OPIFG-OPERCULAR-PART-OF-THE-IFG,OpIFG-opercular-part-of-the-IFG,LEFT,3849,3849.0,BRN-CER-COR,anatomical_structure,1
IXI311,UNesT,0.2.7,BRN-ORIFG-ORBITAL-PART-OF-THE-IFG,OrIFG-orbital-part-of-the-IFG,RIGHT,2043,2043.0,BRN-CER-COR,anatomical_structure,1
IXI311,UNesT,0.2.7,BRN-ORIFG-ORBITAL-PART-OF-THE-IFG,OrIFG-orbital-part-of-the-IFG,LEFT,2499,2499.0,BRN-CER-COR,anatomical_structure,1
IXI311,UNesT,0.2.7,BRN-POSTERIOR-CINGULATE-GYRUS,PCgG--posterior-cingulate-gyrus,RIGHT,7001,7001.0,BRN-LIM,anatomical_structure,4
IXI311,UNesT,0.2.7,BRN-POSTERIOR-CINGULATE-GYRUS,PCgG--posterior-cingulate-gyrus,LEFT,6635,6635.0,BRN-LIM,anatomical_structure,4
IXI311,UNesT,0.2.7,BRN-PCU,PCu---precuneus,RIGHT,15558,15558.0,BRN-PAR,cortical_structure,4
IXI311,UNesT,0.2.7,BRN-PCU,PCu---precuneus,LEFT,16904,16904.0,BRN-PAR,cortical_structure,4
IXI311,UNesT,0.2.7,BRN-PARAHIPPOCAMPAL-GYRUS,PHG---parahippocampal-gyrus,RIGHT,3335,3335.0,BRN-LIM,anatomical_structure,4
IXI311,UNesT,0.2.7,BRN-PARAHIPPOCAMPAL-GYRUS,PHG---parahippocampal-gyrus,LEFT,4152,4152.0,BRN-LIM,anatomical_structure,4
IXI311,UNesT,0.2.7,BRN-POSTERIOR-INSULA,PIns--posterior-insula,RIGHT,3589,3589.0,BRN-INS,anatomical_structure,4
IXI311,UNesT,0.2.7,BRN-POSTERIOR-INSULA,PIns--posterior-insula,LEFT,3397,3397.0,BRN-INS,anatomical_structure,4
IXI311,UNesT,0.2.7,BRN-PARIETAL-OPERCULUM,PO----parietal-operculum,RIGHT,3552,3552.0,BRN-PAR,anatomical_structure,4
IXI311,UNesT,0.2.7,BRN-PARIETAL-OPERCULUM,PO----parietal-operculum,LEFT,3566,3566.0,BRN-PAR,anatomical_structure,4
IXI311,UNesT,0.2.7,BRN-POG,MPoG--postcentral-gyrus,RIGHT,18430,18430.0,BRN-PAR,cortical_structure,4
IXI311,UNesT,0.2.7,BRN-POG,MPoG--postcentral-gyrus,LEFT,21300,21300.0,BRN-PAR,cortical_structure,4
IXI311,UNesT,0.2.7,BRN-POSTERIOR-ORBITAL-GYRUS,POrG--posterior-orbital-gyrus,RIGHT,4759,4759.0,BRN-FRO,anatomical_structure,4
IXI311,UNesT,0.2.7,BRN-POSTERIOR-ORBITAL-GYRUS,POrG--posterior-orbital-gyrus,LEFT,5354,5354.0,BRN-FRO,anatomical_structure,4
IXI311,UNesT,0.2.7,BRN-PLANUM-POLARE,PP----planum-polare,RIGHT,2674,2674.0,BRN-TEM,anatomical_structure,4
IXI311,UNesT,0.2.7,BRN-PLANUM-POLARE,PP----planum-polare,LEFT,3554,3554.0,BRN-TEM,anatomical_structure,4
IXI311,UNesT,0.2.7,BRN-PRG,MPrG--precentral-gyrus,RIGHT,23851,23851.0,BRN-FRO,cortical_structure,4
IXI311,UNesT,0.2.7,BRN-PRG,MPrG--precentral-gyrus,LEFT,28813,28813.0,BRN-FRO,cortical_structure,4
IXI311,UNesT,0.2.7,BRN-PLANUM-TEMPORALE,PT----planum-temporale,RIGHT,2034,2034.0,BRN-TEM,anatomical_structure,4
IXI311,UNesT,0.2.7,BRN-PLANUM-TEMPORALE,PT----planum-temporale,LEFT,1824,1824.0,BRN-TEM,anatomical_structure,4
IXI311,UNesT,0.2.7,BRN-SUBCALLOSAL-AREA,SCA---subcallosal-area,RIGHT,1669,1669.0,BRN-LIM,anatomical_structure,4
IXI311,UNesT,0.2.7,BRN-SUBCALLOSAL-AREA,SCA---subcallosal-area,LEFT,1984,1984.0,BRN-LIM,anatomical_structure,4
IXI311,UNesT,0.2.7,BRN-SUPPLEMENTARY-MOTOR-CORTEX,SMC---supplementary-motor-cortex,RIGHT,8618,8618.0,BRN-FRO,anatomical_structure,4
IXI311,UNesT,0.2.7,BRN-SUPPLEMENTARY-MOTOR-CORTEX,SMC---supplementary-motor-cortex,LEFT,9128,9128.0,BRN-FRO,anatomical_structure,4
IXI311,UNesT,0.2.7,BRN-SUPRAMARGINAL-GYRUS,SMG---supramarginal-gyrus,RIGHT,13755,13755.0,BRN-PAR,anatomical_structure,4
IXI311,UNesT,0.2.7,BRN-SUPRAMARGINAL-GYRUS,SMG---supramarginal-gyrus,LEFT,12988,12988.0,BRN-PAR,anatomical_structure,4
IXI311,UNesT,0.2.7,BRN-SUPERIOR-OCCIPITAL-GYRUS,SOG---superior-occipital-gyrus,RIGHT,7619,7619.0,BRN-OCC,anatomical_structure,4
IXI311,UNesT,0.2.7,BRN-SUPERIOR-OCCIPITAL-GYRUS,SOG---superior-occipital-gyrus,LEFT,4859,4859.0,BRN-OCC,anatomical_structure,4
IXI311,UNesT,0.2.7,BRN-SUPERIOR-PARIETAL-LOBULE,SPL---superior-parietal-lobule,RIGHT,18204,18204.0,BRN-CER-COR,anatomical_structure,1
IXI311,UNesT,0.2.7,BRN-SUPERIOR-PARIETAL-LOBULE,SPL---superior-parietal-lobule,LEFT,21487,21487.0,BRN-CER-COR,anatomical_structure,1
IXI311,UNesT,0.2.7,BRN-SUPERIOR-TEMPORAL-GYRUS,STG---superior-temporal-gyrus,RIGHT,9591,9591.0,BRN-TEM,anatomical_structure,4
IXI311,UNesT,0.2.7,BRN-SUPERIOR-TEMPORAL-GYRUS,STG---superior-temporal-gyrus,LEFT,11406,11406.0,BRN-TEM,anatomical_structure,4
IXI311,UNesT,0.2.7,BRN-TEMPORAL-POLE,TMP---temporal-pole,RIGHT,10599,10599.0,BRN-TEM,anatomical_structure,4
IXI311,UNesT,0.2.7,BRN-TEMPORAL-POLE,TMP---temporal-pole,LEFT,10728,10728.0,BRN-TEM,anatomical_structure,4
IXI311,UNesT,0.2.7,BRN-TRIFG-TRIANGULAR-PART-OF-THE-IFG,TrIFG-triangular-part-of-the-IFG,RIGHT,5016,5016.0,BRN-CER-COR,anatomical_structure,1
IXI311,UNesT,0.2.7,BRN-TRIFG-TRIANGULAR-PART-OF-THE-IFG,TrIFG-triangular-part-of-the-IFG,LEFT,5017,5017.0,BRN-CER-COR,anatomical_structure,1
IXI311,UNesT,0.2.7,BRN-TRANSVERSE-TEMPORAL-GYRUS,TTG---transverse-temporal-gyrus,RIGHT,2291,2291.0,BRN-TEM,anatomical_structure,4
IXI311,UNesT,0.2.7,BRN-TRANSVERSE-TEMPORAL-GYRUS,TTG---transverse-temporal-gyrus,LEFT,2164,2164.0,BRN-TEM,anatomical_structure,4
IXI325,UNesT,0.2.7,BRN-3RD-VENTRICLE,3rd-Ventricle,NONE,2267,2267.0,BRN-VEN,anatomical_structure,1
IXI325,UNesT,0.2.7,BRN-4TH-VENTRICLE,4th-Ventricle,NONE,2915,2915.0,BRN-VEN,anatomical_structure,1
IXI325,UNesT,0.2.7,BRN-ACC,Accumbens-Area,RIGHT,543,543.0,BRN-DGM,anatomical_structure,1
IXI325,UNesT,0.2.7,BRN-ACC,Accumbens-Area,LEFT,636,636.0,BRN-DGM,anatomical_structure,1
IXI325,UNesT,0.2.7,BRN-AMY,Amygdala,RIGHT,1652,1652.0,BRN-DGM,deep_gray_matter,1
IXI325,UNesT,0.2.7,BRN-AMY,Amygdala,LEFT,1493,1493.0,BRN-DGM,deep_gray_matter,1
IXI325,UNesT,0.2.7,BRN-BST,Brain-Stem,NONE,21117,21117.0,BRN-BST-GRP,brainstem,1
IXI325,UNesT,0.2.7,BRN-CAU,Caudate,RIGHT,4075,4075.0,BRN-DGM,deep_gray_matter,1
IXI325,UNesT,0.2.7,BRN-CAU,Caudate,LEFT,4153,4153.0,BRN-DGM,deep_gray_matter,1
IXI325,UNesT,0.2.7,BRN-CB-EXT,Cerebellum-Exterior,RIGHT,65531,65531.0,BRN-CBL,anatomical_structure,1
IXI325,UNesT,0.2.7,BRN-CB-EXT,Cerebellum-Exterior,LEFT,64755,64755.0,BRN-CBL,anatomical_structure,1
IXI325,UNesT,0.2.7,BRN-CB-WM,Cerebellum-White-Matter,RIGHT,14254,14254.0,BRN-CBL,anatomical_structure,1
IXI325,UNesT,0.2.7,BRN-CB-WM,Cerebellum-White-Matter,LEFT,14176,14176.0,BRN-CBL,anatomical_structure,1
IXI325,UNesT,0.2.7,BRN-CER-WM,Cerebral-White-Matter,RIGHT,257637,257637.0,BRN-WM,anatomical_structure,1
IXI325,UNesT,0.2.7,BRN-CER-WM,Cerebral-White-Matter,LEFT,240470,240470.0,BRN-WM,anatomical_structure,1
IXI325,UNesT,0.2.7,BRN-HIP,Hippocampus,RIGHT,4779,4779.0,BRN-LIM,deep_gray_matter,1
IXI325,UNesT,0.2.7,BRN-HIP,Hippocampus,LEFT,4223,4223.0,BRN-LIM,deep_gray_matter,1
IXI325,UNesT,0.2.7,BRN-INF-LAT-V,Inf-Lat-Vent,RIGHT,767,767.0,BRN-VEN,anatomical_structure,1
IXI325,UNesT,0.2.7,BRN-INF-LAT-V,Inf-Lat-Vent,LEFT,1134,1134.0,BRN-VEN,anatomical_structure,1
IXI325,UNesT,0.2.7,BRN-LAT-V,Lateral-Ventricle,RIGHT,13802,13802.0,BRN-VEN,anatomical_structure,1
IXI325,UNesT,0.2.7,BRN-LAT-V,Lateral-Ventricle,LEFT,17313,17313.0,BRN-VEN,anatomical_structure,1
IXI325,UNesT,0.2.7,BRN-PAL,Pallidum,RIGHT,2108,2108.0,BRN-DGM,deep_gray_matter,1
IXI325,UNesT,0.2.7,BRN-PAL,Pallidum,LEFT,2038,2038.0,BRN-DGM,deep_gray_matter,1
IXI325,UNesT,0.2.7,BRN-PUT,Putamen,RIGHT,6109,6109.0,BRN-DGM,deep_gray_matter,1
IXI325,UNesT,0.2.7,BRN-PUT,Putamen,LEFT,6319,6319.0,BRN-DGM,deep_gray_matter,1
IXI325,UNesT,0.2.7,BRN-THA,Thalamus-Proper,RIGHT,8445,8445.0,BRN-DGM,deep_gray_matter,1
IXI325,UNesT,0.2.7,BRN-THA,Thalamus-Proper,LEFT,8905,8905.0,BRN-DGM,deep_gray_matter,1
IXI325,UNesT,0.2.7,BRN-VDC,Ventral-DC,RIGHT,6158,6158.0,BRN-DGM,anatomical_structure,1
IXI325,UNesT,0.2.7,BRN-VDC,Ventral-DC,LEFT,6198,6198.0,BRN-DGM,anatomical_structure,1
IXI325,UNesT,0.2.7,BRN-CEREBELLAR-VERMAL-LOBULES-I-V,Cerebellar-Vermal-Lobules-I-V,NONE,5882,5882.0,BRN-CBL,anatomical_structure,1
IXI325,UNesT,0.2.7,BRN-CEREBELLAR-VERMAL-LOBULES-VI-VII,Cerebellar-Vermal-Lobules-VI-VII,NONE,3753,3753.0,BRN-CBL,anatomical_structure,1
IXI325,UNesT,0.2.7,BRN-CEREBELLAR-VERMAL-LOBULES-VIII-X,Cerebellar-Vermal-Lobules-VIII-X,NONE,3947,3947.0,BRN-CBL,anatomical_structure,1
IXI325,UNesT,0.2.7,BRN-BASAL-FOREBRAIN,Basal-Forebrain,LEFT,698,698.0,BRN-DGM,anatomical_structure,1
IXI325,UNesT,0.2.7,BRN-BASAL-FOREBRAIN,Basal-Forebrain,RIGHT,716,716.0,BRN-DGM,anatomical_structure,1
IXI325,UNesT,0.2.7,BRN-ANTERIOR-CINGULATE-GYRUS,ACgG--anterior-cingulate-gyrus,RIGHT,8589,8589.0,BRN-LIM,anatomical_structure,4
IXI325,UNesT,0.2.7,BRN-ANTERIOR-CINGULATE-GYRUS,ACgG--anterior-cingulate-gyrus,LEFT,5835,5835.0,BRN-LIM,anatomical_structure,4
IXI325,UNesT,0.2.7,BRN-ANTERIOR-INSULA,AIns--anterior-insula,RIGHT,5280,5280.0,BRN-INS,anatomical_structure,4
IXI325,UNesT,0.2.7,BRN-ANTERIOR-INSULA,AIns--anterior-insula,LEFT,5723,5723.0,BRN-INS,anatomical_structure,4
IXI325,UNesT,0.2.7,BRN-ANTERIOR-ORBITAL-GYRUS,AOrG--anterior-orbital-gyrus,RIGHT,3127,3127.0,BRN-FRO,anatomical_structure,4
IXI325,UNesT,0.2.7,BRN-ANTERIOR-ORBITAL-GYRUS,AOrG--anterior-orbital-gyrus,LEFT,2270,2270.0,BRN-FRO,anatomical_structure,4
IXI325,UNesT,0.2.7,BRN-ANGULAR-GYRUS,AnG---angular-gyrus,RIGHT,14217,14217.0,BRN-PAR,anatomical_structure,4
IXI325,UNesT,0.2.7,BRN-ANGULAR-GYRUS,AnG---angular-gyrus,LEFT,16188,16188.0,BRN-PAR,anatomical_structure,4
IXI325,UNesT,0.2.7,BRN-CALCARINE-CORTEX,Calc--calcarine-cortex,RIGHT,5651,5651.0,BRN-OCC,anatomical_structure,4
IXI325,UNesT,0.2.7,BRN-CALCARINE-CORTEX,Calc--calcarine-cortex,LEFT,4601,4601.0,BRN-OCC,anatomical_structure,4
IXI325,UNesT,0.2.7,BRN-CENTRAL-OPERCULUM,CO----central-operculum,RIGHT,5045,5045.0,BRN-CER-COR,anatomical_structure,3
IXI325,UNesT,0.2.7,BRN-CENTRAL-OPERCULUM,CO----central-operculum,LEFT,5232,5232.0,BRN-CER-COR,anatomical_structure,3
IXI325,UNesT,0.2.7,BRN-CUNEUS,Cun---cuneus,RIGHT,8266,8266.0,BRN-CER-COR,anatomical_structure,1
IXI325,UNesT,0.2.7,BRN-CUNEUS,Cun---cuneus,LEFT,7880,7880.0,BRN-CER-COR,anatomical_structure,1
IXI325,UNesT,0.2.7,BRN-ENTORHINAL-AREA,Ent---entorhinal-area,RIGHT,2793,2793.0,BRN-LIM,anatomical_structure,1
IXI325,UNesT,0.2.7,BRN-ENTORHINAL-AREA,Ent---entorhinal-area,LEFT,3311,3311.0,BRN-LIM,anatomical_structure,1
IXI325,UNesT,0.2.7,BRN-FRONTAL-OPERCULUM,FO----frontal-operculum,RIGHT,2614,2614.0,BRN-FRO,anatomical_structure,4
IXI325,UNesT,0.2.7,BRN-FRONTAL-OPERCULUM,FO----frontal-operculum,LEFT,2774,2774.0,BRN-FRO,anatomical_structure,4
IXI325,UNesT,0.2.7,BRN-FRONTAL-POLE,FRP---frontal-pole,RIGHT,4473,4473.0,BRN-FRO,anatomical_structure,4
IXI325,UNesT,0.2.7,BRN-FRONTAL-POLE,FRP---frontal-pole,LEFT,4079,4079.0,BRN-FRO,anatomical_structure,4
IXI325,UNesT,0.2.7,BRN-FUSIFORM-GYRUS,FuG---fusiform-gyrus,RIGHT,11104,11104.0,BRN-TEM,anatomical_structure,4
IXI325,UNesT,0.2.7,BRN-FUSIFORM-GYRUS,FuG---fusiform-gyrus,LEFT,9874,9874.0,BRN-TEM,anatomical_structure,4
IXI325,UNesT,0.2.7,BRN-GYRUS-RECTUS,GRe---gyrus-rectus,RIGHT,2632,2632.0,BRN-FRO,anatomical_structure,4
IXI325,UNesT,0.2.7,BRN-GYRUS-RECTUS,GRe---gyrus-rectus,LEFT,2737,2737.0,BRN-FRO,anatomical_structure,4
IXI325,UNesT,0.2.7,BRN-INFERIOR-OCCIPITAL-GYRUS,IOG---inferior-occipital-gyrus,RIGHT,9964,9964.0,BRN-OCC,anatomical_structure,4
IXI325,UNesT,0.2.7,BRN-INFERIOR-OCCIPITAL-GYRUS,IOG---inferior-occipital-gyrus,LEFT,11327,11327.0,BRN-OCC,anatomical_structure,4
IXI325,UNesT,0.2.7,BRN-INFERIOR-TEMPORAL-GYRUS,ITG---inferior-temporal-gyrus,RIGHT,15722,15722.0,BRN-TEM,anatomical_structure,4
IXI325,UNesT,0.2.7,BRN-INFERIOR-TEMPORAL-GYRUS,ITG---inferior-temporal-gyrus,LEFT,17122,17122.0,BRN-TEM,anatomical_structure,4
IXI325,UNesT,0.2.7,BRN-LINGUAL-GYRUS,LiG---lingual-gyrus,RIGHT,13241,13241.0,BRN-OCC,anatomical_structure,4
IXI325,UNesT,0.2.7,BRN-LINGUAL-GYRUS,LiG---lingual-gyrus,LEFT,12171,12171.0,BRN-OCC,anatomical_structure,4
IXI325,UNesT,0.2.7,BRN-LATERAL-ORBITAL-GYRUS,LOrG--lateral-orbital-gyrus,RIGHT,3793,3793.0,BRN-FRO,anatomical_structure,4
IXI325,UNesT,0.2.7,BRN-LATERAL-ORBITAL-GYRUS,LOrG--lateral-orbital-gyrus,LEFT,3549,3549.0,BRN-FRO,anatomical_structure,4
IXI325,UNesT,0.2.7,BRN-MIDDLE-CINGULATE-GYRUS,MCgG--middle-cingulate-gyrus,RIGHT,6005,6005.0,BRN-LIM,anatomical_structure,4
IXI325,UNesT,0.2.7,BRN-MIDDLE-CINGULATE-GYRUS,MCgG--middle-cingulate-gyrus,LEFT,5917,5917.0,BRN-LIM,anatomical_structure,4
IXI325,UNesT,0.2.7,BRN-MEDIAL-FRONTAL-CORTEX,MFC---medial-frontal-cortex,RIGHT,3187,3187.0,BRN-FRO,anatomical_structure,4
IXI325,UNesT,0.2.7,BRN-MEDIAL-FRONTAL-CORTEX,MFC---medial-frontal-cortex,LEFT,3112,3112.0,BRN-FRO,anatomical_structure,4
IXI325,UNesT,0.2.7,BRN-MIDDLE-FRONTAL-GYRUS,MFG---middle-frontal-gyrus,RIGHT,27679,27679.0,BRN-FRO,anatomical_structure,4
IXI325,UNesT,0.2.7,BRN-MIDDLE-FRONTAL-GYRUS,MFG---middle-frontal-gyrus,LEFT,28972,28972.0,BRN-FRO,anatomical_structure,4
IXI325,UNesT,0.2.7,BRN-MIDDLE-OCCIPITAL-GYRUS,MOG---middle-occipital-gyrus,RIGHT,7725,7725.0,BRN-OCC,anatomical_structure,4
IXI325,UNesT,0.2.7,BRN-MIDDLE-OCCIPITAL-GYRUS,MOG---middle-occipital-gyrus,LEFT,8816,8816.0,BRN-OCC,anatomical_structure,4
IXI325,UNesT,0.2.7,BRN-MEDIAL-ORBITAL-GYRUS,MOrG--medial-orbital-gyrus,RIGHT,5501,5501.0,BRN-FRO,anatomical_structure,4
IXI325,UNesT,0.2.7,BRN-MEDIAL-ORBITAL-GYRUS,MOrG--medial-orbital-gyrus,LEFT,5914,5914.0,BRN-FRO,anatomical_structure,4
IXI325,UNesT,0.2.7,BRN-POG-MED,"Postcentral Gyrus, Medial Segment",RIGHT,992,992.0,BRN-PAR,cortical_subregion,4
IXI325,UNesT,0.2.7,BRN-POG-MED,"Postcentral Gyrus, Medial Segment",LEFT,1898,1898.0,BRN-PAR,cortical_subregion,4
IXI325,UNesT,0.2.7,BRN-PRG-MED,"Precentral Gyrus, Medial Segment",RIGHT,3522,3522.0,BRN-FRO,cortical_subregion,4
IXI325,UNesT,0.2.7,BRN-PRG-MED,"Precentral Gyrus, Medial Segment",LEFT,3177,3177.0,BRN-FRO,cortical_subregion,4
IXI325,UNesT,0.2.7,BRN-SUPERIOR-FRONTAL-GYRUS,MSFG--superior-frontal-gyrus,RIGHT,26922,26922.0,BRN-FRO,anatomical_structure,4
IXI325,UNesT,0.2.7,BRN-SUPERIOR-FRONTAL-GYRUS,MSFG--superior-frontal-gyrus,LEFT,28164,28164.0,BRN-FRO,anatomical_structure,4
IXI325,UNesT,0.2.7,BRN-MIDDLE-TEMPORAL-GYRUS,MTG---middle-temporal-gyrus,RIGHT,20073,20073.0,BRN-TEM,anatomical_structure,4
IXI325,UNesT,0.2.7,BRN-MIDDLE-TEMPORAL-GYRUS,MTG---middle-temporal-gyrus,LEFT,18576,18576.0,BRN-TEM,anatomical_structure,4
IXI325,UNesT,0.2.7,BRN-OCCIPITAL-POLE,OCP---occipital-pole,RIGHT,5315,5315.0,BRN-OCC,anatomical_structure,4
IXI325,UNesT,0.2.7,BRN-OCCIPITAL-POLE,OCP---occipital-pole,LEFT,6767,6767.0,BRN-OCC,anatomical_structure,4
IXI325,UNesT,0.2.7,BRN-OCCIPITAL-FUSIFORM-GYRUS,OFuG--occipital-fusiform-gyrus,RIGHT,7402,7402.0,BRN-OCC,anatomical_structure,4
IXI325,UNesT,0.2.7,BRN-OCCIPITAL-FUSIFORM-GYRUS,OFuG--occipital-fusiform-gyrus,LEFT,6873,6873.0,BRN-OCC,anatomical_structure,4
IXI325,UNesT,0.2.7,BRN-OPIFG-OPERCULAR-PART-OF-THE-IFG,OpIFG-opercular-part-of-the-IFG,RIGHT,4500,4500.0,BRN-CER-COR,anatomical_structure,1
IXI325,UNesT,0.2.7,BRN-OPIFG-OPERCULAR-PART-OF-THE-IFG,OpIFG-opercular-part-of-the-IFG,LEFT,4504,4504.0,BRN-CER-COR,anatomical_structure,1
IXI325,UNesT,0.2.7,BRN-ORIFG-ORBITAL-PART-OF-THE-IFG,OrIFG-orbital-part-of-the-IFG,RIGHT,2588,2588.0,BRN-CER-COR,anatomical_structure,1
IXI325,UNesT,0.2.7,BRN-ORIFG-ORBITAL-PART-OF-THE-IFG,OrIFG-orbital-part-of-the-IFG,LEFT,2472,2472.0,BRN-CER-COR,anatomical_structure,1
IXI325,UNesT,0.2.7,BRN-POSTERIOR-CINGULATE-GYRUS,PCgG--posterior-cingulate-gyrus,RIGHT,6111,6111.0,BRN-LIM,anatomical_structure,4
IXI325,UNesT,0.2.7,BRN-POSTERIOR-CINGULATE-GYRUS,PCgG--posterior-cingulate-gyrus,LEFT,6185,6185.0,BRN-LIM,anatomical_structure,4
IXI325,UNesT,0.2.7,BRN-PCU,PCu---precuneus,RIGHT,14140,14140.0,BRN-PAR,cortical_structure,4
IXI325,UNesT,0.2.7,BRN-PCU,PCu---precuneus,LEFT,15856,15856.0,BRN-PAR,cortical_structure,4
IXI325,UNesT,0.2.7,BRN-PARAHIPPOCAMPAL-GYRUS,PHG---parahippocampal-gyrus,RIGHT,3384,3384.0,BRN-LIM,anatomical_structure,4
IXI325,UNesT,0.2.7,BRN-PARAHIPPOCAMPAL-GYRUS,PHG---parahippocampal-gyrus,LEFT,4249,4249.0,BRN-LIM,anatomical_structure,4
IXI325,UNesT,0.2.7,BRN-POSTERIOR-INSULA,PIns--posterior-insula,RIGHT,3196,3196.0,BRN-INS,anatomical_structure,4
IXI325,UNesT,0.2.7,BRN-POSTERIOR-INSULA,PIns--posterior-insula,LEFT,3124,3124.0,BRN-INS,anatomical_structure,4
IXI325,UNesT,0.2.7,BRN-PARIETAL-OPERCULUM,PO----parietal-operculum,RIGHT,3679,3679.0,BRN-PAR,anatomical_structure,4
IXI325,UNesT,0.2.7,BRN-PARIETAL-OPERCULUM,PO----parietal-operculum,LEFT,4366,4366.0,BRN-PAR,anatomical_structure,4
IXI325,UNesT,0.2.7,BRN-POG,MPoG--postcentral-gyrus,RIGHT,15866,15866.0,BRN-PAR,cortical_structure,4
IXI325,UNesT,0.2.7,BRN-POG,MPoG--postcentral-gyrus,LEFT,18244,18244.0,BRN-PAR,cortical_structure,4
IXI325,UNesT,0.2.7,BRN-POSTERIOR-ORBITAL-GYRUS,POrG--posterior-orbital-gyrus,RIGHT,3521,3521.0,BRN-FRO,anatomical_structure,4
IXI325,UNesT,0.2.7,BRN-POSTERIOR-ORBITAL-GYRUS,POrG--posterior-orbital-gyrus,LEFT,4232,4232.0,BRN-FRO,anatomical_structure,4
IXI325,UNesT,0.2.7,BRN-PLANUM-POLARE,PP----planum-polare,RIGHT,2524,2524.0,BRN-TEM,anatomical_structure,4
IXI325,UNesT,0.2.7,BRN-PLANUM-POLARE,PP----planum-polare,LEFT,3502,3502.0,BRN-TEM,anatomical_structure,4
IXI325,UNesT,0.2.7,BRN-PRG,MPrG--precentral-gyrus,RIGHT,19811,19811.0,BRN-FRO,cortical_structure,4
IXI325,UNesT,0.2.7,BRN-PRG,MPrG--precentral-gyrus,LEFT,20822,20822.0,BRN-FRO,cortical_structure,4
IXI325,UNesT,0.2.7,BRN-PLANUM-TEMPORALE,PT----planum-temporale,RIGHT,2539,2539.0,BRN-TEM,anatomical_structure,4
IXI325,UNesT,0.2.7,BRN-PLANUM-TEMPORALE,PT----planum-temporale,LEFT,2847,2847.0,BRN-TEM,anatomical_structure,4
IXI325,UNesT,0.2.7,BRN-SUBCALLOSAL-AREA,SCA---subcallosal-area,RIGHT,1326,1326.0,BRN-LIM,anatomical_structure,4
IXI325,UNesT,0.2.7,BRN-SUBCALLOSAL-AREA,SCA---subcallosal-area,LEFT,1432,1432.0,BRN-LIM,anatomical_structure,4
IXI325,UNesT,0.2.7,BRN-SUPPLEMENTARY-MOTOR-CORTEX,SMC---supplementary-motor-cortex,RIGHT,7412,7412.0,BRN-FRO,anatomical_structure,4
IXI325,UNesT,0.2.7,BRN-SUPPLEMENTARY-MOTOR-CORTEX,SMC---supplementary-motor-cortex,LEFT,8064,8064.0,BRN-FRO,anatomical_structure,4
IXI325,UNesT,0.2.7,BRN-SUPRAMARGINAL-GYRUS,SMG---supramarginal-gyrus,RIGHT,12291,12291.0,BRN-PAR,anatomical_structure,4
IXI325,UNesT,0.2.7,BRN-SUPRAMARGINAL-GYRUS,SMG---supramarginal-gyrus,LEFT,13397,13397.0,BRN-PAR,anatomical_structure,4
IXI325,UNesT,0.2.7,BRN-SUPERIOR-OCCIPITAL-GYRUS,SOG---superior-occipital-gyrus,RIGHT,6550,6550.0,BRN-OCC,anatomical_structure,4
IXI325,UNesT,0.2.7,BRN-SUPERIOR-OCCIPITAL-GYRUS,SOG---superior-occipital-gyrus,LEFT,6164,6164.0,BRN-OCC,anatomical_structure,4
IXI325,UNesT,0.2.7,BRN-SUPERIOR-PARIETAL-LOBULE,SPL---superior-parietal-lobule,RIGHT,14279,14279.0,BRN-CER-COR,anatomical_structure,1
IXI325,UNesT,0.2.7,BRN-SUPERIOR-PARIETAL-LOBULE,SPL---superior-parietal-lobule,LEFT,15549,15549.0,BRN-CER-COR,anatomical_structure,1
IXI325,UNesT,0.2.7,BRN-SUPERIOR-TEMPORAL-GYRUS,STG---superior-temporal-gyrus,RIGHT,8998,8998.0,BRN-TEM,anatomical_structure,4
IXI325,UNesT,0.2.7,BRN-SUPERIOR-TEMPORAL-GYRUS,STG---superior-temporal-gyrus,LEFT,11665,11665.0,BRN-TEM,anatomical_structure,4
IXI325,UNesT,0.2.7,BRN-TEMPORAL-POLE,TMP---temporal-pole,RIGHT,12138,12138.0,BRN-TEM,anatomical_structure,4
IXI325,UNesT,0.2.7,BRN-TEMPORAL-POLE,TMP---temporal-pole,LEFT,10469,10469.0,BRN-TEM,anatomical_structure,4
IXI325,UNesT,0.2.7,BRN-TRIFG-TRIANGULAR-PART-OF-THE-IFG,TrIFG-triangular-part-of-the-IFG,RIGHT,5155,5155.0,BRN-CER-COR,anatomical_structure,1
IXI325,UNesT,0.2.7,BRN-TRIFG-TRIANGULAR-PART-OF-THE-IFG,TrIFG-triangular-part-of-the-IFG,LEFT,4341,4341.0,BRN-CER-COR,anatomical_structure,1
IXI325,UNesT,0.2.7,BRN-TRANSVERSE-TEMPORAL-GYRUS,TTG---transverse-temporal-gyrus,RIGHT,2224,2224.0,BRN-TEM,anatomical_structure,4
IXI325,UNesT,0.2.7,BRN-TRANSVERSE-TEMPORAL-GYRUS,TTG---transverse-temporal-gyrus,LEFT,2469,2469.0,BRN-TEM,anatomical_structure,4
IXI340,UNesT,0.2.7,BRN-3RD-VENTRICLE,3rd-Ventricle,NONE,2465,2465.0,BRN-VEN,anatomical_structure,1
IXI340,UNesT,0.2.7,BRN-4TH-VENTRICLE,4th-Ventricle,NONE,1962,1962.0,BRN-VEN,anatomical_structure,1
IXI340,UNesT,0.2.7,BRN-ACC,Accumbens-Area,RIGHT,578,578.0,BRN-DGM,anatomical_structure,1
IXI340,UNesT,0.2.7,BRN-ACC,Accumbens-Area,LEFT,608,608.0,BRN-DGM,anatomical_structure,1
IXI340,UNesT,0.2.7,BRN-AMY,Amygdala,RIGHT,1430,1430.0,BRN-DGM,deep_gray_matter,1
IXI340,UNesT,0.2.7,BRN-AMY,Amygdala,LEFT,1213,1213.0,BRN-DGM,deep_gray_matter,1
IXI340,UNesT,0.2.7,BRN-BST,Brain-Stem,NONE,18902,18902.0,BRN-BST-GRP,brainstem,1
IXI340,UNesT,0.2.7,BRN-CAU,Caudate,RIGHT,4099,4099.0,BRN-DGM,deep_gray_matter,1
IXI340,UNesT,0.2.7,BRN-CAU,Caudate,LEFT,4044,4044.0,BRN-DGM,deep_gray_matter,1
IXI340,UNesT,0.2.7,BRN-CB-EXT,Cerebellum-Exterior,RIGHT,69295,69295.0,BRN-CBL,anatomical_structure,1
IXI340,UNesT,0.2.7,BRN-CB-EXT,Cerebellum-Exterior,LEFT,70335,70335.0,BRN-CBL,anatomical_structure,1
IXI340,UNesT,0.2.7,BRN-CB-WM,Cerebellum-White-Matter,RIGHT,7943,7943.0,BRN-CBL,anatomical_structure,1
IXI340,UNesT,0.2.7,BRN-CB-WM,Cerebellum-White-Matter,LEFT,15604,15604.0,BRN-CBL,anatomical_structure,1
IXI340,UNesT,0.2.7,BRN-CER-WM,Cerebral-White-Matter,RIGHT,251661,251661.0,BRN-WM,anatomical_structure,1
IXI340,UNesT,0.2.7,BRN-CER-WM,Cerebral-White-Matter,LEFT,306527,306527.0,BRN-WM,anatomical_structure,1
IXI340,UNesT,0.2.7,BRN-HIP,Hippocampus,RIGHT,5494,5494.0,BRN-LIM,deep_gray_matter,1
IXI340,UNesT,0.2.7,BRN-HIP,Hippocampus,LEFT,4859,4859.0,BRN-LIM,deep_gray_matter,1
IXI340,UNesT,0.2.7,BRN-INF-LAT-V,Inf-Lat-Vent,RIGHT,395,395.0,BRN-VEN,anatomical_structure,1
IXI340,UNesT,0.2.7,BRN-INF-LAT-V,Inf-Lat-Vent,LEFT,159,159.0,BRN-VEN,anatomical_structure,1
IXI340,UNesT,0.2.7,BRN-LAT-V,Lateral-Ventricle,RIGHT,12399,12399.0,BRN-VEN,anatomical_structure,1
IXI340,UNesT,0.2.7,BRN-LAT-V,Lateral-Ventricle,LEFT,15037,15037.0,BRN-VEN,anatomical_structure,1
IXI340,UNesT,0.2.7,BRN-PAL,Pallidum,RIGHT,1793,1793.0,BRN-DGM,deep_gray_matter,1
IXI340,UNesT,0.2.7,BRN-PAL,Pallidum,LEFT,1871,1871.0,BRN-DGM,deep_gray_matter,1
IXI340,UNesT,0.2.7,BRN-PUT,Putamen,RIGHT,5510,5510.0,BRN-DGM,deep_gray_matter,1
IXI340,UNesT,0.2.7,BRN-PUT,Putamen,LEFT,4185,4185.0,BRN-DGM,deep_gray_matter,1
IXI340,UNesT,0.2.7,BRN-THA,Thalamus-Proper,RIGHT,10408,10408.0,BRN-DGM,deep_gray_matter,1
IXI340,UNesT,0.2.7,BRN-THA,Thalamus-Proper,LEFT,10600,10600.0,BRN-DGM,deep_gray_matter,1
IXI340,UNesT,0.2.7,BRN-VDC,Ventral-DC,RIGHT,6901,6901.0,BRN-DGM,anatomical_structure,1
IXI340,UNesT,0.2.7,BRN-VDC,Ventral-DC,LEFT,6960,6960.0,BRN-DGM,anatomical_structure,1
IXI340,UNesT,0.2.7,BRN-CEREBELLAR-VERMAL-LOBULES-I-V,Cerebellar-Vermal-Lobules-I-V,NONE,6693,6693.0,BRN-CBL,anatomical_structure,1
IXI340,UNesT,0.2.7,BRN-CEREBELLAR-VERMAL-LOBULES-VI-VII,Cerebellar-Vermal-Lobules-VI-VII,NONE,4166,4166.0,BRN-CBL,anatomical_structure,1
IXI340,UNesT,0.2.7,BRN-CEREBELLAR-VERMAL-LOBULES-VIII-X,Cerebellar-Vermal-Lobules-VIII-X,NONE,3987,3987.0,BRN-CBL,anatomical_structure,1
IXI340,UNesT,0.2.7,BRN-BASAL-FOREBRAIN,Basal-Forebrain,LEFT,961,961.0,BRN-DGM,anatomical_structure,1
IXI340,UNesT,0.2.7,BRN-BASAL-FOREBRAIN,Basal-Forebrain,RIGHT,841,841.0,BRN-DGM,anatomical_structure,1
IXI340,UNesT,0.2.7,BRN-ANTERIOR-CINGULATE-GYRUS,ACgG--anterior-cingulate-gyrus,RIGHT,7809,7809.0,BRN-LIM,anatomical_structure,4
IXI340,UNesT,0.2.7,BRN-ANTERIOR-CINGULATE-GYRUS,ACgG--anterior-cingulate-gyrus,LEFT,8371,8371.0,BRN-LIM,anatomical_structure,4
IXI340,UNesT,0.2.7,BRN-ANTERIOR-INSULA,AIns--anterior-insula,RIGHT,6106,6106.0,BRN-INS,anatomical_structure,4
IXI340,UNesT,0.2.7,BRN-ANTERIOR-INSULA,AIns--anterior-insula,LEFT,6097,6097.0,BRN-INS,anatomical_structure,4
IXI340,UNesT,0.2.7,BRN-ANTERIOR-ORBITAL-GYRUS,AOrG--anterior-orbital-gyrus,RIGHT,3207,3207.0,BRN-FRO,anatomical_structure,4
IXI340,UNesT,0.2.7,BRN-ANTERIOR-ORBITAL-GYRUS,AOrG--anterior-orbital-gyrus,LEFT,1977,1977.0,BRN-FRO,anatomical_structure,4
IXI340,UNesT,0.2.7,BRN-ANGULAR-GYRUS,AnG---angular-gyrus,RIGHT,18228,18228.0,BRN-PAR,anatomical_structure,4
IXI340,UNesT,0.2.7,BRN-ANGULAR-GYRUS,AnG---angular-gyrus,LEFT,10061,10061.0,BRN-PAR,anatomical_structure,4
IXI340,UNesT,0.2.7,BRN-CALCARINE-CORTEX,Calc--calcarine-cortex,RIGHT,5178,5178.0,BRN-OCC,anatomical_structure,4
IXI340,UNesT,0.2.7,BRN-CALCARINE-CORTEX,Calc--calcarine-cortex,LEFT,3983,3983.0,BRN-OCC,anatomical_structure,4
IXI340,UNesT,0.2.7,BRN-CENTRAL-OPERCULUM,CO----central-operculum,RIGHT,7780,7780.0,BRN-CER-COR,anatomical_structure,3
IXI340,UNesT,0.2.7,BRN-CENTRAL-OPERCULUM,CO----central-operculum,LEFT,6963,6963.0,BRN-CER-COR,anatomical_structure,3
IXI340,UNesT,0.2.7,BRN-CUNEUS,Cun---cuneus,RIGHT,5966,5966.0,BRN-CER-COR,anatomical_structure,1
IXI340,UNesT,0.2.7,BRN-CUNEUS,Cun---cuneus,LEFT,5147,5147.0,BRN-CER-COR,anatomical_structure,1
IXI340,UNesT,0.2.7,BRN-ENTORHINAL-AREA,Ent---entorhinal-area,RIGHT,3542,3542.0,BRN-LIM,anatomical_structure,1
IXI340,UNesT,0.2.7,BRN-ENTORHINAL-AREA,Ent---entorhinal-area,LEFT,3072,3072.0,BRN-LIM,anatomical_structure,1
IXI340,UNesT,0.2.7,BRN-FRONTAL-OPERCULUM,FO----frontal-operculum,RIGHT,2977,2977.0,BRN-FRO,anatomical_structure,4
IXI340,UNesT,0.2.7,BRN-FRONTAL-OPERCULUM,FO----frontal-operculum,LEFT,3341,3341.0,BRN-FRO,anatomical_structure,4
IXI340,UNesT,0.2.7,BRN-FRONTAL-POLE,FRP---frontal-pole,RIGHT,3405,3405.0,BRN-FRO,anatomical_structure,4
IXI340,UNesT,0.2.7,BRN-FRONTAL-POLE,FRP---frontal-pole,LEFT,3698,3698.0,BRN-FRO,anatomical_structure,4
IXI340,UNesT,0.2.7,BRN-FUSIFORM-GYRUS,FuG---fusiform-gyrus,RIGHT,10987,10987.0,BRN-TEM,anatomical_structure,4
IXI340,UNesT,0.2.7,BRN-FUSIFORM-GYRUS,FuG---fusiform-gyrus,LEFT,9874,9874.0,BRN-TEM,anatomical_structure,4
IXI340,UNesT,0.2.7,BRN-GYRUS-RECTUS,GRe---gyrus-rectus,RIGHT,3056,3056.0,BRN-FRO,anatomical_structure,4
IXI340,UNesT,0.2.7,BRN-GYRUS-RECTUS,GRe---gyrus-rectus,LEFT,3371,3371.0,BRN-FRO,anatomical_structure,4
IXI340,UNesT,0.2.7,BRN-INFERIOR-OCCIPITAL-GYRUS,IOG---inferior-occipital-gyrus,RIGHT,10845,10845.0,BRN-OCC,anatomical_structure,4
IXI340,UNesT,0.2.7,BRN-INFERIOR-OCCIPITAL-GYRUS,IOG---inferior-occipital-gyrus,LEFT,6987,6987.0,BRN-OCC,anatomical_structure,4
IXI340,UNesT,0.2.7,BRN-INFERIOR-TEMPORAL-GYRUS,ITG---inferior-temporal-gyrus,RIGHT,15239,15239.0,BRN-TEM,anatomical_structure,4
IXI340,UNesT,0.2.7,BRN-INFERIOR-TEMPORAL-GYRUS,ITG---inferior-temporal-gyrus,LEFT,19715,19715.0,BRN-TEM,anatomical_structure,4
IXI340,UNesT,0.2.7,BRN-LINGUAL-GYRUS,LiG---lingual-gyrus,RIGHT,13795,13795.0,BRN-OCC,anatomical_structure,4
IXI340,UNesT,0.2.7,BRN-LINGUAL-GYRUS,LiG---lingual-gyrus,LEFT,11217,11217.0,BRN-OCC,anatomical_structure,4
IXI340,UNesT,0.2.7,BRN-LATERAL-ORBITAL-GYRUS,LOrG--lateral-orbital-gyrus,RIGHT,4685,4685.0,BRN-FRO,anatomical_structure,4
IXI340,UNesT,0.2.7,BRN-LATERAL-ORBITAL-GYRUS,LOrG--lateral-orbital-gyrus,LEFT,4369,4369.0,BRN-FRO,anatomical_structure,4
IXI340,UNesT,0.2.7,BRN-MIDDLE-CINGULATE-GYRUS,MCgG--middle-cingulate-gyrus,RIGHT,9246,9246.0,BRN-LIM,anatomical_structure,4
IXI340,UNesT,0.2.7,BRN-MIDDLE-CINGULATE-GYRUS,MCgG--middle-cingulate-gyrus,LEFT,7750,7750.0,BRN-LIM,anatomical_structure,4
IXI340,UNesT,0.2.7,BRN-MEDIAL-FRONTAL-CORTEX,MFC---medial-frontal-cortex,RIGHT,4091,4091.0,BRN-FRO,anatomical_structure,4
IXI340,UNesT,0.2.7,BRN-MEDIAL-FRONTAL-CORTEX,MFC---medial-frontal-cortex,LEFT,3156,3156.0,BRN-FRO,anatomical_structure,4
IXI340,UNesT,0.2.7,BRN-MIDDLE-FRONTAL-GYRUS,MFG---middle-frontal-gyrus,RIGHT,39008,39008.0,BRN-FRO,anatomical_structure,4
IXI340,UNesT,0.2.7,BRN-MIDDLE-FRONTAL-GYRUS,MFG---middle-frontal-gyrus,LEFT,39507,39507.0,BRN-FRO,anatomical_structure,4
IXI340,UNesT,0.2.7,BRN-MIDDLE-OCCIPITAL-GYRUS,MOG---middle-occipital-gyrus,RIGHT,9478,9478.0,BRN-OCC,anatomical_structure,4
IXI340,UNesT,0.2.7,BRN-MIDDLE-OCCIPITAL-GYRUS,MOG---middle-occipital-gyrus,LEFT,6209,6209.0,BRN-OCC,anatomical_structure,4
IXI340,UNesT,0.2.7,BRN-MEDIAL-ORBITAL-GYRUS,MOrG--medial-orbital-gyrus,RIGHT,6459,6459.0,BRN-FRO,anatomical_structure,4
IXI340,UNesT,0.2.7,BRN-MEDIAL-ORBITAL-GYRUS,MOrG--medial-orbital-gyrus,LEFT,6628,6628.0,BRN-FRO,anatomical_structure,4
IXI340,UNesT,0.2.7,BRN-POG-MED,"Postcentral Gyrus, Medial Segment",RIGHT,2273,2273.0,BRN-PAR,cortical_subregion,4
IXI340,UNesT,0.2.7,BRN-POG-MED,"Postcentral Gyrus, Medial Segment",LEFT,1445,1445.0,BRN-PAR,cortical_subregion,4
IXI340,UNesT,0.2.7,BRN-PRG-MED,"Precentral Gyrus, Medial Segment",RIGHT,3971,3971.0,BRN-FRO,cortical_subregion,4
IXI340,UNesT,0.2.7,BRN-PRG-MED,"Precentral Gyrus, Medial Segment",LEFT,4633,4633.0,BRN-FRO,cortical_subregion,4
IXI340,UNesT,0.2.7,BRN-SUPERIOR-FRONTAL-GYRUS,MSFG--superior-frontal-gyrus,RIGHT,35905,35905.0,BRN-FRO,anatomical_structure,4
IXI340,UNesT,0.2.7,BRN-SUPERIOR-FRONTAL-GYRUS,MSFG--superior-frontal-gyrus,LEFT,32999,32999.0,BRN-FRO,anatomical_structure,4
IXI340,UNesT,0.2.7,BRN-MIDDLE-TEMPORAL-GYRUS,MTG---middle-temporal-gyrus,RIGHT,23885,23885.0,BRN-TEM,anatomical_structure,4
IXI340,UNesT,0.2.7,BRN-MIDDLE-TEMPORAL-GYRUS,MTG---middle-temporal-gyrus,LEFT,19470,19470.0,BRN-TEM,anatomical_structure,4
IXI340,UNesT,0.2.7,BRN-OCCIPITAL-POLE,OCP---occipital-pole,RIGHT,5167,5167.0,BRN-OCC,anatomical_structure,4
IXI340,UNesT,0.2.7,BRN-OCCIPITAL-POLE,OCP---occipital-pole,LEFT,5594,5594.0,BRN-OCC,anatomical_structure,4
IXI340,UNesT,0.2.7,BRN-OCCIPITAL-FUSIFORM-GYRUS,OFuG--occipital-fusiform-gyrus,RIGHT,9365,9365.0,BRN-OCC,anatomical_structure,4
IXI340,UNesT,0.2.7,BRN-OCCIPITAL-FUSIFORM-GYRUS,OFuG--occipital-fusiform-gyrus,LEFT,5870,5870.0,BRN-OCC,anatomical_structure,4
IXI340,UNesT,0.2.7,BRN-OPIFG-OPERCULAR-PART-OF-THE-IFG,OpIFG-opercular-part-of-the-IFG,RIGHT,3195,3195.0,BRN-CER-COR,anatomical_structure,1
IXI340,UNesT,0.2.7,BRN-OPIFG-OPERCULAR-PART-OF-THE-IFG,OpIFG-opercular-part-of-the-IFG,LEFT,4413,4413.0,BRN-CER-COR,anatomical_structure,1
IXI340,UNesT,0.2.7,BRN-ORIFG-ORBITAL-PART-OF-THE-IFG,OrIFG-orbital-part-of-the-IFG,RIGHT,2452,2452.0,BRN-CER-COR,anatomical_structure,1
IXI340,UNesT,0.2.7,BRN-ORIFG-ORBITAL-PART-OF-THE-IFG,OrIFG-orbital-part-of-the-IFG,LEFT,4609,4609.0,BRN-CER-COR,anatomical_structure,1
IXI340,UNesT,0.2.7,BRN-POSTERIOR-CINGULATE-GYRUS,PCgG--posterior-cingulate-gyrus,RIGHT,6110,6110.0,BRN-LIM,anatomical_structure,4
IXI340,UNesT,0.2.7,BRN-POSTERIOR-CINGULATE-GYRUS,PCgG--posterior-cingulate-gyrus,LEFT,5441,5441.0,BRN-LIM,anatomical_structure,4
IXI340,UNesT,0.2.7,BRN-PCU,PCu---precuneus,RIGHT,15908,15908.0,BRN-PAR,cortical_structure,4
IXI340,UNesT,0.2.7,BRN-PCU,PCu---precuneus,LEFT,15979,15979.0,BRN-PAR,cortical_structure,4
IXI340,UNesT,0.2.7,BRN-PARAHIPPOCAMPAL-GYRUS,PHG---parahippocampal-gyrus,RIGHT,4465,4465.0,BRN-LIM,anatomical_structure,4
IXI340,UNesT,0.2.7,BRN-PARAHIPPOCAMPAL-GYRUS,PHG---parahippocampal-gyrus,LEFT,4414,4414.0,BRN-LIM,anatomical_structure,4
IXI340,UNesT,0.2.7,BRN-POSTERIOR-INSULA,PIns--posterior-insula,RIGHT,4093,4093.0,BRN-INS,anatomical_structure,4
IXI340,UNesT,0.2.7,BRN-POSTERIOR-INSULA,PIns--posterior-insula,LEFT,3094,3094.0,BRN-INS,anatomical_structure,4
IXI340,UNesT,0.2.7,BRN-PARIETAL-OPERCULUM,PO----parietal-operculum,RIGHT,3497,3497.0,BRN-PAR,anatomical_structure,4
IXI340,UNesT,0.2.7,BRN-PARIETAL-OPERCULUM,PO----parietal-operculum,LEFT,3803,3803.0,BRN-PAR,anatomical_structure,4
IXI340,UNesT,0.2.7,BRN-POG,MPoG--postcentral-gyrus,RIGHT,15326,15326.0,BRN-PAR,cortical_structure,4
IXI340,UNesT,0.2.7,BRN-POG,MPoG--postcentral-gyrus,LEFT,19788,19788.0,BRN-PAR,cortical_structure,4
IXI340,UNesT,0.2.7,BRN-POSTERIOR-ORBITAL-GYRUS,POrG--posterior-orbital-gyrus,RIGHT,4618,4618.0,BRN-FRO,anatomical_structure,4
IXI340,UNesT,0.2.7,BRN-POSTERIOR-ORBITAL-GYRUS,POrG--posterior-orbital-gyrus,LEFT,4705,4705.0,BRN-FRO,anatomical_structure,4
IXI340,UNesT,0.2.7,BRN-PLANUM-POLARE,PP----planum-polare,RIGHT,3390,3390.0,BRN-TEM,anatomical_structure,4
IXI340,UNesT,0.2.7,BRN-PLANUM-POLARE,PP----planum-polare,LEFT,4022,4022.0,BRN-TEM,anatomical_structure,4
IXI340,UNesT,0.2.7,BRN-PRG,MPrG--precentral-gyrus,RIGHT,24307,24307.0,BRN-FRO,cortical_structure,4
IXI340,UNesT,0.2.7,BRN-PRG,MPrG--precentral-gyrus,LEFT,22535,22535.0,BRN-FRO,cortical_structure,4
IXI340,UNesT,0.2.7,BRN-PLANUM-TEMPORALE,PT----planum-temporale,RIGHT,3118,3118.0,BRN-TEM,anatomical_structure,4
IXI340,UNesT,0.2.7,BRN-PLANUM-TEMPORALE,PT----planum-temporale,LEFT,3051,3051.0,BRN-TEM,anatomical_structure,4
IXI340,UNesT,0.2.7,BRN-SUBCALLOSAL-AREA,SCA---subcallosal-area,RIGHT,2222,2222.0,BRN-LIM,anatomical_structure,4
IXI340,UNesT,0.2.7,BRN-SUBCALLOSAL-AREA,SCA---subcallosal-area,LEFT,2419,2419.0,BRN-LIM,anatomical_structure,4
IXI340,UNesT,0.2.7,BRN-SUPPLEMENTARY-MOTOR-CORTEX,SMC---supplementary-motor-cortex,RIGHT,9333,9333.0,BRN-FRO,anatomical_structure,4
IXI340,UNesT,0.2.7,BRN-SUPPLEMENTARY-MOTOR-CORTEX,SMC---supplementary-motor-cortex,LEFT,10196,10196.0,BRN-FRO,anatomical_structure,4
IXI340,UNesT,0.2.7,BRN-SUPRAMARGINAL-GYRUS,SMG---supramarginal-gyrus,RIGHT,11561,11561.0,BRN-PAR,anatomical_structure,4
IXI340,UNesT,0.2.7,BRN-SUPRAMARGINAL-GYRUS,SMG---supramarginal-gyrus,LEFT,13497,13497.0,BRN-PAR,anatomical_structure,4
IXI340,UNesT,0.2.7,BRN-SUPERIOR-OCCIPITAL-GYRUS,SOG---superior-occipital-gyrus,RIGHT,5853,5853.0,BRN-OCC,anatomical_structure,4
IXI340,UNesT,0.2.7,BRN-SUPERIOR-OCCIPITAL-GYRUS,SOG---superior-occipital-gyrus,LEFT,3299,3299.0,BRN-OCC,anatomical_structure,4
IXI340,UNesT,0.2.7,BRN-SUPERIOR-PARIETAL-LOBULE,SPL---superior-parietal-lobule,RIGHT,16868,16868.0,BRN-CER-COR,anatomical_structure,1
IXI340,UNesT,0.2.7,BRN-SUPERIOR-PARIETAL-LOBULE,SPL---superior-parietal-lobule,LEFT,16768,16768.0,BRN-CER-COR,anatomical_structure,1
IXI340,UNesT,0.2.7,BRN-SUPERIOR-TEMPORAL-GYRUS,STG---superior-temporal-gyrus,RIGHT,11787,11787.0,BRN-TEM,anatomical_structure,4
IXI340,UNesT,0.2.7,BRN-SUPERIOR-TEMPORAL-GYRUS,STG---superior-temporal-gyrus,LEFT,12960,12960.0,BRN-TEM,anatomical_structure,4
IXI340,UNesT,0.2.7,BRN-TEMPORAL-POLE,TMP---temporal-pole,RIGHT,10531,10531.0,BRN-TEM,anatomical_structure,4
IXI340,UNesT,0.2.7,BRN-TEMPORAL-POLE,TMP---temporal-pole,LEFT,12231,12231.0,BRN-TEM,anatomical_structure,4
IXI340,UNesT,0.2.7,BRN-TRIFG-TRIANGULAR-PART-OF-THE-IFG,TrIFG-triangular-part-of-the-IFG,RIGHT,5091,5091.0,BRN-CER-COR,anatomical_structure,1
IXI340,UNesT,0.2.7,BRN-TRIFG-TRIANGULAR-PART-OF-THE-IFG,TrIFG-triangular-part-of-the-IFG,LEFT,5696,5696.0,BRN-CER-COR,anatomical_structure,1
IXI340,UNesT,0.2.7,BRN-TRANSVERSE-TEMPORAL-GYRUS,TTG---transverse-temporal-gyrus,RIGHT,2450,2450.0,BRN-TEM,anatomical_structure,4
IXI340,UNesT,0.2.7,BRN-TRANSVERSE-TEMPORAL-GYRUS,TTG---transverse-temporal-gyrus,LEFT,3419,3419.0,BRN-TEM,anatomical_structure,4
IXI347,UNesT,0.2.7,BRN-3RD-VENTRICLE,3rd-Ventricle,NONE,1738,1738.0,BRN-VEN,anatomical_structure,1
IXI347,UNesT,0.2.7,BRN-4TH-VENTRICLE,4th-Ventricle,NONE,2355,2355.0,BRN-VEN,anatomical_structure,1
IXI347,UNesT,0.2.7,BRN-ACC,Accumbens-Area,RIGHT,946,946.0,BRN-DGM,anatomical_structure,1
IXI347,UNesT,0.2.7,BRN-ACC,Accumbens-Area,LEFT,861,861.0,BRN-DGM,anatomical_structure,1
IXI347,UNesT,0.2.7,BRN-AMY,Amygdala,RIGHT,1303,1303.0,BRN-DGM,deep_gray_matter,1
IXI347,UNesT,0.2.7,BRN-AMY,Amygdala,LEFT,1313,1313.0,BRN-DGM,deep_gray_matter,1
IXI347,UNesT,0.2.7,BRN-BST,Brain-Stem,NONE,19058,19058.0,BRN-BST-GRP,brainstem,1
IXI347,UNesT,0.2.7,BRN-CAU,Caudate,RIGHT,4300,4300.0,BRN-DGM,deep_gray_matter,1
IXI347,UNesT,0.2.7,BRN-CAU,Caudate,LEFT,4601,4601.0,BRN-DGM,deep_gray_matter,1
IXI347,UNesT,0.2.7,BRN-CB-EXT,Cerebellum-Exterior,RIGHT,66771,66771.0,BRN-CBL,anatomical_structure,1
IXI347,UNesT,0.2.7,BRN-CB-EXT,Cerebellum-Exterior,LEFT,66291,66291.0,BRN-CBL,anatomical_structure,1
IXI347,UNesT,0.2.7,BRN-CB-WM,Cerebellum-White-Matter,RIGHT,4218,4218.0,BRN-CBL,anatomical_structure,1
IXI347,UNesT,0.2.7,BRN-CB-WM,Cerebellum-White-Matter,LEFT,8620,8620.0,BRN-CBL,anatomical_structure,1
IXI347,UNesT,0.2.7,BRN-CER-WM,Cerebral-White-Matter,RIGHT,267642,267642.0,BRN-WM,anatomical_structure,1
IXI347,UNesT,0.2.7,BRN-CER-WM,Cerebral-White-Matter,LEFT,301853,301853.0,BRN-WM,anatomical_structure,1
IXI347,UNesT,0.2.7,BRN-HIP,Hippocampus,RIGHT,5933,5933.0,BRN-LIM,deep_gray_matter,1
IXI347,UNesT,0.2.7,BRN-HIP,Hippocampus,LEFT,5217,5217.0,BRN-LIM,deep_gray_matter,1
IXI347,UNesT,0.2.7,BRN-INF-LAT-V,Inf-Lat-Vent,RIGHT,197,197.0,BRN-VEN,anatomical_structure,1
IXI347,UNesT,0.2.7,BRN-INF-LAT-V,Inf-Lat-Vent,LEFT,505,505.0,BRN-VEN,anatomical_structure,1
IXI347,UNesT,0.2.7,BRN-LAT-V,Lateral-Ventricle,RIGHT,8607,8607.0,BRN-VEN,anatomical_structure,1
IXI347,UNesT,0.2.7,BRN-LAT-V,Lateral-Ventricle,LEFT,8512,8512.0,BRN-VEN,anatomical_structure,1
IXI347,UNesT,0.2.7,BRN-PAL,Pallidum,RIGHT,1940,1940.0,BRN-DGM,deep_gray_matter,1
IXI347,UNesT,0.2.7,BRN-PAL,Pallidum,LEFT,2162,2162.0,BRN-DGM,deep_gray_matter,1
IXI347,UNesT,0.2.7,BRN-PUT,Putamen,RIGHT,5263,5263.0,BRN-DGM,deep_gray_matter,1
IXI347,UNesT,0.2.7,BRN-PUT,Putamen,LEFT,5252,5252.0,BRN-DGM,deep_gray_matter,1
IXI347,UNesT,0.2.7,BRN-THA,Thalamus-Proper,RIGHT,9621,9621.0,BRN-DGM,deep_gray_matter,1
IXI347,UNesT,0.2.7,BRN-THA,Thalamus-Proper,LEFT,10153,10153.0,BRN-DGM,deep_gray_matter,1
IXI347,UNesT,0.2.7,BRN-VDC,Ventral-DC,RIGHT,6736,6736.0,BRN-DGM,anatomical_structure,1
IXI347,UNesT,0.2.7,BRN-VDC,Ventral-DC,LEFT,6799,6799.0,BRN-DGM,anatomical_structure,1
IXI347,UNesT,0.2.7,BRN-CEREBELLAR-VERMAL-LOBULES-I-V,Cerebellar-Vermal-Lobules-I-V,NONE,8030,8030.0,BRN-CBL,anatomical_structure,1
IXI347,UNesT,0.2.7,BRN-CEREBELLAR-VERMAL-LOBULES-VI-VII,Cerebellar-Vermal-Lobules-VI-VII,NONE,3816,3816.0,BRN-CBL,anatomical_structure,1
IXI347,UNesT,0.2.7,BRN-CEREBELLAR-VERMAL-LOBULES-VIII-X,Cerebellar-Vermal-Lobules-VIII-X,NONE,3717,3717.0,BRN-CBL,anatomical_structure,1
IXI347,UNesT,0.2.7,BRN-BASAL-FOREBRAIN,Basal-Forebrain,LEFT,916,916.0,BRN-DGM,anatomical_structure,1
IXI347,UNesT,0.2.7,BRN-BASAL-FOREBRAIN,Basal-Forebrain,RIGHT,756,756.0,BRN-DGM,anatomical_structure,1
IXI347,UNesT,0.2.7,BRN-ANTERIOR-CINGULATE-GYRUS,ACgG--anterior-cingulate-gyrus,RIGHT,8130,8130.0,BRN-LIM,anatomical_structure,4
IXI347,UNesT,0.2.7,BRN-ANTERIOR-CINGULATE-GYRUS,ACgG--anterior-cingulate-gyrus,LEFT,9826,9826.0,BRN-LIM,anatomical_structure,4
IXI347,UNesT,0.2.7,BRN-ANTERIOR-INSULA,AIns--anterior-insula,RIGHT,5675,5675.0,BRN-INS,anatomical_structure,4
IXI347,UNesT,0.2.7,BRN-ANTERIOR-INSULA,AIns--anterior-insula,LEFT,6237,6237.0,BRN-INS,anatomical_structure,4
IXI347,UNesT,0.2.7,BRN-ANTERIOR-ORBITAL-GYRUS,AOrG--anterior-orbital-gyrus,RIGHT,4253,4253.0,BRN-FRO,anatomical_structure,4
IXI347,UNesT,0.2.7,BRN-ANTERIOR-ORBITAL-GYRUS,AOrG--anterior-orbital-gyrus,LEFT,2078,2078.0,BRN-FRO,anatomical_structure,4
IXI347,UNesT,0.2.7,BRN-ANGULAR-GYRUS,AnG---angular-gyrus,RIGHT,15857,15857.0,BRN-PAR,anatomical_structure,4
IXI347,UNesT,0.2.7,BRN-ANGULAR-GYRUS,AnG---angular-gyrus,LEFT,12396,12396.0,BRN-PAR,anatomical_structure,4
IXI347,UNesT,0.2.7,BRN-CALCARINE-CORTEX,Calc--calcarine-cortex,RIGHT,3456,3456.0,BRN-OCC,anatomical_structure,4
IXI347,UNesT,0.2.7,BRN-CALCARINE-CORTEX,Calc--calcarine-cortex,LEFT,3111,3111.0,BRN-OCC,anatomical_structure,4
IXI347,UNesT,0.2.7,BRN-CENTRAL-OPERCULUM,CO----central-operculum,RIGHT,7520,7520.0,BRN-CER-COR,anatomical_structure,3
IXI347,UNesT,0.2.7,BRN-CENTRAL-OPERCULUM,CO----central-operculum,LEFT,6710,6710.0,BRN-CER-COR,anatomical_structure,3
IXI347,UNesT,0.2.7,BRN-CUNEUS,Cun---cuneus,RIGHT,5306,5306.0,BRN-CER-COR,anatomical_structure,1
IXI347,UNesT,0.2.7,BRN-CUNEUS,Cun---cuneus,LEFT,4524,4524.0,BRN-CER-COR,anatomical_structure,1
IXI347,UNesT,0.2.7,BRN-ENTORHINAL-AREA,Ent---entorhinal-area,RIGHT,3391,3391.0,BRN-LIM,anatomical_structure,1
IXI347,UNesT,0.2.7,BRN-ENTORHINAL-AREA,Ent---entorhinal-area,LEFT,3626,3626.0,BRN-LIM,anatomical_structure,1
IXI347,UNesT,0.2.7,BRN-FRONTAL-OPERCULUM,FO----frontal-operculum,RIGHT,3606,3606.0,BRN-FRO,anatomical_structure,4
IXI347,UNesT,0.2.7,BRN-FRONTAL-OPERCULUM,FO----frontal-operculum,LEFT,3784,3784.0,BRN-FRO,anatomical_structure,4
IXI347,UNesT,0.2.7,BRN-FRONTAL-POLE,FRP---frontal-pole,RIGHT,4764,4764.0,BRN-FRO,anatomical_structure,4
IXI347,UNesT,0.2.7,BRN-FRONTAL-POLE,FRP---frontal-pole,LEFT,4780,4780.0,BRN-FRO,anatomical_structure,4
IXI347,UNesT,0.2.7,BRN-FUSIFORM-GYRUS,FuG---fusiform-gyrus,RIGHT,11160,11160.0,BRN-TEM,anatomical_structure,4
IXI347,UNesT,0.2.7,BRN-FUSIFORM-GYRUS,FuG---fusiform-gyrus,LEFT,9831,9831.0,BRN-TEM,anatomical_structure,4
IXI347,UNesT,0.2.7,BRN-GYRUS-RECTUS,GRe---gyrus-rectus,RIGHT,2845,2845.0,BRN-FRO,anatomical_structure,4
IXI347,UNesT,0.2.7,BRN-GYRUS-RECTUS,GRe---gyrus-rectus,LEFT,3189,3189.0,BRN-FRO,anatomical_structure,4
IXI347,UNesT,0.2.7,BRN-INFERIOR-OCCIPITAL-GYRUS,IOG---inferior-occipital-gyrus,RIGHT,10037,10037.0,BRN-OCC,anatomical_structure,4
IXI347,UNesT,0.2.7,BRN-INFERIOR-OCCIPITAL-GYRUS,IOG---inferior-occipital-gyrus,LEFT,9374,9374.0,BRN-OCC,anatomical_structure,4
IXI347,UNesT,0.2.7,BRN-INFERIOR-TEMPORAL-GYRUS,ITG---inferior-temporal-gyrus,RIGHT,15817,15817.0,BRN-TEM,anatomical_structure,4
IXI347,UNesT,0.2.7,BRN-INFERIOR-TEMPORAL-GYRUS,ITG---inferior-temporal-gyrus,LEFT,17934,17934.0,BRN-TEM,anatomical_structure,4
IXI347,UNesT,0.2.7,BRN-LINGUAL-GYRUS,LiG---lingual-gyrus,RIGHT,14485,14485.0,BRN-OCC,anatomical_structure,4
IXI347,UNesT,0.2.7,BRN-LINGUAL-GYRUS,LiG---lingual-gyrus,LEFT,11457,11457.0,BRN-OCC,anatomical_structure,4
IXI347,UNesT,0.2.7,BRN-LATERAL-ORBITAL-GYRUS,LOrG--lateral-orbital-gyrus,RIGHT,4623,4623.0,BRN-FRO,anatomical_structure,4
IXI347,UNesT,0.2.7,BRN-LATERAL-ORBITAL-GYRUS,LOrG--lateral-orbital-gyrus,LEFT,4039,4039.0,BRN-FRO,anatomical_structure,4
IXI347,UNesT,0.2.7,BRN-MIDDLE-CINGULATE-GYRUS,MCgG--middle-cingulate-gyrus,RIGHT,6807,6807.0,BRN-LIM,anatomical_structure,4
IXI347,UNesT,0.2.7,BRN-MIDDLE-CINGULATE-GYRUS,MCgG--middle-cingulate-gyrus,LEFT,7407,7407.0,BRN-LIM,anatomical_structure,4
IXI347,UNesT,0.2.7,BRN-MEDIAL-FRONTAL-CORTEX,MFC---medial-frontal-cortex,RIGHT,3584,3584.0,BRN-FRO,anatomical_structure,4
IXI347,UNesT,0.2.7,BRN-MEDIAL-FRONTAL-CORTEX,MFC---medial-frontal-cortex,LEFT,3380,3380.0,BRN-FRO,anatomical_structure,4
IXI347,UNesT,0.2.7,BRN-MIDDLE-FRONTAL-GYRUS,MFG---middle-frontal-gyrus,RIGHT,32689,32689.0,BRN-FRO,anatomical_structure,4
IXI347,UNesT,0.2.7,BRN-MIDDLE-FRONTAL-GYRUS,MFG---middle-frontal-gyrus,LEFT,35430,35430.0,BRN-FRO,anatomical_structure,4
IXI347,UNesT,0.2.7,BRN-MIDDLE-OCCIPITAL-GYRUS,MOG---middle-occipital-gyrus,RIGHT,7378,7378.0,BRN-OCC,anatomical_structure,4
IXI347,UNesT,0.2.7,BRN-MIDDLE-OCCIPITAL-GYRUS,MOG---middle-occipital-gyrus,LEFT,7080,7080.0,BRN-OCC,anatomical_structure,4
IXI347,UNesT,0.2.7,BRN-MEDIAL-ORBITAL-GYRUS,MOrG--medial-orbital-gyrus,RIGHT,5879,5879.0,BRN-FRO,anatomical_structure,4
IXI347,UNesT,0.2.7,BRN-MEDIAL-ORBITAL-GYRUS,MOrG--medial-orbital-gyrus,LEFT,7443,7443.0,BRN-FRO,anatomical_structure,4
IXI347,UNesT,0.2.7,BRN-POG-MED,"Postcentral Gyrus, Medial Segment",RIGHT,1766,1766.0,BRN-PAR,cortical_subregion,4
IXI347,UNesT,0.2.7,BRN-POG-MED,"Postcentral Gyrus, Medial Segment",LEFT,1274,1274.0,BRN-PAR,cortical_subregion,4
IXI347,UNesT,0.2.7,BRN-PRG-MED,"Precentral Gyrus, Medial Segment",RIGHT,4329,4329.0,BRN-FRO,cortical_subregion,4
IXI347,UNesT,0.2.7,BRN-PRG-MED,"Precentral Gyrus, Medial Segment",LEFT,2897,2897.0,BRN-FRO,cortical_subregion,4
IXI347,UNesT,0.2.7,BRN-SUPERIOR-FRONTAL-GYRUS,MSFG--superior-frontal-gyrus,RIGHT,39082,39082.0,BRN-FRO,anatomical_structure,4
IXI347,UNesT,0.2.7,BRN-SUPERIOR-FRONTAL-GYRUS,MSFG--superior-frontal-gyrus,LEFT,32110,32110.0,BRN-FRO,anatomical_structure,4
IXI347,UNesT,0.2.7,BRN-MIDDLE-TEMPORAL-GYRUS,MTG---middle-temporal-gyrus,RIGHT,24104,24104.0,BRN-TEM,anatomical_structure,4
IXI347,UNesT,0.2.7,BRN-MIDDLE-TEMPORAL-GYRUS,MTG---middle-temporal-gyrus,LEFT,17838,17838.0,BRN-TEM,anatomical_structure,4
IXI347,UNesT,0.2.7,BRN-OCCIPITAL-POLE,OCP---occipital-pole,RIGHT,4208,4208.0,BRN-OCC,anatomical_structure,4
IXI347,UNesT,0.2.7,BRN-OCCIPITAL-POLE,OCP---occipital-pole,LEFT,5040,5040.0,BRN-OCC,anatomical_structure,4
IXI347,UNesT,0.2.7,BRN-OCCIPITAL-FUSIFORM-GYRUS,OFuG--occipital-fusiform-gyrus,RIGHT,7484,7484.0,BRN-OCC,anatomical_structure,4
IXI347,UNesT,0.2.7,BRN-OCCIPITAL-FUSIFORM-GYRUS,OFuG--occipital-fusiform-gyrus,LEFT,5254,5254.0,BRN-OCC,anatomical_structure,4
IXI347,UNesT,0.2.7,BRN-OPIFG-OPERCULAR-PART-OF-THE-IFG,OpIFG-opercular-part-of-the-IFG,RIGHT,5287,5287.0,BRN-CER-COR,anatomical_structure,1
IXI347,UNesT,0.2.7,BRN-OPIFG-OPERCULAR-PART-OF-THE-IFG,OpIFG-opercular-part-of-the-IFG,LEFT,5477,5477.0,BRN-CER-COR,anatomical_structure,1
IXI347,UNesT,0.2.7,BRN-ORIFG-ORBITAL-PART-OF-THE-IFG,OrIFG-orbital-part-of-the-IFG,RIGHT,1811,1811.0,BRN-CER-COR,anatomical_structure,1
IXI347,UNesT,0.2.7,BRN-ORIFG-ORBITAL-PART-OF-THE-IFG,OrIFG-orbital-part-of-the-IFG,LEFT,2958,2958.0,BRN-CER-COR,anatomical_structure,1
IXI347,UNesT,0.2.7,BRN-POSTERIOR-CINGULATE-GYRUS,PCgG--posterior-cingulate-gyrus,RIGHT,5762,5762.0,BRN-LIM,anatomical_structure,4
IXI347,UNesT,0.2.7,BRN-POSTERIOR-CINGULATE-GYRUS,PCgG--posterior-cingulate-gyrus,LEFT,5440,5440.0,BRN-LIM,anatomical_structure,4
IXI347,UNesT,0.2.7,BRN-PCU,PCu---precuneus,RIGHT,16760,16760.0,BRN-PAR,cortical_structure,4
IXI347,UNesT,0.2.7,BRN-PCU,PCu---precuneus,LEFT,15552,15552.0,BRN-PAR,cortical_structure,4
IXI347,UNesT,0.2.7,BRN-PARAHIPPOCAMPAL-GYRUS,PHG---parahippocampal-gyrus,RIGHT,4772,4772.0,BRN-LIM,anatomical_structure,4
IXI347,UNesT,0.2.7,BRN-PARAHIPPOCAMPAL-GYRUS,PHG---parahippocampal-gyrus,LEFT,4573,4573.0,BRN-LIM,anatomical_structure,4
IXI347,UNesT,0.2.7,BRN-POSTERIOR-INSULA,PIns--posterior-insula,RIGHT,4604,4604.0,BRN-INS,anatomical_structure,4
IXI347,UNesT,0.2.7,BRN-POSTERIOR-INSULA,PIns--posterior-insula,LEFT,3538,3538.0,BRN-INS,anatomical_structure,4
IXI347,UNesT,0.2.7,BRN-PARIETAL-OPERCULUM,PO----parietal-operculum,RIGHT,3652,3652.0,BRN-PAR,anatomical_structure,4
IXI347,UNesT,0.2.7,BRN-PARIETAL-OPERCULUM,PO----parietal-operculum,LEFT,4646,4646.0,BRN-PAR,anatomical_structure,4
IXI347,UNesT,0.2.7,BRN-POG,MPoG--postcentral-gyrus,RIGHT,19923,19923.0,BRN-PAR,cortical_structure,4
IXI347,UNesT,0.2.7,BRN-POG,MPoG--postcentral-gyrus,LEFT,19678,19678.0,BRN-PAR,cortical_structure,4
IXI347,UNesT,0.2.7,BRN-POSTERIOR-ORBITAL-GYRUS,POrG--posterior-orbital-gyrus,RIGHT,3586,3586.0,BRN-FRO,anatomical_structure,4
IXI347,UNesT,0.2.7,BRN-POSTERIOR-ORBITAL-GYRUS,POrG--posterior-orbital-gyrus,LEFT,5476,5476.0,BRN-FRO,anatomical_structure,4
IXI347,UNesT,0.2.7,BRN-PLANUM-POLARE,PP----planum-polare,RIGHT,3416,3416.0,BRN-TEM,anatomical_structure,4
IXI347,UNesT,0.2.7,BRN-PLANUM-POLARE,PP----planum-polare,LEFT,3965,3965.0,BRN-TEM,anatomical_structure,4
IXI347,UNesT,0.2.7,BRN-PRG,MPrG--precentral-gyrus,RIGHT,19574,19574.0,BRN-FRO,cortical_structure,4
IXI347,UNesT,0.2.7,BRN-PRG,MPrG--precentral-gyrus,LEFT,17180,17180.0,BRN-FRO,cortical_structure,4
IXI347,UNesT,0.2.7,BRN-PLANUM-TEMPORALE,PT----planum-temporale,RIGHT,2850,2850.0,BRN-TEM,anatomical_structure,4
IXI347,UNesT,0.2.7,BRN-PLANUM-TEMPORALE,PT----planum-temporale,LEFT,3202,3202.0,BRN-TEM,anatomical_structure,4
IXI347,UNesT,0.2.7,BRN-SUBCALLOSAL-AREA,SCA---subcallosal-area,RIGHT,1757,1757.0,BRN-LIM,anatomical_structure,4
IXI347,UNesT,0.2.7,BRN-SUBCALLOSAL-AREA,SCA---subcallosal-area,LEFT,1812,1812.0,BRN-LIM,anatomical_structure,4
IXI347,UNesT,0.2.7,BRN-SUPPLEMENTARY-MOTOR-CORTEX,SMC---supplementary-motor-cortex,RIGHT,9374,9374.0,BRN-FRO,anatomical_structure,4
IXI347,UNesT,0.2.7,BRN-SUPPLEMENTARY-MOTOR-CORTEX,SMC---supplementary-motor-cortex,LEFT,8985,8985.0,BRN-FRO,anatomical_structure,4
IXI347,UNesT,0.2.7,BRN-SUPRAMARGINAL-GYRUS,SMG---supramarginal-gyrus,RIGHT,11167,11167.0,BRN-PAR,anatomical_structure,4
IXI347,UNesT,0.2.7,BRN-SUPRAMARGINAL-GYRUS,SMG---supramarginal-gyrus,LEFT,13242,13242.0,BRN-PAR,anatomical_structure,4
IXI347,UNesT,0.2.7,BRN-SUPERIOR-OCCIPITAL-GYRUS,SOG---superior-occipital-gyrus,RIGHT,4819,4819.0,BRN-OCC,anatomical_structure,4
IXI347,UNesT,0.2.7,BRN-SUPERIOR-OCCIPITAL-GYRUS,SOG---superior-occipital-gyrus,LEFT,3408,3408.0,BRN-OCC,anatomical_structure,4
IXI347,UNesT,0.2.7,BRN-SUPERIOR-PARIETAL-LOBULE,SPL---superior-parietal-lobule,RIGHT,16730,16730.0,BRN-CER-COR,anatomical_structure,1
IXI347,UNesT,0.2.7,BRN-SUPERIOR-PARIETAL-LOBULE,SPL---superior-parietal-lobule,LEFT,17500,17500.0,BRN-CER-COR,anatomical_structure,1
IXI347,UNesT,0.2.7,BRN-SUPERIOR-TEMPORAL-GYRUS,STG---superior-temporal-gyrus,RIGHT,12342,12342.0,BRN-TEM,anatomical_structure,4
IXI347,UNesT,0.2.7,BRN-SUPERIOR-TEMPORAL-GYRUS,STG---superior-temporal-gyrus,LEFT,10775,10775.0,BRN-TEM,anatomical_structure,4
IXI347,UNesT,0.2.7,BRN-TEMPORAL-POLE,TMP---temporal-pole,RIGHT,16526,16526.0,BRN-TEM,anatomical_structure,4
IXI347,UNesT,0.2.7,BRN-TEMPORAL-POLE,TMP---temporal-pole,LEFT,13384,13384.0,BRN-TEM,anatomical_structure,4
IXI347,UNesT,0.2.7,BRN-TRIFG-TRIANGULAR-PART-OF-THE-IFG,TrIFG-triangular-part-of-the-IFG,RIGHT,4761,4761.0,BRN-CER-COR,anatomical_structure,1
IXI347,UNesT,0.2.7,BRN-TRIFG-TRIANGULAR-PART-OF-THE-IFG,TrIFG-triangular-part-of-the-IFG,LEFT,4704,4704.0,BRN-CER-COR,anatomical_structure,1
IXI347,UNesT,0.2.7,BRN-TRANSVERSE-TEMPORAL-GYRUS,TTG---transverse-temporal-gyrus,RIGHT,3613,3613.0,BRN-TEM,anatomical_structure,4
IXI347,UNesT,0.2.7,BRN-TRANSVERSE-TEMPORAL-GYRUS,TTG---transverse-temporal-gyrus,LEFT,3630,3630.0,BRN-TEM,anatomical_structure,4
IXI307,UNesT,0.2.7,BRN-3RD-VENTRICLE,3rd-Ventricle,NONE,1460,1460.0,BRN-VEN,anatomical_structure,1
IXI307,UNesT,0.2.7,BRN-4TH-VENTRICLE,4th-Ventricle,NONE,2036,2036.0,BRN-VEN,anatomical_structure,1
IXI307,UNesT,0.2.7,BRN-ACC,Accumbens-Area,RIGHT,555,555.0,BRN-DGM,anatomical_structure,1
IXI307,UNesT,0.2.7,BRN-ACC,Accumbens-Area,LEFT,678,678.0,BRN-DGM,anatomical_structure,1
IXI307,UNesT,0.2.7,BRN-AMY,Amygdala,RIGHT,1260,1260.0,BRN-DGM,deep_gray_matter,1
IXI307,UNesT,0.2.7,BRN-AMY,Amygdala,LEFT,1303,1303.0,BRN-DGM,deep_gray_matter,1
IXI307,UNesT,0.2.7,BRN-BST,Brain-Stem,NONE,24102,24102.0,BRN-BST-GRP,brainstem,1
IXI307,UNesT,0.2.7,BRN-CAU,Caudate,RIGHT,3805,3805.0,BRN-DGM,deep_gray_matter,1
IXI307,UNesT,0.2.7,BRN-CAU,Caudate,LEFT,4050,4050.0,BRN-DGM,deep_gray_matter,1
IXI307,UNesT,0.2.7,BRN-CB-EXT,Cerebellum-Exterior,RIGHT,72246,72246.0,BRN-CBL,anatomical_structure,1
IXI307,UNesT,0.2.7,BRN-CB-EXT,Cerebellum-Exterior,LEFT,70336,70336.0,BRN-CBL,anatomical_structure,1
IXI307,UNesT,0.2.7,BRN-CB-WM,Cerebellum-White-Matter,RIGHT,20078,20078.0,BRN-CBL,anatomical_structure,1
IXI307,UNesT,0.2.7,BRN-CB-WM,Cerebellum-White-Matter,LEFT,23520,23520.0,BRN-CBL,anatomical_structure,1
IXI307,UNesT,0.2.7,BRN-CER-WM,Cerebral-White-Matter,RIGHT,253420,253420.0,BRN-WM,anatomical_structure,1
IXI307,UNesT,0.2.7,BRN-CER-WM,Cerebral-White-Matter,LEFT,259189,259189.0,BRN-WM,anatomical_structure,1
IXI307,UNesT,0.2.7,BRN-HIP,Hippocampus,RIGHT,4715,4715.0,BRN-LIM,deep_gray_matter,1
IXI307,UNesT,0.2.7,BRN-HIP,Hippocampus,LEFT,4979,4979.0,BRN-LIM,deep_gray_matter,1
IXI307,UNesT,0.2.7,BRN-INF-LAT-V,Inf-Lat-Vent,RIGHT,296,296.0,BRN-VEN,anatomical_structure,1
IXI307,UNesT,0.2.7,BRN-INF-LAT-V,Inf-Lat-Vent,LEFT,266,266.0,BRN-VEN,anatomical_structure,1
IXI307,UNesT,0.2.7,BRN-LAT-V,Lateral-Ventricle,RIGHT,8851,8851.0,BRN-VEN,anatomical_structure,1
IXI307,UNesT,0.2.7,BRN-LAT-V,Lateral-Ventricle,LEFT,11698,11698.0,BRN-VEN,anatomical_structure,1
IXI307,UNesT,0.2.7,BRN-PAL,Pallidum,RIGHT,1877,1877.0,BRN-DGM,deep_gray_matter,1
IXI307,UNesT,0.2.7,BRN-PAL,Pallidum,LEFT,1864,1864.0,BRN-DGM,deep_gray_matter,1
IXI307,UNesT,0.2.7,BRN-PUT,Putamen,RIGHT,4820,4820.0,BRN-DGM,deep_gray_matter,1
IXI307,UNesT,0.2.7,BRN-PUT,Putamen,LEFT,4742,4742.0,BRN-DGM,deep_gray_matter,1
IXI307,UNesT,0.2.7,BRN-THA,Thalamus-Proper,RIGHT,8775,8775.0,BRN-DGM,deep_gray_matter,1
IXI307,UNesT,0.2.7,BRN-THA,Thalamus-Proper,LEFT,9485,9485.0,BRN-DGM,deep_gray_matter,1
IXI307,UNesT,0.2.7,BRN-VDC,Ventral-DC,RIGHT,6934,6934.0,BRN-DGM,anatomical_structure,1
IXI307,UNesT,0.2.7,BRN-VDC,Ventral-DC,LEFT,6751,6751.0,BRN-DGM,anatomical_structure,1
IXI307,UNesT,0.2.7,BRN-CEREBELLAR-VERMAL-LOBULES-I-V,Cerebellar-Vermal-Lobules-I-V,NONE,8033,8033.0,BRN-CBL,anatomical_structure,1
IXI307,UNesT,0.2.7,BRN-CEREBELLAR-VERMAL-LOBULES-VI-VII,Cerebellar-Vermal-Lobules-VI-VII,NONE,3922,3922.0,BRN-CBL,anatomical_structure,1
IXI307,UNesT,0.2.7,BRN-CEREBELLAR-VERMAL-LOBULES-VIII-X,Cerebellar-Vermal-Lobules-VIII-X,NONE,4296,4296.0,BRN-CBL,anatomical_structure,1
IXI307,UNesT,0.2.7,BRN-BASAL-FOREBRAIN,Basal-Forebrain,LEFT,889,889.0,BRN-DGM,anatomical_structure,1
IXI307,UNesT,0.2.7,BRN-BASAL-FOREBRAIN,Basal-Forebrain,RIGHT,700,700.0,BRN-DGM,anatomical_structure,1
IXI307,UNesT,0.2.7,BRN-ANTERIOR-CINGULATE-GYRUS,ACgG--anterior-cingulate-gyrus,RIGHT,7615,7615.0,BRN-LIM,anatomical_structure,4
IXI307,UNesT,0.2.7,BRN-ANTERIOR-CINGULATE-GYRUS,ACgG--anterior-cingulate-gyrus,LEFT,6855,6855.0,BRN-LIM,anatomical_structure,4
IXI307,UNesT,0.2.7,BRN-ANTERIOR-INSULA,AIns--anterior-insula,RIGHT,5177,5177.0,BRN-INS,anatomical_structure,4
IXI307,UNesT,0.2.7,BRN-ANTERIOR-INSULA,AIns--anterior-insula,LEFT,5768,5768.0,BRN-INS,anatomical_structure,4
IXI307,UNesT,0.2.7,BRN-ANTERIOR-ORBITAL-GYRUS,AOrG--anterior-orbital-gyrus,RIGHT,3475,3475.0,BRN-FRO,anatomical_structure,4
IXI307,UNesT,0.2.7,BRN-ANTERIOR-ORBITAL-GYRUS,AOrG--anterior-orbital-gyrus,LEFT,2613,2613.0,BRN-FRO,anatomical_structure,4
IXI307,UNesT,0.2.7,BRN-ANGULAR-GYRUS,AnG---angular-gyrus,RIGHT,18370,18370.0,BRN-PAR,anatomical_structure,4
IXI307,UNesT,0.2.7,BRN-ANGULAR-GYRUS,AnG---angular-gyrus,LEFT,14309,14309.0,BRN-PAR,anatomical_structure,4
IXI307,UNesT,0.2.7,BRN-CALCARINE-CORTEX,Calc--calcarine-cortex,RIGHT,2840,2840.0,BRN-OCC,anatomical_structure,4
IXI307,UNesT,0.2.7,BRN-CALCARINE-CORTEX,Calc--calcarine-cortex,LEFT,2324,2324.0,BRN-OCC,anatomical_structure,4
IXI307,UNesT,0.2.7,BRN-CENTRAL-OPERCULUM,CO----central-operculum,RIGHT,6986,6986.0,BRN-CER-COR,anatomical_structure,3
IXI307,UNesT,0.2.7,BRN-CENTRAL-OPERCULUM,CO----central-operculum,LEFT,6943,6943.0,BRN-CER-COR,anatomical_structure,3
IXI307,UNesT,0.2.7,BRN-CUNEUS,Cun---cuneus,RIGHT,5887,5887.0,BRN-CER-COR,anatomical_structure,1
IXI307,UNesT,0.2.7,BRN-CUNEUS,Cun---cuneus,LEFT,5689,5689.0,BRN-CER-COR,anatomical_structure,1
IXI307,UNesT,0.2.7,BRN-ENTORHINAL-AREA,Ent---entorhinal-area,RIGHT,2888,2888.0,BRN-LIM,anatomical_structure,1
IXI307,UNesT,0.2.7,BRN-ENTORHINAL-AREA,Ent---entorhinal-area,LEFT,2973,2973.0,BRN-LIM,anatomical_structure,1
IXI307,UNesT,0.2.7,BRN-FRONTAL-OPERCULUM,FO----frontal-operculum,RIGHT,3264,3264.0,BRN-FRO,anatomical_structure,4
IXI307,UNesT,0.2.7,BRN-FRONTAL-OPERCULUM,FO----frontal-operculum,LEFT,3540,3540.0,BRN-FRO,anatomical_structure,4
IXI307,UNesT,0.2.7,BRN-FRONTAL-POLE,FRP---frontal-pole,RIGHT,4943,4943.0,BRN-FRO,anatomical_structure,4
IXI307,UNesT,0.2.7,BRN-FRONTAL-POLE,FRP---frontal-pole,LEFT,4772,4772.0,BRN-FRO,anatomical_structure,4
IXI307,UNesT,0.2.7,BRN-FUSIFORM-GYRUS,FuG---fusiform-gyrus,RIGHT,10175,10175.0,BRN-TEM,anatomical_structure,4
IXI307,UNesT,0.2.7,BRN-FUSIFORM-GYRUS,FuG---fusiform-gyrus,LEFT,9255,9255.0,BRN-TEM,anatomical_structure,4
IXI307,UNesT,0.2.7,BRN-GYRUS-RECTUS,GRe---gyrus-rectus,RIGHT,2759,2759.0,BRN-FRO,anatomical_structure,4
IXI307,UNesT,0.2.7,BRN-GYRUS-RECTUS,GRe---gyrus-rectus,LEFT,3320,3320.0,BRN-FRO,anatomical_structure,4
IXI307,UNesT,0.2.7,BRN-INFERIOR-OCCIPITAL-GYRUS,IOG---inferior-occipital-gyrus,RIGHT,7554,7554.0,BRN-OCC,anatomical_structure,4
IXI307,UNesT,0.2.7,BRN-INFERIOR-OCCIPITAL-GYRUS,IOG---inferior-occipital-gyrus,LEFT,7161,7161.0,BRN-OCC,anatomical_structure,4
IXI307,UNesT,0.2.7,BRN-INFERIOR-TEMPORAL-GYRUS,ITG---inferior-temporal-gyrus,RIGHT,18578,18578.0,BRN-TEM,anatomical_structure,4
IXI307,UNesT,0.2.7,BRN-INFERIOR-TEMPORAL-GYRUS,ITG---inferior-temporal-gyrus,LEFT,19852,19852.0,BRN-TEM,anatomical_structure,4
IXI307,UNesT,0.2.7,BRN-LINGUAL-GYRUS,LiG---lingual-gyrus,RIGHT,11410,11410.0,BRN-OCC,anatomical_structure,4
IXI307,UNesT,0.2.7,BRN-LINGUAL-GYRUS,LiG---lingual-gyrus,LEFT,9856,9856.0,BRN-OCC,anatomical_structure,4
IXI307,UNesT,0.2.7,BRN-LATERAL-ORBITAL-GYRUS,LOrG--lateral-orbital-gyrus,RIGHT,4951,4951.0,BRN-FRO,anatomical_structure,4
IXI307,UNesT,0.2.7,BRN-LATERAL-ORBITAL-GYRUS,LOrG--lateral-orbital-gyrus,LEFT,4445,4445.0,BRN-FRO,anatomical_structure,4
IXI307,UNesT,0.2.7,BRN-MIDDLE-CINGULATE-GYRUS,MCgG--middle-cingulate-gyrus,RIGHT,6205,6205.0,BRN-LIM,anatomical_structure,4
IXI307,UNesT,0.2.7,BRN-MIDDLE-CINGULATE-GYRUS,MCgG--middle-cingulate-gyrus,LEFT,6786,6786.0,BRN-LIM,anatomical_structure,4
IXI307,UNesT,0.2.7,BRN-MEDIAL-FRONTAL-CORTEX,MFC---medial-frontal-cortex,RIGHT,3746,3746.0,BRN-FRO,anatomical_structure,4
IXI307,UNesT,0.2.7,BRN-MEDIAL-FRONTAL-CORTEX,MFC---medial-frontal-cortex,LEFT,3406,3406.0,BRN-FRO,anatomical_structure,4
IXI307,UNesT,0.2.7,BRN-MIDDLE-FRONTAL-GYRUS,MFG---middle-frontal-gyrus,RIGHT,33350,33350.0,BRN-FRO,anatomical_structure,4
IXI307,UNesT,0.2.7,BRN-MIDDLE-FRONTAL-GYRUS,MFG---middle-frontal-gyrus,LEFT,30793,30793.0,BRN-FRO,anatomical_structure,4
IXI307,UNesT,0.2.7,BRN-MIDDLE-OCCIPITAL-GYRUS,MOG---middle-occipital-gyrus,RIGHT,7573,7573.0,BRN-OCC,anatomical_structure,4
IXI307,UNesT,0.2.7,BRN-MIDDLE-OCCIPITAL-GYRUS,MOG---middle-occipital-gyrus,LEFT,6687,6687.0,BRN-OCC,anatomical_structure,4
IXI307,UNesT,0.2.7,BRN-MEDIAL-ORBITAL-GYRUS,MOrG--medial-orbital-gyrus,RIGHT,5699,5699.0,BRN-FRO,anatomical_structure,4
IXI307,UNesT,0.2.7,BRN-MEDIAL-ORBITAL-GYRUS,MOrG--medial-orbital-gyrus,LEFT,6479,6479.0,BRN-FRO,anatomical_structure,4
IXI307,UNesT,0.2.7,BRN-POG-MED,"Postcentral Gyrus, Medial Segment",RIGHT,2268,2268.0,BRN-PAR,cortical_subregion,4
IXI307,UNesT,0.2.7,BRN-POG-MED,"Postcentral Gyrus, Medial Segment",LEFT,2054,2054.0,BRN-PAR,cortical_subregion,4
IXI307,UNesT,0.2.7,BRN-PRG-MED,"Precentral Gyrus, Medial Segment",RIGHT,4562,4562.0,BRN-FRO,cortical_subregion,4
IXI307,UNesT,0.2.7,BRN-PRG-MED,"Precentral Gyrus, Medial Segment",LEFT,3763,3763.0,BRN-FRO,cortical_subregion,4
IXI307,UNesT,0.2.7,BRN-SUPERIOR-FRONTAL-GYRUS,MSFG--superior-frontal-gyrus,RIGHT,34869,34869.0,BRN-FRO,anatomical_structure,4
IXI307,UNesT,0.2.7,BRN-SUPERIOR-FRONTAL-GYRUS,MSFG--superior-frontal-gyrus,LEFT,38819,38819.0,BRN-FRO,anatomical_structure,4
IXI307,UNesT,0.2.7,BRN-MIDDLE-TEMPORAL-GYRUS,MTG---middle-temporal-gyrus,RIGHT,22779,22779.0,BRN-TEM,anatomical_structure,4
IXI307,UNesT,0.2.7,BRN-MIDDLE-TEMPORAL-GYRUS,MTG---middle-temporal-gyrus,LEFT,18753,18753.0,BRN-TEM,anatomical_structure,4
IXI307,UNesT,0.2.7,BRN-OCCIPITAL-POLE,OCP---occipital-pole,RIGHT,3970,3970.0,BRN-OCC,anatomical_structure,4
IXI307,UNesT,0.2.7,BRN-OCCIPITAL-POLE,OCP---occipital-pole,LEFT,3912,3912.0,BRN-OCC,anatomical_structure,4
IXI307,UNesT,0.2.7,BRN-OCCIPITAL-FUSIFORM-GYRUS,OFuG--occipital-fusiform-gyrus,RIGHT,5885,5885.0,BRN-OCC,anatomical_structure,4
IXI307,UNesT,0.2.7,BRN-OCCIPITAL-FUSIFORM-GYRUS,OFuG--occipital-fusiform-gyrus,LEFT,5908,5908.0,BRN-OCC,anatomical_structure,4
IXI307,UNesT,0.2.7,BRN-OPIFG-OPERCULAR-PART-OF-THE-IFG,OpIFG-opercular-part-of-the-IFG,RIGHT,4832,4832.0,BRN-CER-COR,anatomical_structure,1
IXI307,UNesT,0.2.7,BRN-OPIFG-OPERCULAR-PART-OF-THE-IFG,OpIFG-opercular-part-of-the-IFG,LEFT,5670,5670.0,BRN-CER-COR,anatomical_structure,1
IXI307,UNesT,0.2.7,BRN-ORIFG-ORBITAL-PART-OF-THE-IFG,OrIFG-orbital-part-of-the-IFG,RIGHT,2501,2501.0,BRN-CER-COR,anatomical_structure,1
IXI307,UNesT,0.2.7,BRN-ORIFG-ORBITAL-PART-OF-THE-IFG,OrIFG-orbital-part-of-the-IFG,LEFT,4137,4137.0,BRN-CER-COR,anatomical_structure,1
IXI307,UNesT,0.2.7,BRN-POSTERIOR-CINGULATE-GYRUS,PCgG--posterior-cingulate-gyrus,RIGHT,5597,5597.0,BRN-LIM,anatomical_structure,4
IXI307,UNesT,0.2.7,BRN-POSTERIOR-CINGULATE-GYRUS,PCgG--posterior-cingulate-gyrus,LEFT,6336,6336.0,BRN-LIM,anatomical_structure,4
IXI307,UNesT,0.2.7,BRN-PCU,PCu---precuneus,RIGHT,15059,15059.0,BRN-PAR,cortical_structure,4
IXI307,UNesT,0.2.7,BRN-PCU,PCu---precuneus,LEFT,14052,14052.0,BRN-PAR,cortical_structure,4
IXI307,UNesT,0.2.7,BRN-PARAHIPPOCAMPAL-GYRUS,PHG---parahippocampal-gyrus,RIGHT,4234,4234.0,BRN-LIM,anatomical_structure,4
IXI307,UNesT,0.2.7,BRN-PARAHIPPOCAMPAL-GYRUS,PHG---parahippocampal-gyrus,LEFT,4424,4424.0,BRN-LIM,anatomical_structure,4
IXI307,UNesT,0.2.7,BRN-POSTERIOR-INSULA,PIns--posterior-insula,RIGHT,3969,3969.0,BRN-INS,anatomical_structure,4
IXI307,UNesT,0.2.7,BRN-POSTERIOR-INSULA,PIns--posterior-insula,LEFT,2942,2942.0,BRN-INS,anatomical_structure,4
IXI307,UNesT,0.2.7,BRN-PARIETAL-OPERCULUM,PO----parietal-operculum,RIGHT,3697,3697.0,BRN-PAR,anatomical_structure,4
IXI307,UNesT,0.2.7,BRN-PARIETAL-OPERCULUM,PO----parietal-operculum,LEFT,2961,2961.0,BRN-PAR,anatomical_structure,4
IXI307,UNesT,0.2.7,BRN-POG,MPoG--postcentral-gyrus,RIGHT,17442,17442.0,BRN-PAR,cortical_structure,4
IXI307,UNesT,0.2.7,BRN-POG,MPoG--postcentral-gyrus,LEFT,18642,18642.0,BRN-PAR,cortical_structure,4
IXI307,UNesT,0.2.7,BRN-POSTERIOR-ORBITAL-GYRUS,POrG--posterior-orbital-gyrus,RIGHT,4358,4358.0,BRN-FRO,anatomical_structure,4
IXI307,UNesT,0.2.7,BRN-POSTERIOR-ORBITAL-GYRUS,POrG--posterior-orbital-gyrus,LEFT,4838,4838.0,BRN-FRO,anatomical_structure,4
IXI307,UNesT,0.2.7,BRN-PLANUM-POLARE,PP----planum-polare,RIGHT,3503,3503.0,BRN-TEM,anatomical_structure,4
IXI307,UNesT,0.2.7,BRN-PLANUM-POLARE,PP----planum-polare,LEFT,3882,3882.0,BRN-TEM,anatomical_structure,4
IXI307,UNesT,0.2.7,BRN-PRG,MPrG--precentral-gyrus,RIGHT,22912,22912.0,BRN-FRO,cortical_structure,4
IXI307,UNesT,0.2.7,BRN-PRG,MPrG--precentral-gyrus,LEFT,22406,22406.0,BRN-FRO,cortical_structure,4
IXI307,UNesT,0.2.7,BRN-PLANUM-TEMPORALE,PT----planum-temporale,RIGHT,3244,3244.0,BRN-TEM,anatomical_structure,4
IXI307,UNesT,0.2.7,BRN-PLANUM-TEMPORALE,PT----planum-temporale,LEFT,2536,2536.0,BRN-TEM,anatomical_structure,4
IXI307,UNesT,0.2.7,BRN-SUBCALLOSAL-AREA,SCA---subcallosal-area,RIGHT,1760,1760.0,BRN-LIM,anatomical_structure,4
IXI307,UNesT,0.2.7,BRN-SUBCALLOSAL-AREA,SCA---subcallosal-area,LEFT,1898,1898.0,BRN-LIM,anatomical_structure,4
IXI307,UNesT,0.2.7,BRN-SUPPLEMENTARY-MOTOR-CORTEX,SMC---supplementary-motor-cortex,RIGHT,7850,7850.0,BRN-FRO,anatomical_structure,4
IXI307,UNesT,0.2.7,BRN-SUPPLEMENTARY-MOTOR-CORTEX,SMC---supplementary-motor-cortex,LEFT,8702,8702.0,BRN-FRO,anatomical_structure,4
IXI307,UNesT,0.2.7,BRN-SUPRAMARGINAL-GYRUS,SMG---supramarginal-gyrus,RIGHT,10470,10470.0,BRN-PAR,anatomical_structure,4
IXI307,UNesT,0.2.7,BRN-SUPRAMARGINAL-GYRUS,SMG---supramarginal-gyrus,LEFT,13945,13945.0,BRN-PAR,anatomical_structure,4
IXI307,UNesT,0.2.7,BRN-SUPERIOR-OCCIPITAL-GYRUS,SOG---superior-occipital-gyrus,RIGHT,6194,6194.0,BRN-OCC,anatomical_structure,4
IXI307,UNesT,0.2.7,BRN-SUPERIOR-OCCIPITAL-GYRUS,SOG---superior-occipital-gyrus,LEFT,3701,3701.0,BRN-OCC,anatomical_structure,4
IXI307,UNesT,0.2.7,BRN-SUPERIOR-PARIETAL-LOBULE,SPL---superior-parietal-lobule,RIGHT,16434,16434.0,BRN-CER-COR,anatomical_structure,1
IXI307,UNesT,0.2.7,BRN-SUPERIOR-PARIETAL-LOBULE,SPL---superior-parietal-lobule,LEFT,19367,19367.0,BRN-CER-COR,anatomical_structure,1
IXI307,UNesT,0.2.7,BRN-SUPERIOR-TEMPORAL-GYRUS,STG---superior-temporal-gyrus,RIGHT,9863,9863.0,BRN-TEM,anatomical_structure,4
IXI307,UNesT,0.2.7,BRN-SUPERIOR-TEMPORAL-GYRUS,STG---superior-temporal-gyrus,LEFT,10393,10393.0,BRN-TEM,anatomical_structure,4
IXI307,UNesT,0.2.7,BRN-TEMPORAL-POLE,TMP---temporal-pole,RIGHT,11371,11371.0,BRN-TEM,anatomical_structure,4
IXI307,UNesT,0.2.7,BRN-TEMPORAL-POLE,TMP---temporal-pole,LEFT,12016,12016.0,BRN-TEM,anatomical_structure,4
IXI307,UNesT,0.2.7,BRN-TRIFG-TRIANGULAR-PART-OF-THE-IFG,TrIFG-triangular-part-of-the-IFG,RIGHT,5177,5177.0,BRN-CER-COR,anatomical_structure,1
IXI307,UNesT,0.2.7,BRN-TRIFG-TRIANGULAR-PART-OF-THE-IFG,TrIFG-triangular-part-of-the-IFG,LEFT,5152,5152.0,BRN-CER-COR,anatomical_structure,1
IXI307,UNesT,0.2.7,BRN-TRANSVERSE-TEMPORAL-GYRUS,TTG---transverse-temporal-gyrus,RIGHT,2362,2362.0,BRN-TEM,anatomical_structure,4
IXI307,UNesT,0.2.7,BRN-TRANSVERSE-TEMPORAL-GYRUS,TTG---transverse-temporal-gyrus,LEFT,3487,3487.0,BRN-TEM,anatomical_structure,4
IXI314,UNesT,0.2.7,BRN-3RD-VENTRICLE,3rd-Ventricle,NONE,1636,1636.0,BRN-VEN,anatomical_structure,1
IXI314,UNesT,0.2.7,BRN-4TH-VENTRICLE,4th-Ventricle,NONE,2336,2336.0,BRN-VEN,anatomical_structure,1
IXI314,UNesT,0.2.7,BRN-ACC,Accumbens-Area,RIGHT,735,735.0,BRN-DGM,anatomical_structure,1
IXI314,UNesT,0.2.7,BRN-ACC,Accumbens-Area,LEFT,859,859.0,BRN-DGM,anatomical_structure,1
IXI314,UNesT,0.2.7,BRN-AMY,Amygdala,RIGHT,1529,1529.0,BRN-DGM,deep_gray_matter,1
IXI314,UNesT,0.2.7,BRN-AMY,Amygdala,LEFT,1289,1289.0,BRN-DGM,deep_gray_matter,1
IXI314,UNesT,0.2.7,BRN-BST,Brain-Stem,NONE,17289,17289.0,BRN-BST-GRP,brainstem,1
IXI314,UNesT,0.2.7,BRN-CAU,Caudate,RIGHT,4080,4080.0,BRN-DGM,deep_gray_matter,1
IXI314,UNesT,0.2.7,BRN-CAU,Caudate,LEFT,4275,4275.0,BRN-DGM,deep_gray_matter,1
IXI314,UNesT,0.2.7,BRN-CB-EXT,Cerebellum-Exterior,RIGHT,77792,77792.0,BRN-CBL,anatomical_structure,1
IXI314,UNesT,0.2.7,BRN-CB-EXT,Cerebellum-Exterior,LEFT,73190,73190.0,BRN-CBL,anatomical_structure,1
IXI314,UNesT,0.2.7,BRN-CB-WM,Cerebellum-White-Matter,RIGHT,916,916.0,BRN-CBL,anatomical_structure,1
IXI314,UNesT,0.2.7,BRN-CB-WM,Cerebellum-White-Matter,LEFT,1893,1893.0,BRN-CBL,anatomical_structure,1
IXI314,UNesT,0.2.7,BRN-CER-WM,Cerebral-White-Matter,RIGHT,279946,279946.0,BRN-WM,anatomical_structure,1
IXI314,UNesT,0.2.7,BRN-CER-WM,Cerebral-White-Matter,LEFT,323111,323111.0,BRN-WM,anatomical_structure,1
IXI314,UNesT,0.2.7,BRN-HIP,Hippocampus,RIGHT,4959,4959.0,BRN-LIM,deep_gray_matter,1
IXI314,UNesT,0.2.7,BRN-HIP,Hippocampus,LEFT,4447,4447.0,BRN-LIM,deep_gray_matter,1
IXI314,UNesT,0.2.7,BRN-INF-LAT-V,Inf-Lat-Vent,RIGHT,1549,1549.0,BRN-VEN,anatomical_structure,1
IXI314,UNesT,0.2.7,BRN-INF-LAT-V,Inf-Lat-Vent,LEFT,1330,1330.0,BRN-VEN,anatomical_structure,1
IXI314,UNesT,0.2.7,BRN-LAT-V,Lateral-Ventricle,RIGHT,21444,21444.0,BRN-VEN,anatomical_structure,1
IXI314,UNesT,0.2.7,BRN-LAT-V,Lateral-Ventricle,LEFT,27943,27943.0,BRN-VEN,anatomical_structure,1
IXI314,UNesT,0.2.7,BRN-PAL,Pallidum,RIGHT,2119,2119.0,BRN-DGM,deep_gray_matter,1
IXI314,UNesT,0.2.7,BRN-PAL,Pallidum,LEFT,2241,2241.0,BRN-DGM,deep_gray_matter,1
IXI314,UNesT,0.2.7,BRN-PUT,Putamen,RIGHT,5606,5606.0,BRN-DGM,deep_gray_matter,1
IXI314,UNesT,0.2.7,BRN-PUT,Putamen,LEFT,4830,4830.0,BRN-DGM,deep_gray_matter,1
IXI314,UNesT,0.2.7,BRN-THA,Thalamus-Proper,RIGHT,9802,9802.0,BRN-DGM,deep_gray_matter,1
IXI314,UNesT,0.2.7,BRN-THA,Thalamus-Proper,LEFT,9975,9975.0,BRN-DGM,deep_gray_matter,1
IXI314,UNesT,0.2.7,BRN-VDC,Ventral-DC,RIGHT,6842,6842.0,BRN-DGM,anatomical_structure,1
IXI314,UNesT,0.2.7,BRN-VDC,Ventral-DC,LEFT,7052,7052.0,BRN-DGM,anatomical_structure,1
IXI314,UNesT,0.2.7,BRN-CEREBELLAR-VERMAL-LOBULES-I-V,Cerebellar-Vermal-Lobules-I-V,NONE,9138,9138.0,BRN-CBL,anatomical_structure,1
IXI314,UNesT,0.2.7,BRN-CEREBELLAR-VERMAL-LOBULES-VI-VII,Cerebellar-Vermal-Lobules-VI-VII,NONE,3655,3655.0,BRN-CBL,anatomical_structure,1
IXI314,UNesT,0.2.7,BRN-CEREBELLAR-VERMAL-LOBULES-VIII-X,Cerebellar-Vermal-Lobules-VIII-X,NONE,3501,3501.0,BRN-CBL,anatomical_structure,1
IXI314,UNesT,0.2.7,BRN-BASAL-FOREBRAIN,Basal-Forebrain,LEFT,948,948.0,BRN-DGM,anatomical_structure,1
IXI314,UNesT,0.2.7,BRN-BASAL-FOREBRAIN,Basal-Forebrain,RIGHT,791,791.0,BRN-DGM,anatomical_structure,1
IXI314,UNesT,0.2.7,BRN-ANTERIOR-CINGULATE-GYRUS,ACgG--anterior-cingulate-gyrus,RIGHT,6156,6156.0,BRN-LIM,anatomical_structure,4
IXI314,UNesT,0.2.7,BRN-ANTERIOR-CINGULATE-GYRUS,ACgG--anterior-cingulate-gyrus,LEFT,8352,8352.0,BRN-LIM,anatomical_structure,4
IXI314,UNesT,0.2.7,BRN-ANTERIOR-INSULA,AIns--anterior-insula,RIGHT,5983,5983.0,BRN-INS,anatomical_structure,4
IXI314,UNesT,0.2.7,BRN-ANTERIOR-INSULA,AIns--anterior-insula,LEFT,6338,6338.0,BRN-INS,anatomical_structure,4
IXI314,UNesT,0.2.7,BRN-ANTERIOR-ORBITAL-GYRUS,AOrG--anterior-orbital-gyrus,RIGHT,2725,2725.0,BRN-FRO,anatomical_structure,4
IXI314,UNesT,0.2.7,BRN-ANTERIOR-ORBITAL-GYRUS,AOrG--anterior-orbital-gyrus,LEFT,2653,2653.0,BRN-FRO,anatomical_structure,4
IXI314,UNesT,0.2.7,BRN-ANGULAR-GYRUS,AnG---angular-gyrus,RIGHT,10499,10499.0,BRN-PAR,anatomical_structure,4
IXI314,UNesT,0.2.7,BRN-ANGULAR-GYRUS,AnG---angular-gyrus,LEFT,12140,12140.0,BRN-PAR,anatomical_structure,4
IXI314,UNesT,0.2.7,BRN-CALCARINE-CORTEX,Calc--calcarine-cortex,RIGHT,3246,3246.0,BRN-OCC,anatomical_structure,4
IXI314,UNesT,0.2.7,BRN-CALCARINE-CORTEX,Calc--calcarine-cortex,LEFT,2538,2538.0,BRN-OCC,anatomical_structure,4
IXI314,UNesT,0.2.7,BRN-CENTRAL-OPERCULUM,CO----central-operculum,RIGHT,5973,5973.0,BRN-CER-COR,anatomical_structure,3
IXI314,UNesT,0.2.7,BRN-CENTRAL-OPERCULUM,CO----central-operculum,LEFT,6371,6371.0,BRN-CER-COR,anatomical_structure,3
IXI314,UNesT,0.2.7,BRN-CUNEUS,Cun---cuneus,RIGHT,4577,4577.0,BRN-CER-COR,anatomical_structure,1
IXI314,UNesT,0.2.7,BRN-CUNEUS,Cun---cuneus,LEFT,2952,2952.0,BRN-CER-COR,anatomical_structure,1
IXI314,UNesT,0.2.7,BRN-ENTORHINAL-AREA,Ent---entorhinal-area,RIGHT,3197,3197.0,BRN-LIM,anatomical_structure,1
IXI314,UNesT,0.2.7,BRN-ENTORHINAL-AREA,Ent---entorhinal-area,LEFT,2855,2855.0,BRN-LIM,anatomical_structure,1
IXI314,UNesT,0.2.7,BRN-FRONTAL-OPERCULUM,FO----frontal-operculum,RIGHT,2837,2837.0,BRN-FRO,anatomical_structure,4
IXI314,UNesT,0.2.7,BRN-FRONTAL-OPERCULUM,FO----frontal-operculum,LEFT,3715,3715.0,BRN-FRO,anatomical_structure,4
IXI314,UNesT,0.2.7,BRN-FRONTAL-POLE,FRP---frontal-pole,RIGHT,3598,3598.0,BRN-FRO,anatomical_structure,4
IXI314,UNesT,0.2.7,BRN-FRONTAL-POLE,FRP---frontal-pole,LEFT,3641,3641.0,BRN-FRO,anatomical_structure,4
IXI314,UNesT,0.2.7,BRN-FUSIFORM-GYRUS,FuG---fusiform-gyrus,RIGHT,12303,12303.0,BRN-TEM,anatomical_structure,4
IXI314,UNesT,0.2.7,BRN-FUSIFORM-GYRUS,FuG---fusiform-gyrus,LEFT,10268,10268.0,BRN-TEM,anatomical_structure,4
IXI314,UNesT,0.2.7,BRN-GYRUS-RECTUS,GRe---gyrus-rectus,RIGHT,3085,3085.0,BRN-FRO,anatomical_structure,4
IXI314,UNesT,0.2.7,BRN-GYRUS-RECTUS,GRe---gyrus-rectus,LEFT,3364,3364.0,BRN-FRO,anatomical_structure,4
IXI314,UNesT,0.2.7,BRN-INFERIOR-OCCIPITAL-GYRUS,IOG---inferior-occipital-gyrus,RIGHT,11700,11700.0,BRN-OCC,anatomical_structure,4
IXI314,UNesT,0.2.7,BRN-INFERIOR-OCCIPITAL-GYRUS,IOG---inferior-occipital-gyrus,LEFT,10003,10003.0,BRN-OCC,anatomical_structure,4
IXI314,UNesT,0.2.7,BRN-INFERIOR-TEMPORAL-GYRUS,ITG---inferior-temporal-gyrus,RIGHT,17152,17152.0,BRN-TEM,anatomical_structure,4
IXI314,UNesT,0.2.7,BRN-INFERIOR-TEMPORAL-GYRUS,ITG---inferior-temporal-gyrus,LEFT,21450,21450.0,BRN-TEM,anatomical_structure,4
IXI314,UNesT,0.2.7,BRN-LINGUAL-GYRUS,LiG---lingual-gyrus,RIGHT,12863,12863.0,BRN-OCC,anatomical_structure,4
IXI314,UNesT,0.2.7,BRN-LINGUAL-GYRUS,LiG---lingual-gyrus,LEFT,13733,13733.0,BRN-OCC,anatomical_structure,4
IXI314,UNesT,0.2.7,BRN-LATERAL-ORBITAL-GYRUS,LOrG--lateral-orbital-gyrus,RIGHT,4149,4149.0,BRN-FRO,anatomical_structure,4
IXI314,UNesT,0.2.7,BRN-LATERAL-ORBITAL-GYRUS,LOrG--lateral-orbital-gyrus,LEFT,2960,2960.0,BRN-FRO,anatomical_structure,4
IXI314,UNesT,0.2.7,BRN-MIDDLE-CINGULATE-GYRUS,MCgG--middle-cingulate-gyrus,RIGHT,6849,6849.0,BRN-LIM,anatomical_structure,4
IXI314,UNesT,0.2.7,BRN-MIDDLE-CINGULATE-GYRUS,MCgG--middle-cingulate-gyrus,LEFT,7600,7600.0,BRN-LIM,anatomical_structure,4
IXI314,UNesT,0.2.7,BRN-MEDIAL-FRONTAL-CORTEX,MFC---medial-frontal-cortex,RIGHT,3755,3755.0,BRN-FRO,anatomical_structure,4
IXI314,UNesT,0.2.7,BRN-MEDIAL-FRONTAL-CORTEX,MFC---medial-frontal-cortex,LEFT,2825,2825.0,BRN-FRO,anatomical_structure,4
IXI314,UNesT,0.2.7,BRN-MIDDLE-FRONTAL-GYRUS,MFG---middle-frontal-gyrus,RIGHT,39142,39142.0,BRN-FRO,anatomical_structure,4
IXI314,UNesT,0.2.7,BRN-MIDDLE-FRONTAL-GYRUS,MFG---middle-frontal-gyrus,LEFT,37023,37023.0,BRN-FRO,anatomical_structure,4
IXI314,UNesT,0.2.7,BRN-MIDDLE-OCCIPITAL-GYRUS,MOG---middle-occipital-gyrus,RIGHT,6669,6669.0,BRN-OCC,anatomical_structure,4
IXI314,UNesT,0.2.7,BRN-MIDDLE-OCCIPITAL-GYRUS,MOG---middle-occipital-gyrus,LEFT,5544,5544.0,BRN-OCC,anatomical_structure,4
IXI314,UNesT,0.2.7,BRN-MEDIAL-ORBITAL-GYRUS,MOrG--medial-orbital-gyrus,RIGHT,6464,6464.0,BRN-FRO,anatomical_structure,4
IXI314,UNesT,0.2.7,BRN-MEDIAL-ORBITAL-GYRUS,MOrG--medial-orbital-gyrus,LEFT,5451,5451.0,BRN-FRO,anatomical_structure,4
IXI314,UNesT,0.2.7,BRN-POG-MED,"Postcentral Gyrus, Medial Segment",RIGHT,1600,1600.0,BRN-PAR,cortical_subregion,4
IXI314,UNesT,0.2.7,BRN-POG-MED,"Postcentral Gyrus, Medial Segment",LEFT,1887,1887.0,BRN-PAR,cortical_subregion,4
IXI314,UNesT,0.2.7,BRN-PRG-MED,"Precentral Gyrus, Medial Segment",RIGHT,4135,4135.0,BRN-FRO,cortical_subregion,4
IXI314,UNesT,0.2.7,BRN-PRG-MED,"Precentral Gyrus, Medial Segment",LEFT,4491,4491.0,BRN-FRO,cortical_subregion,4
IXI314,UNesT,0.2.7,BRN-SUPERIOR-FRONTAL-GYRUS,MSFG--superior-frontal-gyrus,RIGHT,37441,37441.0,BRN-FRO,anatomical_structure,4
IXI314,UNesT,0.2.7,BRN-SUPERIOR-FRONTAL-GYRUS,MSFG--superior-frontal-gyrus,LEFT,34206,34206.0,BRN-FRO,anatomical_structure,4
IXI314,UNesT,0.2.7,BRN-MIDDLE-TEMPORAL-GYRUS,MTG---middle-temporal-gyrus,RIGHT,24532,24532.0,BRN-TEM,anatomical_structure,4
IXI314,UNesT,0.2.7,BRN-MIDDLE-TEMPORAL-GYRUS,MTG---middle-temporal-gyrus,LEFT,20675,20675.0,BRN-TEM,anatomical_structure,4
IXI314,UNesT,0.2.7,BRN-OCCIPITAL-POLE,OCP---occipital-pole,RIGHT,4451,4451.0,BRN-OCC,anatomical_structure,4
IXI314,UNesT,0.2.7,BRN-OCCIPITAL-POLE,OCP---occipital-pole,LEFT,4984,4984.0,BRN-OCC,anatomical_structure,4
IXI314,UNesT,0.2.7,BRN-OCCIPITAL-FUSIFORM-GYRUS,OFuG--occipital-fusiform-gyrus,RIGHT,8153,8153.0,BRN-OCC,anatomical_structure,4
IXI314,UNesT,0.2.7,BRN-OCCIPITAL-FUSIFORM-GYRUS,OFuG--occipital-fusiform-gyrus,LEFT,5120,5120.0,BRN-OCC,anatomical_structure,4
IXI314,UNesT,0.2.7,BRN-OPIFG-OPERCULAR-PART-OF-THE-IFG,OpIFG-opercular-part-of-the-IFG,RIGHT,5758,5758.0,BRN-CER-COR,anatomical_structure,1
IXI314,UNesT,0.2.7,BRN-OPIFG-OPERCULAR-PART-OF-THE-IFG,OpIFG-opercular-part-of-the-IFG,LEFT,4487,4487.0,BRN-CER-COR,anatomical_structure,1
IXI314,UNesT,0.2.7,BRN-ORIFG-ORBITAL-PART-OF-THE-IFG,OrIFG-orbital-part-of-the-IFG,RIGHT,1714,1714.0,BRN-CER-COR,anatomical_structure,1
IXI314,UNesT,0.2.7,BRN-ORIFG-ORBITAL-PART-OF-THE-IFG,OrIFG-orbital-part-of-the-IFG,LEFT,1942,1942.0,BRN-CER-COR,anatomical_structure,1
IXI314,UNesT,0.2.7,BRN-POSTERIOR-CINGULATE-GYRUS,PCgG--posterior-cingulate-gyrus,RIGHT,5878,5878.0,BRN-LIM,anatomical_structure,4
IXI314,UNesT,0.2.7,BRN-POSTERIOR-CINGULATE-GYRUS,PCgG--posterior-cingulate-gyrus,LEFT,4587,4587.0,BRN-LIM,anatomical_structure,4
IXI314,UNesT,0.2.7,BRN-PCU,PCu---precuneus,RIGHT,13098,13098.0,BRN-PAR,cortical_structure,4
IXI314,UNesT,0.2.7,BRN-PCU,PCu---precuneus,LEFT,12887,12887.0,BRN-PAR,cortical_structure,4
IXI314,UNesT,0.2.7,BRN-PARAHIPPOCAMPAL-GYRUS,PHG---parahippocampal-gyrus,RIGHT,4649,4649.0,BRN-LIM,anatomical_structure,4
IXI314,UNesT,0.2.7,BRN-PARAHIPPOCAMPAL-GYRUS,PHG---parahippocampal-gyrus,LEFT,3881,3881.0,BRN-LIM,anatomical_structure,4
IXI314,UNesT,0.2.7,BRN-POSTERIOR-INSULA,PIns--posterior-insula,RIGHT,4200,4200.0,BRN-INS,anatomical_structure,4
IXI314,UNesT,0.2.7,BRN-POSTERIOR-INSULA,PIns--posterior-insula,LEFT,3554,3554.0,BRN-INS,anatomical_structure,4
IXI314,UNesT,0.2.7,BRN-PARIETAL-OPERCULUM,PO----parietal-operculum,RIGHT,3132,3132.0,BRN-PAR,anatomical_structure,4
IXI314,UNesT,0.2.7,BRN-PARIETAL-OPERCULUM,PO----parietal-operculum,LEFT,4496,4496.0,BRN-PAR,anatomical_structure,4
IXI314,UNesT,0.2.7,BRN-POG,MPoG--postcentral-gyrus,RIGHT,18628,18628.0,BRN-PAR,cortical_structure,4
IXI314,UNesT,0.2.7,BRN-POG,MPoG--postcentral-gyrus,LEFT,17582,17582.0,BRN-PAR,cortical_structure,4
IXI314,UNesT,0.2.7,BRN-POSTERIOR-ORBITAL-GYRUS,POrG--posterior-orbital-gyrus,RIGHT,3825,3825.0,BRN-FRO,anatomical_structure,4
IXI314,UNesT,0.2.7,BRN-POSTERIOR-ORBITAL-GYRUS,POrG--posterior-orbital-gyrus,LEFT,4220,4220.0,BRN-FRO,anatomical_structure,4
IXI314,UNesT,0.2.7,BRN-PLANUM-POLARE,PP----planum-polare,RIGHT,3620,3620.0,BRN-TEM,anatomical_structure,4
IXI314,UNesT,0.2.7,BRN-PLANUM-POLARE,PP----planum-polare,LEFT,3671,3671.0,BRN-TEM,anatomical_structure,4
IXI314,UNesT,0.2.7,BRN-PRG,MPrG--precentral-gyrus,RIGHT,23972,23972.0,BRN-FRO,cortical_structure,4
IXI314,UNesT,0.2.7,BRN-PRG,MPrG--precentral-gyrus,LEFT,24820,24820.0,BRN-FRO,cortical_structure,4
IXI314,UNesT,0.2.7,BRN-PLANUM-TEMPORALE,PT----planum-temporale,RIGHT,2166,2166.0,BRN-TEM,anatomical_structure,4
IXI314,UNesT,0.2.7,BRN-PLANUM-TEMPORALE,PT----planum-temporale,LEFT,3812,3812.0,BRN-TEM,anatomical_structure,4
IXI314,UNesT,0.2.7,BRN-SUBCALLOSAL-AREA,SCA---subcallosal-area,RIGHT,1550,1550.0,BRN-LIM,anatomical_structure,4
IXI314,UNesT,0.2.7,BRN-SUBCALLOSAL-AREA,SCA---subcallosal-area,LEFT,1765,1765.0,BRN-LIM,anatomical_structure,4
IXI314,UNesT,0.2.7,BRN-SUPPLEMENTARY-MOTOR-CORTEX,SMC---supplementary-motor-cortex,RIGHT,9658,9658.0,BRN-FRO,anatomical_structure,4
IXI314,UNesT,0.2.7,BRN-SUPPLEMENTARY-MOTOR-CORTEX,SMC---supplementary-motor-cortex,LEFT,9827,9827.0,BRN-FRO,anatomical_structure,4
IXI314,UNesT,0.2.7,BRN-SUPRAMARGINAL-GYRUS,SMG---supramarginal-gyrus,RIGHT,14854,14854.0,BRN-PAR,anatomical_structure,4
IXI314,UNesT,0.2.7,BRN-SUPRAMARGINAL-GYRUS,SMG---supramarginal-gyrus,LEFT,11470,11470.0,BRN-PAR,anatomical_structure,4
IXI314,UNesT,0.2.7,BRN-SUPERIOR-OCCIPITAL-GYRUS,SOG---superior-occipital-gyrus,RIGHT,3995,3995.0,BRN-OCC,anatomical_structure,4
IXI314,UNesT,0.2.7,BRN-SUPERIOR-OCCIPITAL-GYRUS,SOG---superior-occipital-gyrus,LEFT,2244,2244.0,BRN-OCC,anatomical_structure,4
IXI314,UNesT,0.2.7,BRN-SUPERIOR-PARIETAL-LOBULE,SPL---superior-parietal-lobule,RIGHT,14937,14937.0,BRN-CER-COR,anatomical_structure,1
IXI314,UNesT,0.2.7,BRN-SUPERIOR-PARIETAL-LOBULE,SPL---superior-parietal-lobule,LEFT,14923,14923.0,BRN-CER-COR,anatomical_structure,1
IXI314,UNesT,0.2.7,BRN-SUPERIOR-TEMPORAL-GYRUS,STG---superior-temporal-gyrus,RIGHT,13229,13229.0,BRN-TEM,anatomical_structure,4
IXI314,UNesT,0.2.7,BRN-SUPERIOR-TEMPORAL-GYRUS,STG---superior-temporal-gyrus,LEFT,11434,11434.0,BRN-TEM,anatomical_structure,4
IXI314,UNesT,0.2.7,BRN-TEMPORAL-POLE,TMP---temporal-pole,RIGHT,11124,11124.0,BRN-TEM,anatomical_structure,4
IXI314,UNesT,0.2.7,BRN-TEMPORAL-POLE,TMP---temporal-pole,LEFT,10316,10316.0,BRN-TEM,anatomical_structure,4
IXI314,UNesT,0.2.7,BRN-TRIFG-TRIANGULAR-PART-OF-THE-IFG,TrIFG-triangular-part-of-the-IFG,RIGHT,5577,5577.0,BRN-CER-COR,anatomical_structure,1
IXI314,UNesT,0.2.7,BRN-TRIFG-TRIANGULAR-PART-OF-THE-IFG,TrIFG-triangular-part-of-the-IFG,LEFT,5879,5879.0,BRN-CER-COR,anatomical_structure,1
IXI314,UNesT,0.2.7,BRN-TRANSVERSE-TEMPORAL-GYRUS,TTG---transverse-temporal-gyrus,RIGHT,4057,4057.0,BRN-TEM,anatomical_structure,4
IXI314,UNesT,0.2.7,BRN-TRANSVERSE-TEMPORAL-GYRUS,TTG---transverse-temporal-gyrus,LEFT,2216,2216.0,BRN-TEM,anatomical_structure,4
IXI351,UNesT,0.2.7,BRN-3RD-VENTRICLE,3rd-Ventricle,NONE,2764,2764.0,BRN-VEN,anatomical_structure,1
IXI351,UNesT,0.2.7,BRN-4TH-VENTRICLE,4th-Ventricle,NONE,1750,1750.0,BRN-VEN,anatomical_structure,1
IXI351,UNesT,0.2.7,BRN-ACC,Accumbens-Area,RIGHT,564,564.0,BRN-DGM,anatomical_structure,1
IXI351,UNesT,0.2.7,BRN-ACC,Accumbens-Area,LEFT,670,670.0,BRN-DGM,anatomical_structure,1
IXI351,UNesT,0.2.7,BRN-AMY,Amygdala,RIGHT,1315,1315.0,BRN-DGM,deep_gray_matter,1
IXI351,UNesT,0.2.7,BRN-AMY,Amygdala,LEFT,1372,1372.0,BRN-DGM,deep_gray_matter,1
IXI351,UNesT,0.2.7,BRN-BST,Brain-Stem,NONE,22070,22070.0,BRN-BST-GRP,brainstem,1
IXI351,UNesT,0.2.7,BRN-CAU,Caudate,RIGHT,3480,3480.0,BRN-DGM,deep_gray_matter,1
IXI351,UNesT,0.2.7,BRN-CAU,Caudate,LEFT,3575,3575.0,BRN-DGM,deep_gray_matter,1
IXI351,UNesT,0.2.7,BRN-CB-EXT,Cerebellum-Exterior,RIGHT,66387,66387.0,BRN-CBL,anatomical_structure,1
IXI351,UNesT,0.2.7,BRN-CB-EXT,Cerebellum-Exterior,LEFT,65413,65413.0,BRN-CBL,anatomical_structure,1
IXI351,UNesT,0.2.7,BRN-CB-WM,Cerebellum-White-Matter,RIGHT,16361,16361.0,BRN-CBL,anatomical_structure,1
IXI351,UNesT,0.2.7,BRN-CB-WM,Cerebellum-White-Matter,LEFT,15793,15793.0,BRN-CBL,anatomical_structure,1
IXI351,UNesT,0.2.7,BRN-CER-WM,Cerebral-White-Matter,RIGHT,292545,292545.0,BRN-WM,anatomical_structure,1
IXI351,UNesT,0.2.7,BRN-CER-WM,Cerebral-White-Matter,LEFT,277080,277080.0,BRN-WM,anatomical_structure,1
IXI351,UNesT,0.2.7,BRN-HIP,Hippocampus,RIGHT,4577,4577.0,BRN-LIM,deep_gray_matter,1
IXI351,UNesT,0.2.7,BRN-HIP,Hippocampus,LEFT,4526,4526.0,BRN-LIM,deep_gray_matter,1
IXI351,UNesT,0.2.7,BRN-INF-LAT-V,Inf-Lat-Vent,RIGHT,1307,1307.0,BRN-VEN,anatomical_structure,1
IXI351,UNesT,0.2.7,BRN-INF-LAT-V,Inf-Lat-Vent,LEFT,271,271.0,BRN-VEN,anatomical_structure,1
IXI351,UNesT,0.2.7,BRN-LAT-V,Lateral-Ventricle,RIGHT,9582,9582.0,BRN-VEN,anatomical_structure,1
IXI351,UNesT,0.2.7,BRN-LAT-V,Lateral-Ventricle,LEFT,9420,9420.0,BRN-VEN,anatomical_structure,1
IXI351,UNesT,0.2.7,BRN-PAL,Pallidum,RIGHT,1773,1773.0,BRN-DGM,deep_gray_matter,1
IXI351,UNesT,0.2.7,BRN-PAL,Pallidum,LEFT,1776,1776.0,BRN-DGM,deep_gray_matter,1
IXI351,UNesT,0.2.7,BRN-PUT,Putamen,RIGHT,4894,4894.0,BRN-DGM,deep_gray_matter,1
IXI351,UNesT,0.2.7,BRN-PUT,Putamen,LEFT,5148,5148.0,BRN-DGM,deep_gray_matter,1
IXI351,UNesT,0.2.7,BRN-THA,Thalamus-Proper,RIGHT,8567,8567.0,BRN-DGM,deep_gray_matter,1
IXI351,UNesT,0.2.7,BRN-THA,Thalamus-Proper,LEFT,9128,9128.0,BRN-DGM,deep_gray_matter,1
IXI351,UNesT,0.2.7,BRN-VDC,Ventral-DC,RIGHT,5847,5847.0,BRN-DGM,anatomical_structure,1
IXI351,UNesT,0.2.7,BRN-VDC,Ventral-DC,LEFT,6076,6076.0,BRN-DGM,anatomical_structure,1
IXI351,UNesT,0.2.7,BRN-CEREBELLAR-VERMAL-LOBULES-I-V,Cerebellar-Vermal-Lobules-I-V,NONE,7707,7707.0,BRN-CBL,anatomical_structure,1
IXI351,UNesT,0.2.7,BRN-CEREBELLAR-VERMAL-LOBULES-VI-VII,Cerebellar-Vermal-Lobules-VI-VII,NONE,4066,4066.0,BRN-CBL,anatomical_structure,1
IXI351,UNesT,0.2.7,BRN-CEREBELLAR-VERMAL-LOBULES-VIII-X,Cerebellar-Vermal-Lobules-VIII-X,NONE,3589,3589.0,BRN-CBL,anatomical_structure,1
IXI351,UNesT,0.2.7,BRN-BASAL-FOREBRAIN,Basal-Forebrain,LEFT,765,765.0,BRN-DGM,anatomical_structure,1
IXI351,UNesT,0.2.7,BRN-BASAL-FOREBRAIN,Basal-Forebrain,RIGHT,601,601.0,BRN-DGM,anatomical_structure,1
IXI351,UNesT,0.2.7,BRN-ANTERIOR-CINGULATE-GYRUS,ACgG--anterior-cingulate-gyrus,RIGHT,5755,5755.0,BRN-LIM,anatomical_structure,4
IXI351,UNesT,0.2.7,BRN-ANTERIOR-CINGULATE-GYRUS,ACgG--anterior-cingulate-gyrus,LEFT,6849,6849.0,BRN-LIM,anatomical_structure,4
IXI351,UNesT,0.2.7,BRN-ANTERIOR-INSULA,AIns--anterior-insula,RIGHT,5697,5697.0,BRN-INS,anatomical_structure,4
IXI351,UNesT,0.2.7,BRN-ANTERIOR-INSULA,AIns--anterior-insula,LEFT,5695,5695.0,BRN-INS,anatomical_structure,4
IXI351,UNesT,0.2.7,BRN-ANTERIOR-ORBITAL-GYRUS,AOrG--anterior-orbital-gyrus,RIGHT,3042,3042.0,BRN-FRO,anatomical_structure,4
IXI351,UNesT,0.2.7,BRN-ANTERIOR-ORBITAL-GYRUS,AOrG--anterior-orbital-gyrus,LEFT,2157,2157.0,BRN-FRO,anatomical_structure,4
IXI351,UNesT,0.2.7,BRN-ANGULAR-GYRUS,AnG---angular-gyrus,RIGHT,14224,14224.0,BRN-PAR,anatomical_structure,4
IXI351,UNesT,0.2.7,BRN-ANGULAR-GYRUS,AnG---angular-gyrus,LEFT,12821,12821.0,BRN-PAR,anatomical_structure,4
IXI351,UNesT,0.2.7,BRN-CALCARINE-CORTEX,Calc--calcarine-cortex,RIGHT,4656,4656.0,BRN-OCC,anatomical_structure,4
IXI351,UNesT,0.2.7,BRN-CALCARINE-CORTEX,Calc--calcarine-cortex,LEFT,4221,4221.0,BRN-OCC,anatomical_structure,4
IXI351,UNesT,0.2.7,BRN-CENTRAL-OPERCULUM,CO----central-operculum,RIGHT,4950,4950.0,BRN-CER-COR,anatomical_structure,3
IXI351,UNesT,0.2.7,BRN-CENTRAL-OPERCULUM,CO----central-operculum,LEFT,5966,5966.0,BRN-CER-COR,anatomical_structure,3
IXI351,UNesT,0.2.7,BRN-CUNEUS,Cun---cuneus,RIGHT,6205,6205.0,BRN-CER-COR,anatomical_structure,1
IXI351,UNesT,0.2.7,BRN-CUNEUS,Cun---cuneus,LEFT,7823,7823.0,BRN-CER-COR,anatomical_structure,1
IXI351,UNesT,0.2.7,BRN-ENTORHINAL-AREA,Ent---entorhinal-area,RIGHT,2794,2794.0,BRN-LIM,anatomical_structure,1
IXI351,UNesT,0.2.7,BRN-ENTORHINAL-AREA,Ent---entorhinal-area,LEFT,2551,2551.0,BRN-LIM,anatomical_structure,1
IXI351,UNesT,0.2.7,BRN-FRONTAL-OPERCULUM,FO----frontal-operculum,RIGHT,2843,2843.0,BRN-FRO,anatomical_structure,4
IXI351,UNesT,0.2.7,BRN-FRONTAL-OPERCULUM,FO----frontal-operculum,LEFT,3004,3004.0,BRN-FRO,anatomical_structure,4
IXI351,UNesT,0.2.7,BRN-FRONTAL-POLE,FRP---frontal-pole,RIGHT,3830,3830.0,BRN-FRO,anatomical_structure,4
IXI351,UNesT,0.2.7,BRN-FRONTAL-POLE,FRP---frontal-pole,LEFT,3457,3457.0,BRN-FRO,anatomical_structure,4
IXI351,UNesT,0.2.7,BRN-FUSIFORM-GYRUS,FuG---fusiform-gyrus,RIGHT,9361,9361.0,BRN-TEM,anatomical_structure,4
IXI351,UNesT,0.2.7,BRN-FUSIFORM-GYRUS,FuG---fusiform-gyrus,LEFT,9752,9752.0,BRN-TEM,anatomical_structure,4
IXI351,UNesT,0.2.7,BRN-GYRUS-RECTUS,GRe---gyrus-rectus,RIGHT,2795,2795.0,BRN-FRO,anatomical_structure,4
IXI351,UNesT,0.2.7,BRN-GYRUS-RECTUS,GRe---gyrus-rectus,LEFT,3095,3095.0,BRN-FRO,anatomical_structure,4
IXI351,UNesT,0.2.7,BRN-INFERIOR-OCCIPITAL-GYRUS,IOG---inferior-occipital-gyrus,RIGHT,8728,8728.0,BRN-OCC,anatomical_structure,4
IXI351,UNesT,0.2.7,BRN-INFERIOR-OCCIPITAL-GYRUS,IOG---inferior-occipital-gyrus,LEFT,9158,9158.0,BRN-OCC,anatomical_structure,4
IXI351,UNesT,0.2.7,BRN-INFERIOR-TEMPORAL-GYRUS,ITG---inferior-temporal-gyrus,RIGHT,16271,16271.0,BRN-TEM,anatomical_structure,4
IXI351,UNesT,0.2.7,BRN-INFERIOR-TEMPORAL-GYRUS,ITG---inferior-temporal-gyrus,LEFT,16195,16195.0,BRN-TEM,anatomical_structure,4
IXI351,UNesT,0.2.7,BRN-LINGUAL-GYRUS,LiG---lingual-gyrus,RIGHT,12489,12489.0,BRN-OCC,anatomical_structure,4
IXI351,UNesT,0.2.7,BRN-LINGUAL-GYRUS,LiG---lingual-gyrus,LEFT,12451,12451.0,BRN-OCC,anatomical_structure,4
IXI351,UNesT,0.2.7,BRN-LATERAL-ORBITAL-GYRUS,LOrG--lateral-orbital-gyrus,RIGHT,4071,4071.0,BRN-FRO,anatomical_structure,4
IXI351,UNesT,0.2.7,BRN-LATERAL-ORBITAL-GYRUS,LOrG--lateral-orbital-gyrus,LEFT,3359,3359.0,BRN-FRO,anatomical_structure,4
IXI351,UNesT,0.2.7,BRN-MIDDLE-CINGULATE-GYRUS,MCgG--middle-cingulate-gyrus,RIGHT,7358,7358.0,BRN-LIM,anatomical_structure,4
IXI351,UNesT,0.2.7,BRN-MIDDLE-CINGULATE-GYRUS,MCgG--middle-cingulate-gyrus,LEFT,7146,7146.0,BRN-LIM,anatomical_structure,4
IXI351,UNesT,0.2.7,BRN-MEDIAL-FRONTAL-CORTEX,MFC---medial-frontal-cortex,RIGHT,3021,3021.0,BRN-FRO,anatomical_structure,4
IXI351,UNesT,0.2.7,BRN-MEDIAL-FRONTAL-CORTEX,MFC---medial-frontal-cortex,LEFT,2946,2946.0,BRN-FRO,anatomical_structure,4
IXI351,UNesT,0.2.7,BRN-MIDDLE-FRONTAL-GYRUS,MFG---middle-frontal-gyrus,RIGHT,23492,23492.0,BRN-FRO,anatomical_structure,4
IXI351,UNesT,0.2.7,BRN-MIDDLE-FRONTAL-GYRUS,MFG---middle-frontal-gyrus,LEFT,27820,27820.0,BRN-FRO,anatomical_structure,4
IXI351,UNesT,0.2.7,BRN-MIDDLE-OCCIPITAL-GYRUS,MOG---middle-occipital-gyrus,RIGHT,7841,7841.0,BRN-OCC,anatomical_structure,4
IXI351,UNesT,0.2.7,BRN-MIDDLE-OCCIPITAL-GYRUS,MOG---middle-occipital-gyrus,LEFT,7566,7566.0,BRN-OCC,anatomical_structure,4
IXI351,UNesT,0.2.7,BRN-MEDIAL-ORBITAL-GYRUS,MOrG--medial-orbital-gyrus,RIGHT,5152,5152.0,BRN-FRO,anatomical_structure,4
IXI351,UNesT,0.2.7,BRN-MEDIAL-ORBITAL-GYRUS,MOrG--medial-orbital-gyrus,LEFT,5302,5302.0,BRN-FRO,anatomical_structure,4
IXI351,UNesT,0.2.7,BRN-POG-MED,"Postcentral Gyrus, Medial Segment",RIGHT,1621,1621.0,BRN-PAR,cortical_subregion,4
IXI351,UNesT,0.2.7,BRN-POG-MED,"Postcentral Gyrus, Medial Segment",LEFT,1500,1500.0,BRN-PAR,cortical_subregion,4
IXI351,UNesT,0.2.7,BRN-PRG-MED,"Precentral Gyrus, Medial Segment",RIGHT,3719,3719.0,BRN-FRO,cortical_subregion,4
IXI351,UNesT,0.2.7,BRN-PRG-MED,"Precentral Gyrus, Medial Segment",LEFT,3298,3298.0,BRN-FRO,cortical_subregion,4
IXI351,UNesT,0.2.7,BRN-SUPERIOR-FRONTAL-GYRUS,MSFG--superior-frontal-gyrus,RIGHT,30740,30740.0,BRN-FRO,anatomical_structure,4
IXI351,UNesT,0.2.7,BRN-SUPERIOR-FRONTAL-GYRUS,MSFG--superior-frontal-gyrus,LEFT,25967,25967.0,BRN-FRO,anatomical_structure,4
IXI351,UNesT,0.2.7,BRN-MIDDLE-TEMPORAL-GYRUS,MTG---middle-temporal-gyrus,RIGHT,15694,15694.0,BRN-TEM,anatomical_structure,4
IXI351,UNesT,0.2.7,BRN-MIDDLE-TEMPORAL-GYRUS,MTG---middle-temporal-gyrus,LEFT,17231,17231.0,BRN-TEM,anatomical_structure,4
IXI351,UNesT,0.2.7,BRN-OCCIPITAL-POLE,OCP---occipital-pole,RIGHT,4707,4707.0,BRN-OCC,anatomical_structure,4
IXI351,UNesT,0.2.7,BRN-OCCIPITAL-POLE,OCP---occipital-pole,LEFT,6214,6214.0,BRN-OCC,anatomical_structure,4
IXI351,UNesT,0.2.7,BRN-OCCIPITAL-FUSIFORM-GYRUS,OFuG--occipital-fusiform-gyrus,RIGHT,5085,5085.0,BRN-OCC,anatomical_structure,4
IXI351,UNesT,0.2.7,BRN-OCCIPITAL-FUSIFORM-GYRUS,OFuG--occipital-fusiform-gyrus,LEFT,4458,4458.0,BRN-OCC,anatomical_structure,4
IXI351,UNesT,0.2.7,BRN-OPIFG-OPERCULAR-PART-OF-THE-IFG,OpIFG-opercular-part-of-the-IFG,RIGHT,5198,5198.0,BRN-CER-COR,anatomical_structure,1
IXI351,UNesT,0.2.7,BRN-OPIFG-OPERCULAR-PART-OF-THE-IFG,OpIFG-opercular-part-of-the-IFG,LEFT,5506,5506.0,BRN-CER-COR,anatomical_structure,1
IXI351,UNesT,0.2.7,BRN-ORIFG-ORBITAL-PART-OF-THE-IFG,OrIFG-orbital-part-of-the-IFG,RIGHT,2124,2124.0,BRN-CER-COR,anatomical_structure,1
IXI351,UNesT,0.2.7,BRN-ORIFG-ORBITAL-PART-OF-THE-IFG,OrIFG-orbital-part-of-the-IFG,LEFT,3038,3038.0,BRN-CER-COR,anatomical_structure,1
IXI351,UNesT,0.2.7,BRN-POSTERIOR-CINGULATE-GYRUS,PCgG--posterior-cingulate-gyrus,RIGHT,6181,6181.0,BRN-LIM,anatomical_structure,4
IXI351,UNesT,0.2.7,BRN-POSTERIOR-CINGULATE-GYRUS,PCgG--posterior-cingulate-gyrus,LEFT,6301,6301.0,BRN-LIM,anatomical_structure,4
IXI351,UNesT,0.2.7,BRN-PCU,PCu---precuneus,RIGHT,15519,15519.0,BRN-PAR,cortical_structure,4
IXI351,UNesT,0.2.7,BRN-PCU,PCu---precuneus,LEFT,14654,14654.0,BRN-PAR,cortical_structure,4
IXI351,UNesT,0.2.7,BRN-PARAHIPPOCAMPAL-GYRUS,PHG---parahippocampal-gyrus,RIGHT,3691,3691.0,BRN-LIM,anatomical_structure,4
IXI351,UNesT,0.2.7,BRN-PARAHIPPOCAMPAL-GYRUS,PHG---parahippocampal-gyrus,LEFT,4022,4022.0,BRN-LIM,anatomical_structure,4
IXI351,UNesT,0.2.7,BRN-POSTERIOR-INSULA,PIns--posterior-insula,RIGHT,2931,2931.0,BRN-INS,anatomical_structure,4
IXI351,UNesT,0.2.7,BRN-POSTERIOR-INSULA,PIns--posterior-insula,LEFT,2956,2956.0,BRN-INS,anatomical_structure,4
IXI351,UNesT,0.2.7,BRN-PARIETAL-OPERCULUM,PO----parietal-operculum,RIGHT,2919,2919.0,BRN-PAR,anatomical_structure,4
IXI351,UNesT,0.2.7,BRN-PARIETAL-OPERCULUM,PO----parietal-operculum,LEFT,4182,4182.0,BRN-PAR,anatomical_structure,4
IXI351,UNesT,0.2.7,BRN-POG,MPoG--postcentral-gyrus,RIGHT,18634,18634.0,BRN-PAR,cortical_structure,4
IXI351,UNesT,0.2.7,BRN-POG,MPoG--postcentral-gyrus,LEFT,19018,19018.0,BRN-PAR,cortical_structure,4
IXI351,UNesT,0.2.7,BRN-POSTERIOR-ORBITAL-GYRUS,POrG--posterior-orbital-gyrus,RIGHT,3853,3853.0,BRN-FRO,anatomical_structure,4
IXI351,UNesT,0.2.7,BRN-POSTERIOR-ORBITAL-GYRUS,POrG--posterior-orbital-gyrus,LEFT,4417,4417.0,BRN-FRO,anatomical_structure,4
IXI351,UNesT,0.2.7,BRN-PLANUM-POLARE,PP----planum-polare,RIGHT,2387,2387.0,BRN-TEM,anatomical_structure,4
IXI351,UNesT,0.2.7,BRN-PLANUM-POLARE,PP----planum-polare,LEFT,3085,3085.0,BRN-TEM,anatomical_structure,4
IXI351,UNesT,0.2.7,BRN-PRG,MPrG--precentral-gyrus,RIGHT,18256,18256.0,BRN-FRO,cortical_structure,4
IXI351,UNesT,0.2.7,BRN-PRG,MPrG--precentral-gyrus,LEFT,19721,19721.0,BRN-FRO,cortical_structure,4
IXI351,UNesT,0.2.7,BRN-PLANUM-TEMPORALE,PT----planum-temporale,RIGHT,1630,1630.0,BRN-TEM,anatomical_structure,4
IXI351,UNesT,0.2.7,BRN-PLANUM-TEMPORALE,PT----planum-temporale,LEFT,2193,2193.0,BRN-TEM,anatomical_structure,4
IXI351,UNesT,0.2.7,BRN-SUBCALLOSAL-AREA,SCA---subcallosal-area,RIGHT,1271,1271.0,BRN-LIM,anatomical_structure,4
IXI351,UNesT,0.2.7,BRN-SUBCALLOSAL-AREA,SCA---subcallosal-area,LEFT,1136,1136.0,BRN-LIM,anatomical_structure,4
IXI351,UNesT,0.2.7,BRN-SUPPLEMENTARY-MOTOR-CORTEX,SMC---supplementary-motor-cortex,RIGHT,6318,6318.0,BRN-FRO,anatomical_structure,4
IXI351,UNesT,0.2.7,BRN-SUPPLEMENTARY-MOTOR-CORTEX,SMC---supplementary-motor-cortex,LEFT,6817,6817.0,BRN-FRO,anatomical_structure,4
IXI351,UNesT,0.2.7,BRN-SUPRAMARGINAL-GYRUS,SMG---supramarginal-gyrus,RIGHT,9532,9532.0,BRN-PAR,anatomical_structure,4
IXI351,UNesT,0.2.7,BRN-SUPRAMARGINAL-GYRUS,SMG---supramarginal-gyrus,LEFT,12473,12473.0,BRN-PAR,anatomical_structure,4
IXI351,UNesT,0.2.7,BRN-SUPERIOR-OCCIPITAL-GYRUS,SOG---superior-occipital-gyrus,RIGHT,5702,5702.0,BRN-OCC,anatomical_structure,4
IXI351,UNesT,0.2.7,BRN-SUPERIOR-OCCIPITAL-GYRUS,SOG---superior-occipital-gyrus,LEFT,4100,4100.0,BRN-OCC,anatomical_structure,4
IXI351,UNesT,0.2.7,BRN-SUPERIOR-PARIETAL-LOBULE,SPL---superior-parietal-lobule,RIGHT,16797,16797.0,BRN-CER-COR,anatomical_structure,1
IXI351,UNesT,0.2.7,BRN-SUPERIOR-PARIETAL-LOBULE,SPL---superior-parietal-lobule,LEFT,19421,19421.0,BRN-CER-COR,anatomical_structure,1
IXI351,UNesT,0.2.7,BRN-SUPERIOR-TEMPORAL-GYRUS,STG---superior-temporal-gyrus,RIGHT,7306,7306.0,BRN-TEM,anatomical_structure,4
IXI351,UNesT,0.2.7,BRN-SUPERIOR-TEMPORAL-GYRUS,STG---superior-temporal-gyrus,LEFT,10022,10022.0,BRN-TEM,anatomical_structure,4
IXI351,UNesT,0.2.7,BRN-TEMPORAL-POLE,TMP---temporal-pole,RIGHT,11088,11088.0,BRN-TEM,anatomical_structure,4
IXI351,UNesT,0.2.7,BRN-TEMPORAL-POLE,TMP---temporal-pole,LEFT,9997,9997.0,BRN-TEM,anatomical_structure,4
IXI351,UNesT,0.2.7,BRN-TRIFG-TRIANGULAR-PART-OF-THE-IFG,TrIFG-triangular-part-of-the-IFG,RIGHT,4758,4758.0,BRN-CER-COR,anatomical_structure,1
IXI351,UNesT,0.2.7,BRN-TRIFG-TRIANGULAR-PART-OF-THE-IFG,TrIFG-triangular-part-of-the-IFG,LEFT,4351,4351.0,BRN-CER-COR,anatomical_structure,1
IXI351,UNesT,0.2.7,BRN-TRANSVERSE-TEMPORAL-GYRUS,TTG---transverse-temporal-gyrus,RIGHT,1985,1985.0,BRN-TEM,anatomical_structure,4
IXI351,UNesT,0.2.7,BRN-TRANSVERSE-TEMPORAL-GYRUS,TTG---transverse-temporal-gyrus,LEFT,2798,2798.0,BRN-TEM,anatomical_structure,4
IXI322,UNesT,0.2.7,BRN-3RD-VENTRICLE,3rd-Ventricle,NONE,1434,1434.0,BRN-VEN,anatomical_structure,1
IXI322,UNesT,0.2.7,BRN-4TH-VENTRICLE,4th-Ventricle,NONE,2049,2049.0,BRN-VEN,anatomical_structure,1
IXI322,UNesT,0.2.7,BRN-ACC,Accumbens-Area,RIGHT,833,833.0,BRN-DGM,anatomical_structure,1
IXI322,UNesT,0.2.7,BRN-ACC,Accumbens-Area,LEFT,892,892.0,BRN-DGM,anatomical_structure,1
IXI322,UNesT,0.2.7,BRN-AMY,Amygdala,RIGHT,1281,1281.0,BRN-DGM,deep_gray_matter,1
IXI322,UNesT,0.2.7,BRN-AMY,Amygdala,LEFT,1134,1134.0,BRN-DGM,deep_gray_matter,1
IXI322,UNesT,0.2.7,BRN-BST,Brain-Stem,NONE,19632,19632.0,BRN-BST-GRP,brainstem,1
IXI322,UNesT,0.2.7,BRN-CAU,Caudate,RIGHT,4807,4807.0,BRN-DGM,deep_gray_matter,1
IXI322,UNesT,0.2.7,BRN-CAU,Caudate,LEFT,5195,5195.0,BRN-DGM,deep_gray_matter,1
IXI322,UNesT,0.2.7,BRN-CB-EXT,Cerebellum-Exterior,RIGHT,72702,72702.0,BRN-CBL,anatomical_structure,1
IXI322,UNesT,0.2.7,BRN-CB-EXT,Cerebellum-Exterior,LEFT,70784,70784.0,BRN-CBL,anatomical_structure,1
IXI322,UNesT,0.2.7,BRN-CB-WM,Cerebellum-White-Matter,RIGHT,8220,8220.0,BRN-CBL,anatomical_structure,1
IXI322,UNesT,0.2.7,BRN-CB-WM,Cerebellum-White-Matter,LEFT,13569,13569.0,BRN-CBL,anatomical_structure,1
IXI322,UNesT,0.2.7,BRN-CER-WM,Cerebral-White-Matter,RIGHT,260562,260562.0,BRN-WM,anatomical_structure,1
IXI322,UNesT,0.2.7,BRN-CER-WM,Cerebral-White-Matter,LEFT,326025,326025.0,BRN-WM,anatomical_structure,1
IXI322,UNesT,0.2.7,BRN-HIP,Hippocampus,RIGHT,6483,6483.0,BRN-LIM,deep_gray_matter,1
IXI322,UNesT,0.2.7,BRN-HIP,Hippocampus,LEFT,4891,4891.0,BRN-LIM,deep_gray_matter,1
IXI322,UNesT,0.2.7,BRN-INF-LAT-V,Inf-Lat-Vent,RIGHT,380,380.0,BRN-VEN,anatomical_structure,1
IXI322,UNesT,0.2.7,BRN-INF-LAT-V,Inf-Lat-Vent,LEFT,80,80.0,BRN-VEN,anatomical_structure,1
IXI322,UNesT,0.2.7,BRN-LAT-V,Lateral-Ventricle,RIGHT,7448,7448.0,BRN-VEN,anatomical_structure,1
IXI322,UNesT,0.2.7,BRN-LAT-V,Lateral-Ventricle,LEFT,8094,8094.0,BRN-VEN,anatomical_structure,1
IXI322,UNesT,0.2.7,BRN-PAL,Pallidum,RIGHT,1867,1867.0,BRN-DGM,deep_gray_matter,1
IXI322,UNesT,0.2.7,BRN-PAL,Pallidum,LEFT,2230,2230.0,BRN-DGM,deep_gray_matter,1
IXI322,UNesT,0.2.7,BRN-PUT,Putamen,RIGHT,5212,5212.0,BRN-DGM,deep_gray_matter,1
IXI322,UNesT,0.2.7,BRN-PUT,Putamen,LEFT,5013,5013.0,BRN-DGM,deep_gray_matter,1
IXI322,UNesT,0.2.7,BRN-THA,Thalamus-Proper,RIGHT,10464,10464.0,BRN-DGM,deep_gray_matter,1
IXI322,UNesT,0.2.7,BRN-THA,Thalamus-Proper,LEFT,10655,10655.0,BRN-DGM,deep_gray_matter,1
IXI322,UNesT,0.2.7,BRN-VDC,Ventral-DC,RIGHT,7166,7166.0,BRN-DGM,anatomical_structure,1
IXI322,UNesT,0.2.7,BRN-VDC,Ventral-DC,LEFT,7396,7396.0,BRN-DGM,anatomical_structure,1
IXI322,UNesT,0.2.7,BRN-CEREBELLAR-VERMAL-LOBULES-I-V,Cerebellar-Vermal-Lobules-I-V,NONE,8269,8269.0,BRN-CBL,anatomical_structure,1
IXI322,UNesT,0.2.7,BRN-CEREBELLAR-VERMAL-LOBULES-VI-VII,Cerebellar-Vermal-Lobules-VI-VII,NONE,4465,4465.0,BRN-CBL,anatomical_structure,1
IXI322,UNesT,0.2.7,BRN-CEREBELLAR-VERMAL-LOBULES-VIII-X,Cerebellar-Vermal-Lobules-VIII-X,NONE,3567,3567.0,BRN-CBL,anatomical_structure,1
IXI322,UNesT,0.2.7,BRN-BASAL-FOREBRAIN,Basal-Forebrain,LEFT,970,970.0,BRN-DGM,anatomical_structure,1
IXI322,UNesT,0.2.7,BRN-BASAL-FOREBRAIN,Basal-Forebrain,RIGHT,842,842.0,BRN-DGM,anatomical_structure,1
IXI322,UNesT,0.2.7,BRN-ANTERIOR-CINGULATE-GYRUS,ACgG--anterior-cingulate-gyrus,RIGHT,7391,7391.0,BRN-LIM,anatomical_structure,4
IXI322,UNesT,0.2.7,BRN-ANTERIOR-CINGULATE-GYRUS,ACgG--anterior-cingulate-gyrus,LEFT,8562,8562.0,BRN-LIM,anatomical_structure,4
IXI322,UNesT,0.2.7,BRN-ANTERIOR-INSULA,AIns--anterior-insula,RIGHT,5891,5891.0,BRN-INS,anatomical_structure,4
IXI322,UNesT,0.2.7,BRN-ANTERIOR-INSULA,AIns--anterior-insula,LEFT,6090,6090.0,BRN-INS,anatomical_structure,4
IXI322,UNesT,0.2.7,BRN-ANTERIOR-ORBITAL-GYRUS,AOrG--anterior-orbital-gyrus,RIGHT,3501,3501.0,BRN-FRO,anatomical_structure,4
IXI322,UNesT,0.2.7,BRN-ANTERIOR-ORBITAL-GYRUS,AOrG--anterior-orbital-gyrus,LEFT,1986,1986.0,BRN-FRO,anatomical_structure,4
IXI322,UNesT,0.2.7,BRN-ANGULAR-GYRUS,AnG---angular-gyrus,RIGHT,20488,20488.0,BRN-PAR,anatomical_structure,4
IXI322,UNesT,0.2.7,BRN-ANGULAR-GYRUS,AnG---angular-gyrus,LEFT,12977,12977.0,BRN-PAR,anatomical_structure,4
IXI322,UNesT,0.2.7,BRN-CALCARINE-CORTEX,Calc--calcarine-cortex,RIGHT,3502,3502.0,BRN-OCC,anatomical_structure,4
IXI322,UNesT,0.2.7,BRN-CALCARINE-CORTEX,Calc--calcarine-cortex,LEFT,3554,3554.0,BRN-OCC,anatomical_structure,4
IXI322,UNesT,0.2.7,BRN-CENTRAL-OPERCULUM,CO----central-operculum,RIGHT,8291,8291.0,BRN-CER-COR,anatomical_structure,3
IXI322,UNesT,0.2.7,BRN-CENTRAL-OPERCULUM,CO----central-operculum,LEFT,7859,7859.0,BRN-CER-COR,anatomical_structure,3
IXI322,UNesT,0.2.7,BRN-CUNEUS,Cun---cuneus,RIGHT,5665,5665.0,BRN-CER-COR,anatomical_structure,1
IXI322,UNesT,0.2.7,BRN-CUNEUS,Cun---cuneus,LEFT,4026,4026.0,BRN-CER-COR,anatomical_structure,1
IXI322,UNesT,0.2.7,BRN-ENTORHINAL-AREA,Ent---entorhinal-area,RIGHT,3405,3405.0,BRN-LIM,anatomical_structure,1
IXI322,UNesT,0.2.7,BRN-ENTORHINAL-AREA,Ent---entorhinal-area,LEFT,2863,2863.0,BRN-LIM,anatomical_structure,1
IXI322,UNesT,0.2.7,BRN-FRONTAL-OPERCULUM,FO----frontal-operculum,RIGHT,3230,3230.0,BRN-FRO,anatomical_structure,4
IXI322,UNesT,0.2.7,BRN-FRONTAL-OPERCULUM,FO----frontal-operculum,LEFT,2727,2727.0,BRN-FRO,anatomical_structure,4
IXI322,UNesT,0.2.7,BRN-FRONTAL-POLE,FRP---frontal-pole,RIGHT,2817,2817.0,BRN-FRO,anatomical_structure,4
IXI322,UNesT,0.2.7,BRN-FRONTAL-POLE,FRP---frontal-pole,LEFT,3049,3049.0,BRN-FRO,anatomical_structure,4
IXI322,UNesT,0.2.7,BRN-FUSIFORM-GYRUS,FuG---fusiform-gyrus,RIGHT,9937,9937.0,BRN-TEM,anatomical_structure,4
IXI322,UNesT,0.2.7,BRN-FUSIFORM-GYRUS,FuG---fusiform-gyrus,LEFT,9856,9856.0,BRN-TEM,anatomical_structure,4
IXI322,UNesT,0.2.7,BRN-GYRUS-RECTUS,GRe---gyrus-rectus,RIGHT,3117,3117.0,BRN-FRO,anatomical_structure,4
IXI322,UNesT,0.2.7,BRN-GYRUS-RECTUS,GRe---gyrus-rectus,LEFT,3178,3178.0,BRN-FRO,anatomical_structure,4
IXI322,UNesT,0.2.7,BRN-INFERIOR-OCCIPITAL-GYRUS,IOG---inferior-occipital-gyrus,RIGHT,11815,11815.0,BRN-OCC,anatomical_structure,4
IXI322,UNesT,0.2.7,BRN-INFERIOR-OCCIPITAL-GYRUS,IOG---inferior-occipital-gyrus,LEFT,9779,9779.0,BRN-OCC,anatomical_structure,4
IXI322,UNesT,0.2.7,BRN-INFERIOR-TEMPORAL-GYRUS,ITG---inferior-temporal-gyrus,RIGHT,12482,12482.0,BRN-TEM,anatomical_structure,4
IXI322,UNesT,0.2.7,BRN-INFERIOR-TEMPORAL-GYRUS,ITG---inferior-temporal-gyrus,LEFT,20357,20357.0,BRN-TEM,anatomical_structure,4
IXI322,UNesT,0.2.7,BRN-LINGUAL-GYRUS,LiG---lingual-gyrus,RIGHT,13175,13175.0,BRN-OCC,anatomical_structure,4
IXI322,UNesT,0.2.7,BRN-LINGUAL-GYRUS,LiG---lingual-gyrus,LEFT,9990,9990.0,BRN-OCC,anatomical_structure,4
IXI322,UNesT,0.2.7,BRN-LATERAL-ORBITAL-GYRUS,LOrG--lateral-orbital-gyrus,RIGHT,5180,5180.0,BRN-FRO,anatomical_structure,4
IXI322,UNesT,0.2.7,BRN-LATERAL-ORBITAL-GYRUS,LOrG--lateral-orbital-gyrus,LEFT,4329,4329.0,BRN-FRO,anatomical_structure,4
IXI322,UNesT,0.2.7,BRN-MIDDLE-CINGULATE-GYRUS,MCgG--middle-cingulate-gyrus,RIGHT,8102,8102.0,BRN-LIM,anatomical_structure,4
IXI322,UNesT,0.2.7,BRN-MIDDLE-CINGULATE-GYRUS,MCgG--middle-cingulate-gyrus,LEFT,8305,8305.0,BRN-LIM,anatomical_structure,4
IXI322,UNesT,0.2.7,BRN-MEDIAL-FRONTAL-CORTEX,MFC---medial-frontal-cortex,RIGHT,4657,4657.0,BRN-FRO,anatomical_structure,4
IXI322,UNesT,0.2.7,BRN-MEDIAL-FRONTAL-CORTEX,MFC---medial-frontal-cortex,LEFT,3603,3603.0,BRN-FRO,anatomical_structure,4
IXI322,UNesT,0.2.7,BRN-MIDDLE-FRONTAL-GYRUS,MFG---middle-frontal-gyrus,RIGHT,35652,35652.0,BRN-FRO,anatomical_structure,4
IXI322,UNesT,0.2.7,BRN-MIDDLE-FRONTAL-GYRUS,MFG---middle-frontal-gyrus,LEFT,33937,33937.0,BRN-FRO,anatomical_structure,4
IXI322,UNesT,0.2.7,BRN-MIDDLE-OCCIPITAL-GYRUS,MOG---middle-occipital-gyrus,RIGHT,7140,7140.0,BRN-OCC,anatomical_structure,4
IXI322,UNesT,0.2.7,BRN-MIDDLE-OCCIPITAL-GYRUS,MOG---middle-occipital-gyrus,LEFT,6873,6873.0,BRN-OCC,anatomical_structure,4
IXI322,UNesT,0.2.7,BRN-MEDIAL-ORBITAL-GYRUS,MOrG--medial-orbital-gyrus,RIGHT,5986,5986.0,BRN-FRO,anatomical_structure,4
IXI322,UNesT,0.2.7,BRN-MEDIAL-ORBITAL-GYRUS,MOrG--medial-orbital-gyrus,LEFT,5913,5913.0,BRN-FRO,anatomical_structure,4
IXI322,UNesT,0.2.7,BRN-POG-MED,"Postcentral Gyrus, Medial Segment",RIGHT,1568,1568.0,BRN-PAR,cortical_subregion,4
IXI322,UNesT,0.2.7,BRN-POG-MED,"Postcentral Gyrus, Medial Segment",LEFT,1839,1839.0,BRN-PAR,cortical_subregion,4
IXI322,UNesT,0.2.7,BRN-PRG-MED,"Precentral Gyrus, Medial Segment",RIGHT,4037,4037.0,BRN-FRO,cortical_subregion,4
IXI322,UNesT,0.2.7,BRN-PRG-MED,"Precentral Gyrus, Medial Segment",LEFT,3492,3492.0,BRN-FRO,cortical_subregion,4
IXI322,UNesT,0.2.7,BRN-SUPERIOR-FRONTAL-GYRUS,MSFG--superior-frontal-gyrus,RIGHT,36602,36602.0,BRN-FRO,anatomical_structure,4
IXI322,UNesT,0.2.7,BRN-SUPERIOR-FRONTAL-GYRUS,MSFG--superior-frontal-gyrus,LEFT,32570,32570.0,BRN-FRO,anatomical_structure,4
IXI322,UNesT,0.2.7,BRN-MIDDLE-TEMPORAL-GYRUS,MTG---middle-temporal-gyrus,RIGHT,25567,25567.0,BRN-TEM,anatomical_structure,4
IXI322,UNesT,0.2.7,BRN-MIDDLE-TEMPORAL-GYRUS,MTG---middle-temporal-gyrus,LEFT,25390,25390.0,BRN-TEM,anatomical_structure,4
IXI322,UNesT,0.2.7,BRN-OCCIPITAL-POLE,OCP---occipital-pole,RIGHT,5061,5061.0,BRN-OCC,anatomical_structure,4
IXI322,UNesT,0.2.7,BRN-OCCIPITAL-POLE,OCP---occipital-pole,LEFT,4736,4736.0,BRN-OCC,anatomical_structure,4
IXI322,UNesT,0.2.7,BRN-OCCIPITAL-FUSIFORM-GYRUS,OFuG--occipital-fusiform-gyrus,RIGHT,9964,9964.0,BRN-OCC,anatomical_structure,4
IXI322,UNesT,0.2.7,BRN-OCCIPITAL-FUSIFORM-GYRUS,OFuG--occipital-fusiform-gyrus,LEFT,5592,5592.0,BRN-OCC,anatomical_structure,4
IXI322,UNesT,0.2.7,BRN-OPIFG-OPERCULAR-PART-OF-THE-IFG,OpIFG-opercular-part-of-the-IFG,RIGHT,5577,5577.0,BRN-CER-COR,anatomical_structure,1
IXI322,UNesT,0.2.7,BRN-OPIFG-OPERCULAR-PART-OF-THE-IFG,OpIFG-opercular-part-of-the-IFG,LEFT,5356,5356.0,BRN-CER-COR,anatomical_structure,1
IXI322,UNesT,0.2.7,BRN-ORIFG-ORBITAL-PART-OF-THE-IFG,OrIFG-orbital-part-of-the-IFG,RIGHT,2197,2197.0,BRN-CER-COR,anatomical_structure,1
IXI322,UNesT,0.2.7,BRN-ORIFG-ORBITAL-PART-OF-THE-IFG,OrIFG-orbital-part-of-the-IFG,LEFT,3344,3344.0,BRN-CER-COR,anatomical_structure,1
IXI322,UNesT,0.2.7,BRN-POSTERIOR-CINGULATE-GYRUS,PCgG--posterior-cingulate-gyrus,RIGHT,6698,6698.0,BRN-LIM,anatomical_structure,4
IXI322,UNesT,0.2.7,BRN-POSTERIOR-CINGULATE-GYRUS,PCgG--posterior-cingulate-gyrus,LEFT,5822,5822.0,BRN-LIM,anatomical_structure,4
IXI322,UNesT,0.2.7,BRN-PCU,PCu---precuneus,RIGHT,16169,16169.0,BRN-PAR,cortical_structure,4
IXI322,UNesT,0.2.7,BRN-PCU,PCu---precuneus,LEFT,13413,13413.0,BRN-PAR,cortical_structure,4
IXI322,UNesT,0.2.7,BRN-PARAHIPPOCAMPAL-GYRUS,PHG---parahippocampal-gyrus,RIGHT,4797,4797.0,BRN-LIM,anatomical_structure,4
IXI322,UNesT,0.2.7,BRN-PARAHIPPOCAMPAL-GYRUS,PHG---parahippocampal-gyrus,LEFT,4947,4947.0,BRN-LIM,anatomical_structure,4
IXI322,UNesT,0.2.7,BRN-POSTERIOR-INSULA,PIns--posterior-insula,RIGHT,4236,4236.0,BRN-INS,anatomical_structure,4
IXI322,UNesT,0.2.7,BRN-POSTERIOR-INSULA,PIns--posterior-insula,LEFT,3389,3389.0,BRN-INS,anatomical_structure,4
IXI322,UNesT,0.2.7,BRN-PARIETAL-OPERCULUM,PO----parietal-operculum,RIGHT,3718,3718.0,BRN-PAR,anatomical_structure,4
IXI322,UNesT,0.2.7,BRN-PARIETAL-OPERCULUM,PO----parietal-operculum,LEFT,4319,4319.0,BRN-PAR,anatomical_structure,4
IXI322,UNesT,0.2.7,BRN-POG,MPoG--postcentral-gyrus,RIGHT,17598,17598.0,BRN-PAR,cortical_structure,4
IXI322,UNesT,0.2.7,BRN-POG,MPoG--postcentral-gyrus,LEFT,22896,22896.0,BRN-PAR,cortical_structure,4
IXI322,UNesT,0.2.7,BRN-POSTERIOR-ORBITAL-GYRUS,POrG--posterior-orbital-gyrus,RIGHT,4458,4458.0,BRN-FRO,anatomical_structure,4
IXI322,UNesT,0.2.7,BRN-POSTERIOR-ORBITAL-GYRUS,POrG--posterior-orbital-gyrus,LEFT,5369,5369.0,BRN-FRO,anatomical_structure,4
IXI322,UNesT,0.2.7,BRN-PLANUM-POLARE,PP----planum-polare,RIGHT,3458,3458.0,BRN-TEM,anatomical_structure,4
IXI322,UNesT,0.2.7,BRN-PLANUM-POLARE,PP----planum-polare,LEFT,4076,4076.0,BRN-TEM,anatomical_structure,4
IXI322,UNesT,0.2.7,BRN-PRG,MPrG--precentral-gyrus,RIGHT,22271,22271.0,BRN-FRO,cortical_structure,4
IXI322,UNesT,0.2.7,BRN-PRG,MPrG--precentral-gyrus,LEFT,21309,21309.0,BRN-FRO,cortical_structure,4
IXI322,UNesT,0.2.7,BRN-PLANUM-TEMPORALE,PT----planum-temporale,RIGHT,3436,3436.0,BRN-TEM,anatomical_structure,4
IXI322,UNesT,0.2.7,BRN-PLANUM-TEMPORALE,PT----planum-temporale,LEFT,3662,3662.0,BRN-TEM,anatomical_structure,4
IXI322,UNesT,0.2.7,BRN-SUBCALLOSAL-AREA,SCA---subcallosal-area,RIGHT,1395,1395.0,BRN-LIM,anatomical_structure,4
IXI322,UNesT,0.2.7,BRN-SUBCALLOSAL-AREA,SCA---subcallosal-area,LEFT,1301,1301.0,BRN-LIM,anatomical_structure,4
IXI322,UNesT,0.2.7,BRN-SUPPLEMENTARY-MOTOR-CORTEX,SMC---supplementary-motor-cortex,RIGHT,8109,8109.0,BRN-FRO,anatomical_structure,4
IXI322,UNesT,0.2.7,BRN-SUPPLEMENTARY-MOTOR-CORTEX,SMC---supplementary-motor-cortex,LEFT,7970,7970.0,BRN-FRO,anatomical_structure,4
IXI322,UNesT,0.2.7,BRN-SUPRAMARGINAL-GYRUS,SMG---supramarginal-gyrus,RIGHT,14657,14657.0,BRN-PAR,anatomical_structure,4
IXI322,UNesT,0.2.7,BRN-SUPRAMARGINAL-GYRUS,SMG---supramarginal-gyrus,LEFT,14701,14701.0,BRN-PAR,anatomical_structure,4
IXI322,UNesT,0.2.7,BRN-SUPERIOR-OCCIPITAL-GYRUS,SOG---superior-occipital-gyrus,RIGHT,5842,5842.0,BRN-OCC,anatomical_structure,4
IXI322,UNesT,0.2.7,BRN-SUPERIOR-OCCIPITAL-GYRUS,SOG---superior-occipital-gyrus,LEFT,3545,3545.0,BRN-OCC,anatomical_structure,4
IXI322,UNesT,0.2.7,BRN-SUPERIOR-PARIETAL-LOBULE,SPL---superior-parietal-lobule,RIGHT,16924,16924.0,BRN-CER-COR,anatomical_structure,1
IXI322,UNesT,0.2.7,BRN-SUPERIOR-PARIETAL-LOBULE,SPL---superior-parietal-lobule,LEFT,15127,15127.0,BRN-CER-COR,anatomical_structure,1
IXI322,UNesT,0.2.7,BRN-SUPERIOR-TEMPORAL-GYRUS,STG---superior-temporal-gyrus,RIGHT,13102,13102.0,BRN-TEM,anatomical_structure,4
IXI322,UNesT,0.2.7,BRN-SUPERIOR-TEMPORAL-GYRUS,STG---superior-temporal-gyrus,LEFT,11616,11616.0,BRN-TEM,anatomical_structure,4
IXI322,UNesT,0.2.7,BRN-TEMPORAL-POLE,TMP---temporal-pole,RIGHT,10786,10786.0,BRN-TEM,anatomical_structure,4
IXI322,UNesT,0.2.7,BRN-TEMPORAL-POLE,TMP---temporal-pole,LEFT,11701,11701.0,BRN-TEM,anatomical_structure,4
IXI322,UNesT,0.2.7,BRN-TRIFG-TRIANGULAR-PART-OF-THE-IFG,TrIFG-triangular-part-of-the-IFG,RIGHT,6579,6579.0,BRN-CER-COR,anatomical_structure,1
IXI322,UNesT,0.2.7,BRN-TRIFG-TRIANGULAR-PART-OF-THE-IFG,TrIFG-triangular-part-of-the-IFG,LEFT,6607,6607.0,BRN-CER-COR,anatomical_structure,1
IXI322,UNesT,0.2.7,BRN-TRANSVERSE-TEMPORAL-GYRUS,TTG---transverse-temporal-gyrus,RIGHT,2848,2848.0,BRN-TEM,anatomical_structure,4
IXI322,UNesT,0.2.7,BRN-TRANSVERSE-TEMPORAL-GYRUS,TTG---transverse-temporal-gyrus,LEFT,1787,1787.0,BRN-TEM,anatomical_structure,4
IXI350,UNesT,0.2.7,BRN-3RD-VENTRICLE,3rd-Ventricle,NONE,4441,4441.0,BRN-VEN,anatomical_structure,1
IXI350,UNesT,0.2.7,BRN-4TH-VENTRICLE,4th-Ventricle,NONE,3146,3146.0,BRN-VEN,anatomical_structure,1
IXI350,UNesT,0.2.7,BRN-ACC,Accumbens-Area,RIGHT,370,370.0,BRN-DGM,anatomical_structure,1
IXI350,UNesT,0.2.7,BRN-ACC,Accumbens-Area,LEFT,430,430.0,BRN-DGM,anatomical_structure,1
IXI350,UNesT,0.2.7,BRN-AMY,Amygdala,RIGHT,1577,1577.0,BRN-DGM,deep_gray_matter,1
IXI350,UNesT,0.2.7,BRN-AMY,Amygdala,LEFT,1347,1347.0,BRN-DGM,deep_gray_matter,1
IXI350,UNesT,0.2.7,BRN-BST,Brain-Stem,NONE,28493,28493.0,BRN-BST-GRP,brainstem,1
IXI350,UNesT,0.2.7,BRN-CAU,Caudate,RIGHT,3179,3179.0,BRN-DGM,deep_gray_matter,1
IXI350,UNesT,0.2.7,BRN-CAU,Caudate,LEFT,2490,2490.0,BRN-DGM,deep_gray_matter,1
IXI350,UNesT,0.2.7,BRN-CB-EXT,Cerebellum-Exterior,RIGHT,70916,70916.0,BRN-CBL,anatomical_structure,1
IXI350,UNesT,0.2.7,BRN-CB-EXT,Cerebellum-Exterior,LEFT,70419,70419.0,BRN-CBL,anatomical_structure,1
IXI350,UNesT,0.2.7,BRN-CB-WM,Cerebellum-White-Matter,RIGHT,17633,17633.0,BRN-CBL,anatomical_structure,1
IXI350,UNesT,0.2.7,BRN-CB-WM,Cerebellum-White-Matter,LEFT,15365,15365.0,BRN-CBL,anatomical_structure,1
IXI350,UNesT,0.2.7,BRN-CER-WM,Cerebral-White-Matter,RIGHT,290943,290943.0,BRN-WM,anatomical_structure,1
IXI350,UNesT,0.2.7,BRN-CER-WM,Cerebral-White-Matter,LEFT,267917,267917.0,BRN-WM,anatomical_structure,1
IXI350,UNesT,0.2.7,BRN-HIP,Hippocampus,RIGHT,5343,5343.0,BRN-LIM,deep_gray_matter,1
IXI350,UNesT,0.2.7,BRN-HIP,Hippocampus,LEFT,4952,4952.0,BRN-LIM,deep_gray_matter,1
IXI350,UNesT,0.2.7,BRN-INF-LAT-V,Inf-Lat-Vent,RIGHT,692,692.0,BRN-VEN,anatomical_structure,1
IXI350,UNesT,0.2.7,BRN-INF-LAT-V,Inf-Lat-Vent,LEFT,889,889.0,BRN-VEN,anatomical_structure,1
IXI350,UNesT,0.2.7,BRN-LAT-V,Lateral-Ventricle,RIGHT,24896,24896.0,BRN-VEN,anatomical_structure,1
IXI350,UNesT,0.2.7,BRN-LAT-V,Lateral-Ventricle,LEFT,24927,24927.0,BRN-VEN,anatomical_structure,1
IXI350,UNesT,0.2.7,BRN-PAL,Pallidum,RIGHT,2113,2113.0,BRN-DGM,deep_gray_matter,1
IXI350,UNesT,0.2.7,BRN-PAL,Pallidum,LEFT,2004,2004.0,BRN-DGM,deep_gray_matter,1
IXI350,UNesT,0.2.7,BRN-PUT,Putamen,RIGHT,5419,5419.0,BRN-DGM,deep_gray_matter,1
IXI350,UNesT,0.2.7,BRN-PUT,Putamen,LEFT,5556,5556.0,BRN-DGM,deep_gray_matter,1
IXI350,UNesT,0.2.7,BRN-THA,Thalamus-Proper,RIGHT,9924,9924.0,BRN-DGM,deep_gray_matter,1
IXI350,UNesT,0.2.7,BRN-THA,Thalamus-Proper,LEFT,10357,10357.0,BRN-DGM,deep_gray_matter,1
IXI350,UNesT,0.2.7,BRN-VDC,Ventral-DC,RIGHT,7212,7212.0,BRN-DGM,anatomical_structure,1
IXI350,UNesT,0.2.7,BRN-VDC,Ventral-DC,LEFT,7186,7186.0,BRN-DGM,anatomical_structure,1
IXI350,UNesT,0.2.7,BRN-CEREBELLAR-VERMAL-LOBULES-I-V,Cerebellar-Vermal-Lobules-I-V,NONE,7064,7064.0,BRN-CBL,anatomical_structure,1
IXI350,UNesT,0.2.7,BRN-CEREBELLAR-VERMAL-LOBULES-VI-VII,Cerebellar-Vermal-Lobules-VI-VII,NONE,2946,2946.0,BRN-CBL,anatomical_structure,1
IXI350,UNesT,0.2.7,BRN-CEREBELLAR-VERMAL-LOBULES-VIII-X,Cerebellar-Vermal-Lobules-VIII-X,NONE,3630,3630.0,BRN-CBL,anatomical_structure,1
IXI350,UNesT,0.2.7,BRN-BASAL-FOREBRAIN,Basal-Forebrain,LEFT,609,609.0,BRN-DGM,anatomical_structure,1
IXI350,UNesT,0.2.7,BRN-BASAL-FOREBRAIN,Basal-Forebrain,RIGHT,580,580.0,BRN-DGM,anatomical_structure,1
IXI350,UNesT,0.2.7,BRN-ANTERIOR-CINGULATE-GYRUS,ACgG--anterior-cingulate-gyrus,RIGHT,5709,5709.0,BRN-LIM,anatomical_structure,4
IXI350,UNesT,0.2.7,BRN-ANTERIOR-CINGULATE-GYRUS,ACgG--anterior-cingulate-gyrus,LEFT,6918,6918.0,BRN-LIM,anatomical_structure,4
IXI350,UNesT,0.2.7,BRN-ANTERIOR-INSULA,AIns--anterior-insula,RIGHT,6163,6163.0,BRN-INS,anatomical_structure,4
IXI350,UNesT,0.2.7,BRN-ANTERIOR-INSULA,AIns--anterior-insula,LEFT,6646,6646.0,BRN-INS,anatomical_structure,4
IXI350,UNesT,0.2.7,BRN-ANTERIOR-ORBITAL-GYRUS,AOrG--anterior-orbital-gyrus,RIGHT,3566,3566.0,BRN-FRO,anatomical_structure,4
IXI350,UNesT,0.2.7,BRN-ANTERIOR-ORBITAL-GYRUS,AOrG--anterior-orbital-gyrus,LEFT,3029,3029.0,BRN-FRO,anatomical_structure,4
IXI350,UNesT,0.2.7,BRN-ANGULAR-GYRUS,AnG---angular-gyrus,RIGHT,16582,16582.0,BRN-PAR,anatomical_structure,4
IXI350,UNesT,0.2.7,BRN-ANGULAR-GYRUS,AnG---angular-gyrus,LEFT,17140,17140.0,BRN-PAR,anatomical_structure,4
IXI350,UNesT,0.2.7,BRN-CALCARINE-CORTEX,Calc--calcarine-cortex,RIGHT,5711,5711.0,BRN-OCC,anatomical_structure,4
IXI350,UNesT,0.2.7,BRN-CALCARINE-CORTEX,Calc--calcarine-cortex,LEFT,5704,5704.0,BRN-OCC,anatomical_structure,4
IXI350,UNesT,0.2.7,BRN-CENTRAL-OPERCULUM,CO----central-operculum,RIGHT,5819,5819.0,BRN-CER-COR,anatomical_structure,3
IXI350,UNesT,0.2.7,BRN-CENTRAL-OPERCULUM,CO----central-operculum,LEFT,6481,6481.0,BRN-CER-COR,anatomical_structure,3
IXI350,UNesT,0.2.7,BRN-CUNEUS,Cun---cuneus,RIGHT,8330,8330.0,BRN-CER-COR,anatomical_structure,1
IXI350,UNesT,0.2.7,BRN-CUNEUS,Cun---cuneus,LEFT,7606,7606.0,BRN-CER-COR,anatomical_structure,1
IXI350,UNesT,0.2.7,BRN-ENTORHINAL-AREA,Ent---entorhinal-area,RIGHT,3519,3519.0,BRN-LIM,anatomical_structure,1
IXI350,UNesT,0.2.7,BRN-ENTORHINAL-AREA,Ent---entorhinal-area,LEFT,2719,2719.0,BRN-LIM,anatomical_structure,1
IXI350,UNesT,0.2.7,BRN-FRONTAL-OPERCULUM,FO----frontal-operculum,RIGHT,2056,2056.0,BRN-FRO,anatomical_structure,4
IXI350,UNesT,0.2.7,BRN-FRONTAL-OPERCULUM,FO----frontal-operculum,LEFT,2608,2608.0,BRN-FRO,anatomical_structure,4
IXI350,UNesT,0.2.7,BRN-FRONTAL-POLE,FRP---frontal-pole,RIGHT,5002,5002.0,BRN-FRO,anatomical_structure,4
IXI350,UNesT,0.2.7,BRN-FRONTAL-POLE,FRP---frontal-pole,LEFT,4617,4617.0,BRN-FRO,anatomical_structure,4
IXI350,UNesT,0.2.7,BRN-FUSIFORM-GYRUS,FuG---fusiform-gyrus,RIGHT,11572,11572.0,BRN-TEM,anatomical_structure,4
IXI350,UNesT,0.2.7,BRN-FUSIFORM-GYRUS,FuG---fusiform-gyrus,LEFT,13342,13342.0,BRN-TEM,anatomical_structure,4
IXI350,UNesT,0.2.7,BRN-GYRUS-RECTUS,GRe---gyrus-rectus,RIGHT,2252,2252.0,BRN-FRO,anatomical_structure,4
IXI350,UNesT,0.2.7,BRN-GYRUS-RECTUS,GRe---gyrus-rectus,LEFT,3052,3052.0,BRN-FRO,anatomical_structure,4
IXI350,UNesT,0.2.7,BRN-INFERIOR-OCCIPITAL-GYRUS,IOG---inferior-occipital-gyrus,RIGHT,9823,9823.0,BRN-OCC,anatomical_structure,4
IXI350,UNesT,0.2.7,BRN-INFERIOR-OCCIPITAL-GYRUS,IOG---inferior-occipital-gyrus,LEFT,10664,10664.0,BRN-OCC,anatomical_structure,4
IXI350,UNesT,0.2.7,BRN-INFERIOR-TEMPORAL-GYRUS,ITG---inferior-temporal-gyrus,RIGHT,17834,17834.0,BRN-TEM,anatomical_structure,4
IXI350,UNesT,0.2.7,BRN-INFERIOR-TEMPORAL-GYRUS,ITG---inferior-temporal-gyrus,LEFT,19779,19779.0,BRN-TEM,anatomical_structure,4
IXI350,UNesT,0.2.7,BRN-LINGUAL-GYRUS,LiG---lingual-gyrus,RIGHT,13673,13673.0,BRN-OCC,anatomical_structure,4
IXI350,UNesT,0.2.7,BRN-LINGUAL-GYRUS,LiG---lingual-gyrus,LEFT,14473,14473.0,BRN-OCC,anatomical_structure,4
IXI350,UNesT,0.2.7,BRN-LATERAL-ORBITAL-GYRUS,LOrG--lateral-orbital-gyrus,RIGHT,3592,3592.0,BRN-FRO,anatomical_structure,4
IXI350,UNesT,0.2.7,BRN-LATERAL-ORBITAL-GYRUS,LOrG--lateral-orbital-gyrus,LEFT,2486,2486.0,BRN-FRO,anatomical_structure,4
IXI350,UNesT,0.2.7,BRN-MIDDLE-CINGULATE-GYRUS,MCgG--middle-cingulate-gyrus,RIGHT,7784,7784.0,BRN-LIM,anatomical_structure,4
IXI350,UNesT,0.2.7,BRN-MIDDLE-CINGULATE-GYRUS,MCgG--middle-cingulate-gyrus,LEFT,7998,7998.0,BRN-LIM,anatomical_structure,4
IXI350,UNesT,0.2.7,BRN-MEDIAL-FRONTAL-CORTEX,MFC---medial-frontal-cortex,RIGHT,3027,3027.0,BRN-FRO,anatomical_structure,4
IXI350,UNesT,0.2.7,BRN-MEDIAL-FRONTAL-CORTEX,MFC---medial-frontal-cortex,LEFT,2648,2648.0,BRN-FRO,anatomical_structure,4
IXI350,UNesT,0.2.7,BRN-MIDDLE-FRONTAL-GYRUS,MFG---middle-frontal-gyrus,RIGHT,32885,32885.0,BRN-FRO,anatomical_structure,4
IXI350,UNesT,0.2.7,BRN-MIDDLE-FRONTAL-GYRUS,MFG---middle-frontal-gyrus,LEFT,34440,34440.0,BRN-FRO,anatomical_structure,4
IXI350,UNesT,0.2.7,BRN-MIDDLE-OCCIPITAL-GYRUS,MOG---middle-occipital-gyrus,RIGHT,9411,9411.0,BRN-OCC,anatomical_structure,4
IXI350,UNesT,0.2.7,BRN-MIDDLE-OCCIPITAL-GYRUS,MOG---middle-occipital-gyrus,LEFT,8592,8592.0,BRN-OCC,anatomical_structure,4
IXI350,UNesT,0.2.7,BRN-MEDIAL-ORBITAL-GYRUS,MOrG--medial-orbital-gyrus,RIGHT,5406,5406.0,BRN-FRO,anatomical_structure,4
IXI350,UNesT,0.2.7,BRN-MEDIAL-ORBITAL-GYRUS,MOrG--medial-orbital-gyrus,LEFT,6001,6001.0,BRN-FRO,anatomical_structure,4
IXI350,UNesT,0.2.7,BRN-POG-MED,"Postcentral Gyrus, Medial Segment",RIGHT,2217,2217.0,BRN-PAR,cortical_subregion,4
IXI350,UNesT,0.2.7,BRN-POG-MED,"Postcentral Gyrus, Medial Segment",LEFT,2033,2033.0,BRN-PAR,cortical_subregion,4
IXI350,UNesT,0.2.7,BRN-PRG-MED,"Precentral Gyrus, Medial Segment",RIGHT,3917,3917.0,BRN-FRO,cortical_subregion,4
IXI350,UNesT,0.2.7,BRN-PRG-MED,"Precentral Gyrus, Medial Segment",LEFT,3606,3606.0,BRN-FRO,cortical_subregion,4
IXI350,UNesT,0.2.7,BRN-SUPERIOR-FRONTAL-GYRUS,MSFG--superior-frontal-gyrus,RIGHT,32267,32267.0,BRN-FRO,anatomical_structure,4
IXI350,UNesT,0.2.7,BRN-SUPERIOR-FRONTAL-GYRUS,MSFG--superior-frontal-gyrus,LEFT,28293,28293.0,BRN-FRO,anatomical_structure,4
IXI350,UNesT,0.2.7,BRN-MIDDLE-TEMPORAL-GYRUS,MTG---middle-temporal-gyrus,RIGHT,21773,21773.0,BRN-TEM,anatomical_structure,4
IXI350,UNesT,0.2.7,BRN-MIDDLE-TEMPORAL-GYRUS,MTG---middle-temporal-gyrus,LEFT,19602,19602.0,BRN-TEM,anatomical_structure,4
IXI350,UNesT,0.2.7,BRN-OCCIPITAL-POLE,OCP---occipital-pole,RIGHT,5653,5653.0,BRN-OCC,anatomical_structure,4
IXI350,UNesT,0.2.7,BRN-OCCIPITAL-POLE,OCP---occipital-pole,LEFT,5135,5135.0,BRN-OCC,anatomical_structure,4
IXI350,UNesT,0.2.7,BRN-OCCIPITAL-FUSIFORM-GYRUS,OFuG--occipital-fusiform-gyrus,RIGHT,6509,6509.0,BRN-OCC,anatomical_structure,4
IXI350,UNesT,0.2.7,BRN-OCCIPITAL-FUSIFORM-GYRUS,OFuG--occipital-fusiform-gyrus,LEFT,7984,7984.0,BRN-OCC,anatomical_structure,4
IXI350,UNesT,0.2.7,BRN-OPIFG-OPERCULAR-PART-OF-THE-IFG,OpIFG-opercular-part-of-the-IFG,RIGHT,4649,4649.0,BRN-CER-COR,anatomical_structure,1
IXI350,UNesT,0.2.7,BRN-OPIFG-OPERCULAR-PART-OF-THE-IFG,OpIFG-opercular-part-of-the-IFG,LEFT,3979,3979.0,BRN-CER-COR,anatomical_structure,1
IXI350,UNesT,0.2.7,BRN-ORIFG-ORBITAL-PART-OF-THE-IFG,OrIFG-orbital-part-of-the-IFG,RIGHT,2310,2310.0,BRN-CER-COR,anatomical_structure,1
IXI350,UNesT,0.2.7,BRN-ORIFG-ORBITAL-PART-OF-THE-IFG,OrIFG-orbital-part-of-the-IFG,LEFT,2636,2636.0,BRN-CER-COR,anatomical_structure,1
IXI350,UNesT,0.2.7,BRN-POSTERIOR-CINGULATE-GYRUS,PCgG--posterior-cingulate-gyrus,RIGHT,6894,6894.0,BRN-LIM,anatomical_structure,4
IXI350,UNesT,0.2.7,BRN-POSTERIOR-CINGULATE-GYRUS,PCgG--posterior-cingulate-gyrus,LEFT,7273,7273.0,BRN-LIM,anatomical_structure,4
IXI350,UNesT,0.2.7,BRN-PCU,PCu---precuneus,RIGHT,15477,15477.0,BRN-PAR,cortical_structure,4
IXI350,UNesT,0.2.7,BRN-PCU,PCu---precuneus,LEFT,17358,17358.0,BRN-PAR,cortical_structure,4
IXI350,UNesT,0.2.7,BRN-PARAHIPPOCAMPAL-GYRUS,PHG---parahippocampal-gyrus,RIGHT,4022,4022.0,BRN-LIM,anatomical_structure,4
IXI350,UNesT,0.2.7,BRN-PARAHIPPOCAMPAL-GYRUS,PHG---parahippocampal-gyrus,LEFT,4512,4512.0,BRN-LIM,anatomical_structure,4
IXI350,UNesT,0.2.7,BRN-POSTERIOR-INSULA,PIns--posterior-insula,RIGHT,3147,3147.0,BRN-INS,anatomical_structure,4
IXI350,UNesT,0.2.7,BRN-POSTERIOR-INSULA,PIns--posterior-insula,LEFT,2639,2639.0,BRN-INS,anatomical_structure,4
IXI350,UNesT,0.2.7,BRN-PARIETAL-OPERCULUM,PO----parietal-operculum,RIGHT,4300,4300.0,BRN-PAR,anatomical_structure,4
IXI350,UNesT,0.2.7,BRN-PARIETAL-OPERCULUM,PO----parietal-operculum,LEFT,4443,4443.0,BRN-PAR,anatomical_structure,4
IXI350,UNesT,0.2.7,BRN-POG,MPoG--postcentral-gyrus,RIGHT,19479,19479.0,BRN-PAR,cortical_structure,4
IXI350,UNesT,0.2.7,BRN-POG,MPoG--postcentral-gyrus,LEFT,20103,20103.0,BRN-PAR,cortical_structure,4
IXI350,UNesT,0.2.7,BRN-POSTERIOR-ORBITAL-GYRUS,POrG--posterior-orbital-gyrus,RIGHT,4056,4056.0,BRN-FRO,anatomical_structure,4
IXI350,UNesT,0.2.7,BRN-POSTERIOR-ORBITAL-GYRUS,POrG--posterior-orbital-gyrus,LEFT,5043,5043.0,BRN-FRO,anatomical_structure,4
IXI350,UNesT,0.2.7,BRN-PLANUM-POLARE,PP----planum-polare,RIGHT,2288,2288.0,BRN-TEM,anatomical_structure,4
IXI350,UNesT,0.2.7,BRN-PLANUM-POLARE,PP----planum-polare,LEFT,2394,2394.0,BRN-TEM,anatomical_structure,4
IXI350,UNesT,0.2.7,BRN-PRG,MPrG--precentral-gyrus,RIGHT,22848,22848.0,BRN-FRO,cortical_structure,4
IXI350,UNesT,0.2.7,BRN-PRG,MPrG--precentral-gyrus,LEFT,25097,25097.0,BRN-FRO,cortical_structure,4
IXI350,UNesT,0.2.7,BRN-PLANUM-TEMPORALE,PT----planum-temporale,RIGHT,3384,3384.0,BRN-TEM,anatomical_structure,4
IXI350,UNesT,0.2.7,BRN-PLANUM-TEMPORALE,PT----planum-temporale,LEFT,4091,4091.0,BRN-TEM,anatomical_structure,4
IXI350,UNesT,0.2.7,BRN-SUBCALLOSAL-AREA,SCA---subcallosal-area,RIGHT,1828,1828.0,BRN-LIM,anatomical_structure,4
IXI350,UNesT,0.2.7,BRN-SUBCALLOSAL-AREA,SCA---subcallosal-area,LEFT,1881,1881.0,BRN-LIM,anatomical_structure,4
IXI350,UNesT,0.2.7,BRN-SUPPLEMENTARY-MOTOR-CORTEX,SMC---supplementary-motor-cortex,RIGHT,9305,9305.0,BRN-FRO,anatomical_structure,4
IXI350,UNesT,0.2.7,BRN-SUPPLEMENTARY-MOTOR-CORTEX,SMC---supplementary-motor-cortex,LEFT,10364,10364.0,BRN-FRO,anatomical_structure,4
IXI350,UNesT,0.2.7,BRN-SUPRAMARGINAL-GYRUS,SMG---supramarginal-gyrus,RIGHT,12214,12214.0,BRN-PAR,anatomical_structure,4
IXI350,UNesT,0.2.7,BRN-SUPRAMARGINAL-GYRUS,SMG---supramarginal-gyrus,LEFT,14912,14912.0,BRN-PAR,anatomical_structure,4
IXI350,UNesT,0.2.7,BRN-SUPERIOR-OCCIPITAL-GYRUS,SOG---superior-occipital-gyrus,RIGHT,6265,6265.0,BRN-OCC,anatomical_structure,4
IXI350,UNesT,0.2.7,BRN-SUPERIOR-OCCIPITAL-GYRUS,SOG---superior-occipital-gyrus,LEFT,6552,6552.0,BRN-OCC,anatomical_structure,4
IXI350,UNesT,0.2.7,BRN-SUPERIOR-PARIETAL-LOBULE,SPL---superior-parietal-lobule,RIGHT,18298,18298.0,BRN-CER-COR,anatomical_structure,1
IXI350,UNesT,0.2.7,BRN-SUPERIOR-PARIETAL-LOBULE,SPL---superior-parietal-lobule,LEFT,20805,20805.0,BRN-CER-COR,anatomical_structure,1
IXI350,UNesT,0.2.7,BRN-SUPERIOR-TEMPORAL-GYRUS,STG---superior-temporal-gyrus,RIGHT,10512,10512.0,BRN-TEM,anatomical_structure,4
IXI350,UNesT,0.2.7,BRN-SUPERIOR-TEMPORAL-GYRUS,STG---superior-temporal-gyrus,LEFT,11454,11454.0,BRN-TEM,anatomical_structure,4
IXI350,UNesT,0.2.7,BRN-TEMPORAL-POLE,TMP---temporal-pole,RIGHT,12083,12083.0,BRN-TEM,anatomical_structure,4
IXI350,UNesT,0.2.7,BRN-TEMPORAL-POLE,TMP---temporal-pole,LEFT,12760,12760.0,BRN-TEM,anatomical_structure,4
IXI350,UNesT,0.2.7,BRN-TRIFG-TRIANGULAR-PART-OF-THE-IFG,TrIFG-triangular-part-of-the-IFG,RIGHT,4389,4389.0,BRN-CER-COR,anatomical_structure,1
IXI350,UNesT,0.2.7,BRN-TRIFG-TRIANGULAR-PART-OF-THE-IFG,TrIFG-triangular-part-of-the-IFG,LEFT,4865,4865.0,BRN-CER-COR,anatomical_structure,1
IXI350,UNesT,0.2.7,BRN-TRANSVERSE-TEMPORAL-GYRUS,TTG---transverse-temporal-gyrus,RIGHT,3058,3058.0,BRN-TEM,anatomical_structure,4
IXI350,UNesT,0.2.7,BRN-TRANSVERSE-TEMPORAL-GYRUS,TTG---transverse-temporal-gyrus,LEFT,2887,2887.0,BRN-TEM,anatomical_structure,4
IXI344,UNesT,0.2.7,BRN-3RD-VENTRICLE,3rd-Ventricle,NONE,3540,3540.0,BRN-VEN,anatomical_structure,1
IXI344,UNesT,0.2.7,BRN-4TH-VENTRICLE,4th-Ventricle,NONE,3287,3287.0,BRN-VEN,anatomical_structure,1
IXI344,UNesT,0.2.7,BRN-ACC,Accumbens-Area,RIGHT,436,436.0,BRN-DGM,anatomical_structure,1
IXI344,UNesT,0.2.7,BRN-ACC,Accumbens-Area,LEFT,614,614.0,BRN-DGM,anatomical_structure,1
IXI344,UNesT,0.2.7,BRN-AMY,Amygdala,RIGHT,1557,1557.0,BRN-DGM,deep_gray_matter,1
IXI344,UNesT,0.2.7,BRN-AMY,Amygdala,LEFT,1441,1441.0,BRN-DGM,deep_gray_matter,1
IXI344,UNesT,0.2.7,BRN-BST,Brain-Stem,NONE,22777,22777.0,BRN-BST-GRP,brainstem,1
IXI344,UNesT,0.2.7,BRN-CAU,Caudate,RIGHT,3630,3630.0,BRN-DGM,deep_gray_matter,1
IXI344,UNesT,0.2.7,BRN-CAU,Caudate,LEFT,3428,3428.0,BRN-DGM,deep_gray_matter,1
IXI344,UNesT,0.2.7,BRN-CB-EXT,Cerebellum-Exterior,RIGHT,68549,68549.0,BRN-CBL,anatomical_structure,1
IXI344,UNesT,0.2.7,BRN-CB-EXT,Cerebellum-Exterior,LEFT,66766,66766.0,BRN-CBL,anatomical_structure,1
IXI344,UNesT,0.2.7,BRN-CB-WM,Cerebellum-White-Matter,RIGHT,15914,15914.0,BRN-CBL,anatomical_structure,1
IXI344,UNesT,0.2.7,BRN-CB-WM,Cerebellum-White-Matter,LEFT,14532,14532.0,BRN-CBL,anatomical_structure,1
IXI344,UNesT,0.2.7,BRN-CER-WM,Cerebral-White-Matter,RIGHT,269716,269716.0,BRN-WM,anatomical_structure,1
IXI344,UNesT,0.2.7,BRN-CER-WM,Cerebral-White-Matter,LEFT,247924,247924.0,BRN-WM,anatomical_structure,1
IXI344,UNesT,0.2.7,BRN-HIP,Hippocampus,RIGHT,4997,4997.0,BRN-LIM,deep_gray_matter,1
IXI344,UNesT,0.2.7,BRN-HIP,Hippocampus,LEFT,5346,5346.0,BRN-LIM,deep_gray_matter,1
IXI344,UNesT,0.2.7,BRN-INF-LAT-V,Inf-Lat-Vent,RIGHT,1495,1495.0,BRN-VEN,anatomical_structure,1
IXI344,UNesT,0.2.7,BRN-INF-LAT-V,Inf-Lat-Vent,LEFT,1572,1572.0,BRN-VEN,anatomical_structure,1
IXI344,UNesT,0.2.7,BRN-LAT-V,Lateral-Ventricle,RIGHT,16099,16099.0,BRN-VEN,anatomical_structure,1
IXI344,UNesT,0.2.7,BRN-LAT-V,Lateral-Ventricle,LEFT,17603,17603.0,BRN-VEN,anatomical_structure,1
IXI344,UNesT,0.2.7,BRN-PAL,Pallidum,RIGHT,2007,2007.0,BRN-DGM,deep_gray_matter,1
IXI344,UNesT,0.2.7,BRN-PAL,Pallidum,LEFT,1999,1999.0,BRN-DGM,deep_gray_matter,1
IXI344,UNesT,0.2.7,BRN-PUT,Putamen,RIGHT,5204,5204.0,BRN-DGM,deep_gray_matter,1
IXI344,UNesT,0.2.7,BRN-PUT,Putamen,LEFT,5267,5267.0,BRN-DGM,deep_gray_matter,1
IXI344,UNesT,0.2.7,BRN-THA,Thalamus-Proper,RIGHT,9311,9311.0,BRN-DGM,deep_gray_matter,1
IXI344,UNesT,0.2.7,BRN-THA,Thalamus-Proper,LEFT,9965,9965.0,BRN-DGM,deep_gray_matter,1
IXI344,UNesT,0.2.7,BRN-VDC,Ventral-DC,RIGHT,6375,6375.0,BRN-DGM,anatomical_structure,1
IXI344,UNesT,0.2.7,BRN-VDC,Ventral-DC,LEFT,6561,6561.0,BRN-DGM,anatomical_structure,1
IXI344,UNesT,0.2.7,BRN-CEREBELLAR-VERMAL-LOBULES-I-V,Cerebellar-Vermal-Lobules-I-V,NONE,7669,7669.0,BRN-CBL,anatomical_structure,1
IXI344,UNesT,0.2.7,BRN-CEREBELLAR-VERMAL-LOBULES-VI-VII,Cerebellar-Vermal-Lobules-VI-VII,NONE,3595,3595.0,BRN-CBL,anatomical_structure,1
IXI344,UNesT,0.2.7,BRN-CEREBELLAR-VERMAL-LOBULES-VIII-X,Cerebellar-Vermal-Lobules-VIII-X,NONE,4611,4611.0,BRN-CBL,anatomical_structure,1
IXI344,UNesT,0.2.7,BRN-BASAL-FOREBRAIN,Basal-Forebrain,LEFT,754,754.0,BRN-DGM,anatomical_structure,1
IXI344,UNesT,0.2.7,BRN-BASAL-FOREBRAIN,Basal-Forebrain,RIGHT,627,627.0,BRN-DGM,anatomical_structure,1
IXI344,UNesT,0.2.7,BRN-ANTERIOR-CINGULATE-GYRUS,ACgG--anterior-cingulate-gyrus,RIGHT,7536,7536.0,BRN-LIM,anatomical_structure,4
IXI344,UNesT,0.2.7,BRN-ANTERIOR-CINGULATE-GYRUS,ACgG--anterior-cingulate-gyrus,LEFT,6050,6050.0,BRN-LIM,anatomical_structure,4
IXI344,UNesT,0.2.7,BRN-ANTERIOR-INSULA,AIns--anterior-insula,RIGHT,5733,5733.0,BRN-INS,anatomical_structure,4
IXI344,UNesT,0.2.7,BRN-ANTERIOR-INSULA,AIns--anterior-insula,LEFT,5794,5794.0,BRN-INS,anatomical_structure,4
IXI344,UNesT,0.2.7,BRN-ANTERIOR-ORBITAL-GYRUS,AOrG--anterior-orbital-gyrus,RIGHT,2273,2273.0,BRN-FRO,anatomical_structure,4
IXI344,UNesT,0.2.7,BRN-ANTERIOR-ORBITAL-GYRUS,AOrG--anterior-orbital-gyrus,LEFT,2465,2465.0,BRN-FRO,anatomical_structure,4
IXI344,UNesT,0.2.7,BRN-ANGULAR-GYRUS,AnG---angular-gyrus,RIGHT,11871,11871.0,BRN-PAR,anatomical_structure,4
IXI344,UNesT,0.2.7,BRN-ANGULAR-GYRUS,AnG---angular-gyrus,LEFT,12774,12774.0,BRN-PAR,anatomical_structure,4
IXI344,UNesT,0.2.7,BRN-CALCARINE-CORTEX,Calc--calcarine-cortex,RIGHT,6354,6354.0,BRN-OCC,anatomical_structure,4
IXI344,UNesT,0.2.7,BRN-CALCARINE-CORTEX,Calc--calcarine-cortex,LEFT,6389,6389.0,BRN-OCC,anatomical_structure,4
IXI344,UNesT,0.2.7,BRN-CENTRAL-OPERCULUM,CO----central-operculum,RIGHT,5881,5881.0,BRN-CER-COR,anatomical_structure,3
IXI344,UNesT,0.2.7,BRN-CENTRAL-OPERCULUM,CO----central-operculum,LEFT,5530,5530.0,BRN-CER-COR,anatomical_structure,3
IXI344,UNesT,0.2.7,BRN-CUNEUS,Cun---cuneus,RIGHT,7313,7313.0,BRN-CER-COR,anatomical_structure,1
IXI344,UNesT,0.2.7,BRN-CUNEUS,Cun---cuneus,LEFT,7001,7001.0,BRN-CER-COR,anatomical_structure,1
IXI344,UNesT,0.2.7,BRN-ENTORHINAL-AREA,Ent---entorhinal-area,RIGHT,3475,3475.0,BRN-LIM,anatomical_structure,1
IXI344,UNesT,0.2.7,BRN-ENTORHINAL-AREA,Ent---entorhinal-area,LEFT,2965,2965.0,BRN-LIM,anatomical_structure,1
IXI344,UNesT,0.2.7,BRN-FRONTAL-OPERCULUM,FO----frontal-operculum,RIGHT,2616,2616.0,BRN-FRO,anatomical_structure,4
IXI344,UNesT,0.2.7,BRN-FRONTAL-OPERCULUM,FO----frontal-operculum,LEFT,2729,2729.0,BRN-FRO,anatomical_structure,4
IXI344,UNesT,0.2.7,BRN-FRONTAL-POLE,FRP---frontal-pole,RIGHT,3897,3897.0,BRN-FRO,anatomical_structure,4
IXI344,UNesT,0.2.7,BRN-FRONTAL-POLE,FRP---frontal-pole,LEFT,4198,4198.0,BRN-FRO,anatomical_structure,4
IXI344,UNesT,0.2.7,BRN-FUSIFORM-GYRUS,FuG---fusiform-gyrus,RIGHT,9680,9680.0,BRN-TEM,anatomical_structure,4
IXI344,UNesT,0.2.7,BRN-FUSIFORM-GYRUS,FuG---fusiform-gyrus,LEFT,9553,9553.0,BRN-TEM,anatomical_structure,4
IXI344,UNesT,0.2.7,BRN-GYRUS-RECTUS,GRe---gyrus-rectus,RIGHT,2809,2809.0,BRN-FRO,anatomical_structure,4
IXI344,UNesT,0.2.7,BRN-GYRUS-RECTUS,GRe---gyrus-rectus,LEFT,2814,2814.0,BRN-FRO,anatomical_structure,4
IXI344,UNesT,0.2.7,BRN-INFERIOR-OCCIPITAL-GYRUS,IOG---inferior-occipital-gyrus,RIGHT,9246,9246.0,BRN-OCC,anatomical_structure,4
IXI344,UNesT,0.2.7,BRN-INFERIOR-OCCIPITAL-GYRUS,IOG---inferior-occipital-gyrus,LEFT,10034,10034.0,BRN-OCC,anatomical_structure,4
IXI344,UNesT,0.2.7,BRN-INFERIOR-TEMPORAL-GYRUS,ITG---inferior-temporal-gyrus,RIGHT,15312,15312.0,BRN-TEM,anatomical_structure,4
IXI344,UNesT,0.2.7,BRN-INFERIOR-TEMPORAL-GYRUS,ITG---inferior-temporal-gyrus,LEFT,17630,17630.0,BRN-TEM,anatomical_structure,4
IXI344,UNesT,0.2.7,BRN-LINGUAL-GYRUS,LiG---lingual-gyrus,RIGHT,14014,14014.0,BRN-OCC,anatomical_structure,4
IXI344,UNesT,0.2.7,BRN-LINGUAL-GYRUS,LiG---lingual-gyrus,LEFT,13764,13764.0,BRN-OCC,anatomical_structure,4
IXI344,UNesT,0.2.7,BRN-LATERAL-ORBITAL-GYRUS,LOrG--lateral-orbital-gyrus,RIGHT,2825,2825.0,BRN-FRO,anatomical_structure,4
IXI344,UNesT,0.2.7,BRN-LATERAL-ORBITAL-GYRUS,LOrG--lateral-orbital-gyrus,LEFT,3046,3046.0,BRN-FRO,anatomical_structure,4
IXI344,UNesT,0.2.7,BRN-MIDDLE-CINGULATE-GYRUS,MCgG--middle-cingulate-gyrus,RIGHT,8107,8107.0,BRN-LIM,anatomical_structure,4
IXI344,UNesT,0.2.7,BRN-MIDDLE-CINGULATE-GYRUS,MCgG--middle-cingulate-gyrus,LEFT,6504,6504.0,BRN-LIM,anatomical_structure,4
IXI344,UNesT,0.2.7,BRN-MEDIAL-FRONTAL-CORTEX,MFC---medial-frontal-cortex,RIGHT,2326,2326.0,BRN-FRO,anatomical_structure,4
IXI344,UNesT,0.2.7,BRN-MEDIAL-FRONTAL-CORTEX,MFC---medial-frontal-cortex,LEFT,2056,2056.0,BRN-FRO,anatomical_structure,4
IXI344,UNesT,0.2.7,BRN-MIDDLE-FRONTAL-GYRUS,MFG---middle-frontal-gyrus,RIGHT,29259,29259.0,BRN-FRO,anatomical_structure,4
IXI344,UNesT,0.2.7,BRN-MIDDLE-FRONTAL-GYRUS,MFG---middle-frontal-gyrus,LEFT,30635,30635.0,BRN-FRO,anatomical_structure,4
IXI344,UNesT,0.2.7,BRN-MIDDLE-OCCIPITAL-GYRUS,MOG---middle-occipital-gyrus,RIGHT,7395,7395.0,BRN-OCC,anatomical_structure,4
IXI344,UNesT,0.2.7,BRN-MIDDLE-OCCIPITAL-GYRUS,MOG---middle-occipital-gyrus,LEFT,7982,7982.0,BRN-OCC,anatomical_structure,4
IXI344,UNesT,0.2.7,BRN-MEDIAL-ORBITAL-GYRUS,MOrG--medial-orbital-gyrus,RIGHT,5712,5712.0,BRN-FRO,anatomical_structure,4
IXI344,UNesT,0.2.7,BRN-MEDIAL-ORBITAL-GYRUS,MOrG--medial-orbital-gyrus,LEFT,5993,5993.0,BRN-FRO,anatomical_structure,4
IXI344,UNesT,0.2.7,BRN-POG-MED,"Postcentral Gyrus, Medial Segment",RIGHT,1660,1660.0,BRN-PAR,cortical_subregion,4
IXI344,UNesT,0.2.7,BRN-POG-MED,"Postcentral Gyrus, Medial Segment",LEFT,1986,1986.0,BRN-PAR,cortical_subregion,4
IXI344,UNesT,0.2.7,BRN-PRG-MED,"Precentral Gyrus, Medial Segment",RIGHT,4435,4435.0,BRN-FRO,cortical_subregion,4
IXI344,UNesT,0.2.7,BRN-PRG-MED,"Precentral Gyrus, Medial Segment",LEFT,4006,4006.0,BRN-FRO,cortical_subregion,4
IXI344,UNesT,0.2.7,BRN-SUPERIOR-FRONTAL-GYRUS,MSFG--superior-frontal-gyrus,RIGHT,26697,26697.0,BRN-FRO,anatomical_structure,4
IXI344,UNesT,0.2.7,BRN-SUPERIOR-FRONTAL-GYRUS,MSFG--superior-frontal-gyrus,LEFT,28073,28073.0,BRN-FRO,anatomical_structure,4
IXI344,UNesT,0.2.7,BRN-MIDDLE-TEMPORAL-GYRUS,MTG---middle-temporal-gyrus,RIGHT,20972,20972.0,BRN-TEM,anatomical_structure,4
IXI344,UNesT,0.2.7,BRN-MIDDLE-TEMPORAL-GYRUS,MTG---middle-temporal-gyrus,LEFT,19063,19063.0,BRN-TEM,anatomical_structure,4
IXI344,UNesT,0.2.7,BRN-OCCIPITAL-POLE,OCP---occipital-pole,RIGHT,4759,4759.0,BRN-OCC,anatomical_structure,4
IXI344,UNesT,0.2.7,BRN-OCCIPITAL-POLE,OCP---occipital-pole,LEFT,5907,5907.0,BRN-OCC,anatomical_structure,4
IXI344,UNesT,0.2.7,BRN-OCCIPITAL-FUSIFORM-GYRUS,OFuG--occipital-fusiform-gyrus,RIGHT,6616,6616.0,BRN-OCC,anatomical_structure,4
IXI344,UNesT,0.2.7,BRN-OCCIPITAL-FUSIFORM-GYRUS,OFuG--occipital-fusiform-gyrus,LEFT,7226,7226.0,BRN-OCC,anatomical_structure,4
IXI344,UNesT,0.2.7,BRN-OPIFG-OPERCULAR-PART-OF-THE-IFG,OpIFG-opercular-part-of-the-IFG,RIGHT,4792,4792.0,BRN-CER-COR,anatomical_structure,1
IXI344,UNesT,0.2.7,BRN-OPIFG-OPERCULAR-PART-OF-THE-IFG,OpIFG-opercular-part-of-the-IFG,LEFT,3239,3239.0,BRN-CER-COR,anatomical_structure,1
IXI344,UNesT,0.2.7,BRN-ORIFG-ORBITAL-PART-OF-THE-IFG,OrIFG-orbital-part-of-the-IFG,RIGHT,1741,1741.0,BRN-CER-COR,anatomical_structure,1
IXI344,UNesT,0.2.7,BRN-ORIFG-ORBITAL-PART-OF-THE-IFG,OrIFG-orbital-part-of-the-IFG,LEFT,2252,2252.0,BRN-CER-COR,anatomical_structure,1
IXI344,UNesT,0.2.7,BRN-POSTERIOR-CINGULATE-GYRUS,PCgG--posterior-cingulate-gyrus,RIGHT,7011,7011.0,BRN-LIM,anatomical_structure,4
IXI344,UNesT,0.2.7,BRN-POSTERIOR-CINGULATE-GYRUS,PCgG--posterior-cingulate-gyrus,LEFT,7146,7146.0,BRN-LIM,anatomical_structure,4
IXI344,UNesT,0.2.7,BRN-PCU,PCu---precuneus,RIGHT,15929,15929.0,BRN-PAR,cortical_structure,4
IXI344,UNesT,0.2.7,BRN-PCU,PCu---precuneus,LEFT,15173,15173.0,BRN-PAR,cortical_structure,4
IXI344,UNesT,0.2.7,BRN-PARAHIPPOCAMPAL-GYRUS,PHG---parahippocampal-gyrus,RIGHT,3350,3350.0,BRN-LIM,anatomical_structure,4
IXI344,UNesT,0.2.7,BRN-PARAHIPPOCAMPAL-GYRUS,PHG---parahippocampal-gyrus,LEFT,3967,3967.0,BRN-LIM,anatomical_structure,4
IXI344,UNesT,0.2.7,BRN-POSTERIOR-INSULA,PIns--posterior-insula,RIGHT,3393,3393.0,BRN-INS,anatomical_structure,4
IXI344,UNesT,0.2.7,BRN-POSTERIOR-INSULA,PIns--posterior-insula,LEFT,3058,3058.0,BRN-INS,anatomical_structure,4
IXI344,UNesT,0.2.7,BRN-PARIETAL-OPERCULUM,PO----parietal-operculum,RIGHT,2342,2342.0,BRN-PAR,anatomical_structure,4
IXI344,UNesT,0.2.7,BRN-PARIETAL-OPERCULUM,PO----parietal-operculum,LEFT,4057,4057.0,BRN-PAR,anatomical_structure,4
IXI344,UNesT,0.2.7,BRN-POG,MPoG--postcentral-gyrus,RIGHT,17226,17226.0,BRN-PAR,cortical_structure,4
IXI344,UNesT,0.2.7,BRN-POG,MPoG--postcentral-gyrus,LEFT,20654,20654.0,BRN-PAR,cortical_structure,4
IXI344,UNesT,0.2.7,BRN-POSTERIOR-ORBITAL-GYRUS,POrG--posterior-orbital-gyrus,RIGHT,4224,4224.0,BRN-FRO,anatomical_structure,4
IXI344,UNesT,0.2.7,BRN-POSTERIOR-ORBITAL-GYRUS,POrG--posterior-orbital-gyrus,LEFT,4763,4763.0,BRN-FRO,anatomical_structure,4
IXI344,UNesT,0.2.7,BRN-PLANUM-POLARE,PP----planum-polare,RIGHT,2818,2818.0,BRN-TEM,anatomical_structure,4
IXI344,UNesT,0.2.7,BRN-PLANUM-POLARE,PP----planum-polare,LEFT,2913,2913.0,BRN-TEM,anatomical_structure,4
IXI344,UNesT,0.2.7,BRN-PRG,MPrG--precentral-gyrus,RIGHT,20751,20751.0,BRN-FRO,cortical_structure,4
IXI344,UNesT,0.2.7,BRN-PRG,MPrG--precentral-gyrus,LEFT,21542,21542.0,BRN-FRO,cortical_structure,4
IXI344,UNesT,0.2.7,BRN-PLANUM-TEMPORALE,PT----planum-temporale,RIGHT,1931,1931.0,BRN-TEM,anatomical_structure,4
IXI344,UNesT,0.2.7,BRN-PLANUM-TEMPORALE,PT----planum-temporale,LEFT,3644,3644.0,BRN-TEM,anatomical_structure,4
IXI344,UNesT,0.2.7,BRN-SUBCALLOSAL-AREA,SCA---subcallosal-area,RIGHT,1793,1793.0,BRN-LIM,anatomical_structure,4
IXI344,UNesT,0.2.7,BRN-SUBCALLOSAL-AREA,SCA---subcallosal-area,LEFT,1896,1896.0,BRN-LIM,anatomical_structure,4
IXI344,UNesT,0.2.7,BRN-SUPPLEMENTARY-MOTOR-CORTEX,SMC---supplementary-motor-cortex,RIGHT,6444,6444.0,BRN-FRO,anatomical_structure,4
IXI344,UNesT,0.2.7,BRN-SUPPLEMENTARY-MOTOR-CORTEX,SMC---supplementary-motor-cortex,LEFT,7975,7975.0,BRN-FRO,anatomical_structure,4
IXI344,UNesT,0.2.7,BRN-SUPRAMARGINAL-GYRUS,SMG---supramarginal-gyrus,RIGHT,12843,12843.0,BRN-PAR,anatomical_structure,4
IXI344,UNesT,0.2.7,BRN-SUPRAMARGINAL-GYRUS,SMG---supramarginal-gyrus,LEFT,12350,12350.0,BRN-PAR,anatomical_structure,4
IXI344,UNesT,0.2.7,BRN-SUPERIOR-OCCIPITAL-GYRUS,SOG---superior-occipital-gyrus,RIGHT,8740,8740.0,BRN-OCC,anatomical_structure,4
IXI344,UNesT,0.2.7,BRN-SUPERIOR-OCCIPITAL-GYRUS,SOG---superior-occipital-gyrus,LEFT,6244,6244.0,BRN-OCC,anatomical_structure,4
IXI344,UNesT,0.2.7,BRN-SUPERIOR-PARIETAL-LOBULE,SPL---superior-parietal-lobule,RIGHT,13921,13921.0,BRN-CER-COR,anatomical_structure,1
IXI344,UNesT,0.2.7,BRN-SUPERIOR-PARIETAL-LOBULE,SPL---superior-parietal-lobule,LEFT,18617,18617.0,BRN-CER-COR,anatomical_structure,1
IXI344,UNesT,0.2.7,BRN-SUPERIOR-TEMPORAL-GYRUS,STG---superior-temporal-gyrus,RIGHT,9778,9778.0,BRN-TEM,anatomical_structure,4
IXI344,UNesT,0.2.7,BRN-SUPERIOR-TEMPORAL-GYRUS,STG---superior-temporal-gyrus,LEFT,10419,10419.0,BRN-TEM,anatomical_structure,4
IXI344,UNesT,0.2.7,BRN-TEMPORAL-POLE,TMP---temporal-pole,RIGHT,12522,12522.0,BRN-TEM,anatomical_structure,4
IXI344,UNesT,0.2.7,BRN-TEMPORAL-POLE,TMP---temporal-pole,LEFT,11983,11983.0,BRN-TEM,anatomical_structure,4
IXI344,UNesT,0.2.7,BRN-TRIFG-TRIANGULAR-PART-OF-THE-IFG,TrIFG-triangular-part-of-the-IFG,RIGHT,4312,4312.0,BRN-CER-COR,anatomical_structure,1
IXI344,UNesT,0.2.7,BRN-TRIFG-TRIANGULAR-PART-OF-THE-IFG,TrIFG-triangular-part-of-the-IFG,LEFT,4243,4243.0,BRN-CER-COR,anatomical_structure,1
IXI344,UNesT,0.2.7,BRN-TRANSVERSE-TEMPORAL-GYRUS,TTG---transverse-temporal-gyrus,RIGHT,2657,2657.0,BRN-TEM,anatomical_structure,4
IXI344,UNesT,0.2.7,BRN-TRANSVERSE-TEMPORAL-GYRUS,TTG---transverse-temporal-gyrus,LEFT,2690,2690.0,BRN-TEM,anatomical_structure,4
IXI359,UNesT,0.2.7,BRN-3RD-VENTRICLE,3rd-Ventricle,NONE,2773,2773.0,BRN-VEN,anatomical_structure,1
IXI359,UNesT,0.2.7,BRN-4TH-VENTRICLE,4th-Ventricle,NONE,2171,2171.0,BRN-VEN,anatomical_structure,1
IXI359,UNesT,0.2.7,BRN-ACC,Accumbens-Area,RIGHT,482,482.0,BRN-DGM,anatomical_structure,1
IXI359,UNesT,0.2.7,BRN-ACC,Accumbens-Area,LEFT,554,554.0,BRN-DGM,anatomical_structure,1
IXI359,UNesT,0.2.7,BRN-AMY,Amygdala,RIGHT,1333,1333.0,BRN-DGM,deep_gray_matter,1
IXI359,UNesT,0.2.7,BRN-AMY,Amygdala,LEFT,1562,1562.0,BRN-DGM,deep_gray_matter,1
IXI359,UNesT,0.2.7,BRN-BST,Brain-Stem,NONE,24459,24459.0,BRN-BST-GRP,brainstem,1
IXI359,UNesT,0.2.7,BRN-CAU,Caudate,RIGHT,3417,3417.0,BRN-DGM,deep_gray_matter,1
IXI359,UNesT,0.2.7,BRN-CAU,Caudate,LEFT,3609,3609.0,BRN-DGM,deep_gray_matter,1
IXI359,UNesT,0.2.7,BRN-CB-EXT,Cerebellum-Exterior,RIGHT,73782,73782.0,BRN-CBL,anatomical_structure,1
IXI359,UNesT,0.2.7,BRN-CB-EXT,Cerebellum-Exterior,LEFT,73640,73640.0,BRN-CBL,anatomical_structure,1
IXI359,UNesT,0.2.7,BRN-CB-WM,Cerebellum-White-Matter,RIGHT,17630,17630.0,BRN-CBL,anatomical_structure,1
IXI359,UNesT,0.2.7,BRN-CB-WM,Cerebellum-White-Matter,LEFT,17581,17581.0,BRN-CBL,anatomical_structure,1
IXI359,UNesT,0.2.7,BRN-CER-WM,Cerebral-White-Matter,RIGHT,274613,274613.0,BRN-WM,anatomical_structure,1
IXI359,UNesT,0.2.7,BRN-CER-WM,Cerebral-White-Matter,LEFT,256212,256212.0,BRN-WM,anatomical_structure,1
IXI359,UNesT,0.2.7,BRN-HIP,Hippocampus,RIGHT,4593,4593.0,BRN-LIM,deep_gray_matter,1
IXI359,UNesT,0.2.7,BRN-HIP,Hippocampus,LEFT,5050,5050.0,BRN-LIM,deep_gray_matter,1
IXI359,UNesT,0.2.7,BRN-INF-LAT-V,Inf-Lat-Vent,RIGHT,1016,1016.0,BRN-VEN,anatomical_structure,1
IXI359,UNesT,0.2.7,BRN-INF-LAT-V,Inf-Lat-Vent,LEFT,884,884.0,BRN-VEN,anatomical_structure,1
IXI359,UNesT,0.2.7,BRN-LAT-V,Lateral-Ventricle,RIGHT,19976,19976.0,BRN-VEN,anatomical_structure,1
IXI359,UNesT,0.2.7,BRN-LAT-V,Lateral-Ventricle,LEFT,18918,18918.0,BRN-VEN,anatomical_structure,1
IXI359,UNesT,0.2.7,BRN-PAL,Pallidum,RIGHT,2032,2032.0,BRN-DGM,deep_gray_matter,1
IXI359,UNesT,0.2.7,BRN-PAL,Pallidum,LEFT,2154,2154.0,BRN-DGM,deep_gray_matter,1
IXI359,UNesT,0.2.7,BRN-PUT,Putamen,RIGHT,5503,5503.0,BRN-DGM,deep_gray_matter,1
IXI359,UNesT,0.2.7,BRN-PUT,Putamen,LEFT,5344,5344.0,BRN-DGM,deep_gray_matter,1
IXI359,UNesT,0.2.7,BRN-THA,Thalamus-Proper,RIGHT,8500,8500.0,BRN-DGM,deep_gray_matter,1
IXI359,UNesT,0.2.7,BRN-THA,Thalamus-Proper,LEFT,9345,9345.0,BRN-DGM,deep_gray_matter,1
IXI359,UNesT,0.2.7,BRN-VDC,Ventral-DC,RIGHT,6688,6688.0,BRN-DGM,anatomical_structure,1
IXI359,UNesT,0.2.7,BRN-VDC,Ventral-DC,LEFT,6588,6588.0,BRN-DGM,anatomical_structure,1
IXI359,UNesT,0.2.7,BRN-CEREBELLAR-VERMAL-LOBULES-I-V,Cerebellar-Vermal-Lobules-I-V,NONE,7041,7041.0,BRN-CBL,anatomical_structure,1
IXI359,UNesT,0.2.7,BRN-CEREBELLAR-VERMAL-LOBULES-VI-VII,Cerebellar-Vermal-Lobules-VI-VII,NONE,3522,3522.0,BRN-CBL,anatomical_structure,1
IXI359,UNesT,0.2.7,BRN-CEREBELLAR-VERMAL-LOBULES-VIII-X,Cerebellar-Vermal-Lobules-VIII-X,NONE,3762,3762.0,BRN-CBL,anatomical_structure,1
IXI359,UNesT,0.2.7,BRN-BASAL-FOREBRAIN,Basal-Forebrain,LEFT,758,758.0,BRN-DGM,anatomical_structure,1
IXI359,UNesT,0.2.7,BRN-BASAL-FOREBRAIN,Basal-Forebrain,RIGHT,589,589.0,BRN-DGM,anatomical_structure,1
IXI359,UNesT,0.2.7,BRN-ANTERIOR-CINGULATE-GYRUS,ACgG--anterior-cingulate-gyrus,RIGHT,6054,6054.0,BRN-LIM,anatomical_structure,4
IXI359,UNesT,0.2.7,BRN-ANTERIOR-CINGULATE-GYRUS,ACgG--anterior-cingulate-gyrus,LEFT,7713,7713.0,BRN-LIM,anatomical_structure,4
IXI359,UNesT,0.2.7,BRN-ANTERIOR-INSULA,AIns--anterior-insula,RIGHT,5944,5944.0,BRN-INS,anatomical_structure,4
IXI359,UNesT,0.2.7,BRN-ANTERIOR-INSULA,AIns--anterior-insula,LEFT,5560,5560.0,BRN-INS,anatomical_structure,4
IXI359,UNesT,0.2.7,BRN-ANTERIOR-ORBITAL-GYRUS,AOrG--anterior-orbital-gyrus,RIGHT,2392,2392.0,BRN-FRO,anatomical_structure,4
IXI359,UNesT,0.2.7,BRN-ANTERIOR-ORBITAL-GYRUS,AOrG--anterior-orbital-gyrus,LEFT,2244,2244.0,BRN-FRO,anatomical_structure,4
IXI359,UNesT,0.2.7,BRN-ANGULAR-GYRUS,AnG---angular-gyrus,RIGHT,15636,15636.0,BRN-PAR,anatomical_structure,4
IXI359,UNesT,0.2.7,BRN-ANGULAR-GYRUS,AnG---angular-gyrus,LEFT,13580,13580.0,BRN-PAR,anatomical_structure,4
IXI359,UNesT,0.2.7,BRN-CALCARINE-CORTEX,Calc--calcarine-cortex,RIGHT,5702,5702.0,BRN-OCC,anatomical_structure,4
IXI359,UNesT,0.2.7,BRN-CALCARINE-CORTEX,Calc--calcarine-cortex,LEFT,4757,4757.0,BRN-OCC,anatomical_structure,4
IXI359,UNesT,0.2.7,BRN-CENTRAL-OPERCULUM,CO----central-operculum,RIGHT,4839,4839.0,BRN-CER-COR,anatomical_structure,3
IXI359,UNesT,0.2.7,BRN-CENTRAL-OPERCULUM,CO----central-operculum,LEFT,5472,5472.0,BRN-CER-COR,anatomical_structure,3
IXI359,UNesT,0.2.7,BRN-CUNEUS,Cun---cuneus,RIGHT,7471,7471.0,BRN-CER-COR,anatomical_structure,1
IXI359,UNesT,0.2.7,BRN-CUNEUS,Cun---cuneus,LEFT,7195,7195.0,BRN-CER-COR,anatomical_structure,1
IXI359,UNesT,0.2.7,BRN-ENTORHINAL-AREA,Ent---entorhinal-area,RIGHT,2438,2438.0,BRN-LIM,anatomical_structure,1
IXI359,UNesT,0.2.7,BRN-ENTORHINAL-AREA,Ent---entorhinal-area,LEFT,2784,2784.0,BRN-LIM,anatomical_structure,1
IXI359,UNesT,0.2.7,BRN-FRONTAL-OPERCULUM,FO----frontal-operculum,RIGHT,3278,3278.0,BRN-FRO,anatomical_structure,4
IXI359,UNesT,0.2.7,BRN-FRONTAL-OPERCULUM,FO----frontal-operculum,LEFT,3504,3504.0,BRN-FRO,anatomical_structure,4
IXI359,UNesT,0.2.7,BRN-FRONTAL-POLE,FRP---frontal-pole,RIGHT,4952,4952.0,BRN-FRO,anatomical_structure,4
IXI359,UNesT,0.2.7,BRN-FRONTAL-POLE,FRP---frontal-pole,LEFT,4459,4459.0,BRN-FRO,anatomical_structure,4
IXI359,UNesT,0.2.7,BRN-FUSIFORM-GYRUS,FuG---fusiform-gyrus,RIGHT,9398,9398.0,BRN-TEM,anatomical_structure,4
IXI359,UNesT,0.2.7,BRN-FUSIFORM-GYRUS,FuG---fusiform-gyrus,LEFT,11389,11389.0,BRN-TEM,anatomical_structure,4
IXI359,UNesT,0.2.7,BRN-GYRUS-RECTUS,GRe---gyrus-rectus,RIGHT,2709,2709.0,BRN-FRO,anatomical_structure,4
IXI359,UNesT,0.2.7,BRN-GYRUS-RECTUS,GRe---gyrus-rectus,LEFT,3109,3109.0,BRN-FRO,anatomical_structure,4
IXI359,UNesT,0.2.7,BRN-INFERIOR-OCCIPITAL-GYRUS,IOG---inferior-occipital-gyrus,RIGHT,8094,8094.0,BRN-OCC,anatomical_structure,4
IXI359,UNesT,0.2.7,BRN-INFERIOR-OCCIPITAL-GYRUS,IOG---inferior-occipital-gyrus,LEFT,9252,9252.0,BRN-OCC,anatomical_structure,4
IXI359,UNesT,0.2.7,BRN-INFERIOR-TEMPORAL-GYRUS,ITG---inferior-temporal-gyrus,RIGHT,15034,15034.0,BRN-TEM,anatomical_structure,4
IXI359,UNesT,0.2.7,BRN-INFERIOR-TEMPORAL-GYRUS,ITG---inferior-temporal-gyrus,LEFT,17688,17688.0,BRN-TEM,anatomical_structure,4
IXI359,UNesT,0.2.7,BRN-LINGUAL-GYRUS,LiG---lingual-gyrus,RIGHT,11979,11979.0,BRN-OCC,anatomical_structure,4
IXI359,UNesT,0.2.7,BRN-LINGUAL-GYRUS,LiG---lingual-gyrus,LEFT,11465,11465.0,BRN-OCC,anatomical_structure,4
IXI359,UNesT,0.2.7,BRN-LATERAL-ORBITAL-GYRUS,LOrG--lateral-orbital-gyrus,RIGHT,3340,3340.0,BRN-FRO,anatomical_structure,4
IXI359,UNesT,0.2.7,BRN-LATERAL-ORBITAL-GYRUS,LOrG--lateral-orbital-gyrus,LEFT,3054,3054.0,BRN-FRO,anatomical_structure,4
IXI359,UNesT,0.2.7,BRN-MIDDLE-CINGULATE-GYRUS,MCgG--middle-cingulate-gyrus,RIGHT,7393,7393.0,BRN-LIM,anatomical_structure,4
IXI359,UNesT,0.2.7,BRN-MIDDLE-CINGULATE-GYRUS,MCgG--middle-cingulate-gyrus,LEFT,7107,7107.0,BRN-LIM,anatomical_structure,4
IXI359,UNesT,0.2.7,BRN-MEDIAL-FRONTAL-CORTEX,MFC---medial-frontal-cortex,RIGHT,2861,2861.0,BRN-FRO,anatomical_structure,4
IXI359,UNesT,0.2.7,BRN-MEDIAL-FRONTAL-CORTEX,MFC---medial-frontal-cortex,LEFT,2579,2579.0,BRN-FRO,anatomical_structure,4
IXI359,UNesT,0.2.7,BRN-MIDDLE-FRONTAL-GYRUS,MFG---middle-frontal-gyrus,RIGHT,30358,30358.0,BRN-FRO,anatomical_structure,4
IXI359,UNesT,0.2.7,BRN-MIDDLE-FRONTAL-GYRUS,MFG---middle-frontal-gyrus,LEFT,30284,30284.0,BRN-FRO,anatomical_structure,4
IXI359,UNesT,0.2.7,BRN-MIDDLE-OCCIPITAL-GYRUS,MOG---middle-occipital-gyrus,RIGHT,7094,7094.0,BRN-OCC,anatomical_structure,4
IXI359,UNesT,0.2.7,BRN-MIDDLE-OCCIPITAL-GYRUS,MOG---middle-occipital-gyrus,LEFT,7761,7761.0,BRN-OCC,anatomical_structure,4
IXI359,UNesT,0.2.7,BRN-MEDIAL-ORBITAL-GYRUS,MOrG--medial-orbital-gyrus,RIGHT,5632,5632.0,BRN-FRO,anatomical_structure,4
IXI359,UNesT,0.2.7,BRN-MEDIAL-ORBITAL-GYRUS,MOrG--medial-orbital-gyrus,LEFT,5626,5626.0,BRN-FRO,anatomical_structure,4
IXI359,UNesT,0.2.7,BRN-POG-MED,"Postcentral Gyrus, Medial Segment",RIGHT,2111,2111.0,BRN-PAR,cortical_subregion,4
IXI359,UNesT,0.2.7,BRN-POG-MED,"Postcentral Gyrus, Medial Segment",LEFT,1838,1838.0,BRN-PAR,cortical_subregion,4
IXI359,UNesT,0.2.7,BRN-PRG-MED,"Precentral Gyrus, Medial Segment",RIGHT,4155,4155.0,BRN-FRO,cortical_subregion,4
IXI359,UNesT,0.2.7,BRN-PRG-MED,"Precentral Gyrus, Medial Segment",LEFT,3994,3994.0,BRN-FRO,cortical_subregion,4
IXI359,UNesT,0.2.7,BRN-SUPERIOR-FRONTAL-GYRUS,MSFG--superior-frontal-gyrus,RIGHT,28884,28884.0,BRN-FRO,anatomical_structure,4
IXI359,UNesT,0.2.7,BRN-SUPERIOR-FRONTAL-GYRUS,MSFG--superior-frontal-gyrus,LEFT,25876,25876.0,BRN-FRO,anatomical_structure,4
IXI359,UNesT,0.2.7,BRN-MIDDLE-TEMPORAL-GYRUS,MTG---middle-temporal-gyrus,RIGHT,17032,17032.0,BRN-TEM,anatomical_structure,4
IXI359,UNesT,0.2.7,BRN-MIDDLE-TEMPORAL-GYRUS,MTG---middle-temporal-gyrus,LEFT,18000,18000.0,BRN-TEM,anatomical_structure,4
IXI359,UNesT,0.2.7,BRN-OCCIPITAL-POLE,OCP---occipital-pole,RIGHT,5423,5423.0,BRN-OCC,anatomical_structure,4
IXI359,UNesT,0.2.7,BRN-OCCIPITAL-POLE,OCP---occipital-pole,LEFT,6172,6172.0,BRN-OCC,anatomical_structure,4
IXI359,UNesT,0.2.7,BRN-OCCIPITAL-FUSIFORM-GYRUS,OFuG--occipital-fusiform-gyrus,RIGHT,5487,5487.0,BRN-OCC,anatomical_structure,4
IXI359,UNesT,0.2.7,BRN-OCCIPITAL-FUSIFORM-GYRUS,OFuG--occipital-fusiform-gyrus,LEFT,6118,6118.0,BRN-OCC,anatomical_structure,4
IXI359,UNesT,0.2.7,BRN-OPIFG-OPERCULAR-PART-OF-THE-IFG,OpIFG-opercular-part-of-the-IFG,RIGHT,4545,4545.0,BRN-CER-COR,anatomical_structure,1
IXI359,UNesT,0.2.7,BRN-OPIFG-OPERCULAR-PART-OF-THE-IFG,OpIFG-opercular-part-of-the-IFG,LEFT,3473,3473.0,BRN-CER-COR,anatomical_structure,1
IXI359,UNesT,0.2.7,BRN-ORIFG-ORBITAL-PART-OF-THE-IFG,OrIFG-orbital-part-of-the-IFG,RIGHT,2235,2235.0,BRN-CER-COR,anatomical_structure,1
IXI359,UNesT,0.2.7,BRN-ORIFG-ORBITAL-PART-OF-THE-IFG,OrIFG-orbital-part-of-the-IFG,LEFT,2425,2425.0,BRN-CER-COR,anatomical_structure,1
IXI359,UNesT,0.2.7,BRN-POSTERIOR-CINGULATE-GYRUS,PCgG--posterior-cingulate-gyrus,RIGHT,6383,6383.0,BRN-LIM,anatomical_structure,4
IXI359,UNesT,0.2.7,BRN-POSTERIOR-CINGULATE-GYRUS,PCgG--posterior-cingulate-gyrus,LEFT,5439,5439.0,BRN-LIM,anatomical_structure,4
IXI359,UNesT,0.2.7,BRN-PCU,PCu---precuneus,RIGHT,15728,15728.0,BRN-PAR,cortical_structure,4
IXI359,UNesT,0.2.7,BRN-PCU,PCu---precuneus,LEFT,15863,15863.0,BRN-PAR,cortical_structure,4
IXI359,UNesT,0.2.7,BRN-PARAHIPPOCAMPAL-GYRUS,PHG---parahippocampal-gyrus,RIGHT,3773,3773.0,BRN-LIM,anatomical_structure,4
IXI359,UNesT,0.2.7,BRN-PARAHIPPOCAMPAL-GYRUS,PHG---parahippocampal-gyrus,LEFT,3945,3945.0,BRN-LIM,anatomical_structure,4
IXI359,UNesT,0.2.7,BRN-POSTERIOR-INSULA,PIns--posterior-insula,RIGHT,3153,3153.0,BRN-INS,anatomical_structure,4
IXI359,UNesT,0.2.7,BRN-POSTERIOR-INSULA,PIns--posterior-insula,LEFT,3190,3190.0,BRN-INS,anatomical_structure,4
IXI359,UNesT,0.2.7,BRN-PARIETAL-OPERCULUM,PO----parietal-operculum,RIGHT,3166,3166.0,BRN-PAR,anatomical_structure,4
IXI359,UNesT,0.2.7,BRN-PARIETAL-OPERCULUM,PO----parietal-operculum,LEFT,3759,3759.0,BRN-PAR,anatomical_structure,4
IXI359,UNesT,0.2.7,BRN-POG,MPoG--postcentral-gyrus,RIGHT,16047,16047.0,BRN-PAR,cortical_structure,4
IXI359,UNesT,0.2.7,BRN-POG,MPoG--postcentral-gyrus,LEFT,17946,17946.0,BRN-PAR,cortical_structure,4
IXI359,UNesT,0.2.7,BRN-POSTERIOR-ORBITAL-GYRUS,POrG--posterior-orbital-gyrus,RIGHT,3313,3313.0,BRN-FRO,anatomical_structure,4
IXI359,UNesT,0.2.7,BRN-POSTERIOR-ORBITAL-GYRUS,POrG--posterior-orbital-gyrus,LEFT,4541,4541.0,BRN-FRO,anatomical_structure,4
IXI359,UNesT,0.2.7,BRN-PLANUM-POLARE,PP----planum-polare,RIGHT,2449,2449.0,BRN-TEM,anatomical_structure,4
IXI359,UNesT,0.2.7,BRN-PLANUM-POLARE,PP----planum-polare,LEFT,3245,3245.0,BRN-TEM,anatomical_structure,4
IXI359,UNesT,0.2.7,BRN-PRG,MPrG--precentral-gyrus,RIGHT,18800,18800.0,BRN-FRO,cortical_structure,4
IXI359,UNesT,0.2.7,BRN-PRG,MPrG--precentral-gyrus,LEFT,22352,22352.0,BRN-FRO,cortical_structure,4
IXI359,UNesT,0.2.7,BRN-PLANUM-TEMPORALE,PT----planum-temporale,RIGHT,2346,2346.0,BRN-TEM,anatomical_structure,4
IXI359,UNesT,0.2.7,BRN-PLANUM-TEMPORALE,PT----planum-temporale,LEFT,2926,2926.0,BRN-TEM,anatomical_structure,4
IXI359,UNesT,0.2.7,BRN-SUBCALLOSAL-AREA,SCA---subcallosal-area,RIGHT,1486,1486.0,BRN-LIM,anatomical_structure,4
IXI359,UNesT,0.2.7,BRN-SUBCALLOSAL-AREA,SCA---subcallosal-area,LEFT,1458,1458.0,BRN-LIM,anatomical_structure,4
IXI359,UNesT,0.2.7,BRN-SUPPLEMENTARY-MOTOR-CORTEX,SMC---supplementary-motor-cortex,RIGHT,7807,7807.0,BRN-FRO,anatomical_structure,4
IXI359,UNesT,0.2.7,BRN-SUPPLEMENTARY-MOTOR-CORTEX,SMC---supplementary-motor-cortex,LEFT,8499,8499.0,BRN-FRO,anatomical_structure,4
IXI359,UNesT,0.2.7,BRN-SUPRAMARGINAL-GYRUS,SMG---supramarginal-gyrus,RIGHT,11009,11009.0,BRN-PAR,anatomical_structure,4
IXI359,UNesT,0.2.7,BRN-SUPRAMARGINAL-GYRUS,SMG---supramarginal-gyrus,LEFT,13731,13731.0,BRN-PAR,anatomical_structure,4
IXI359,UNesT,0.2.7,BRN-SUPERIOR-OCCIPITAL-GYRUS,SOG---superior-occipital-gyrus,RIGHT,5761,5761.0,BRN-OCC,anatomical_structure,4
IXI359,UNesT,0.2.7,BRN-SUPERIOR-OCCIPITAL-GYRUS,SOG---superior-occipital-gyrus,LEFT,5199,5199.0,BRN-OCC,anatomical_structure,4
IXI359,UNesT,0.2.7,BRN-SUPERIOR-PARIETAL-LOBULE,SPL---superior-parietal-lobule,RIGHT,14272,14272.0,BRN-CER-COR,anatomical_structure,1
IXI359,UNesT,0.2.7,BRN-SUPERIOR-PARIETAL-LOBULE,SPL---superior-parietal-lobule,LEFT,19991,19991.0,BRN-CER-COR,anatomical_structure,1
IXI359,UNesT,0.2.7,BRN-SUPERIOR-TEMPORAL-GYRUS,STG---superior-temporal-gyrus,RIGHT,8844,8844.0,BRN-TEM,anatomical_structure,4
IXI359,UNesT,0.2.7,BRN-SUPERIOR-TEMPORAL-GYRUS,STG---superior-temporal-gyrus,LEFT,8452,8452.0,BRN-TEM,anatomical_structure,4
IXI359,UNesT,0.2.7,BRN-TEMPORAL-POLE,TMP---temporal-pole,RIGHT,9887,9887.0,BRN-TEM,anatomical_structure,4
IXI359,UNesT,0.2.7,BRN-TEMPORAL-POLE,TMP---temporal-pole,LEFT,10047,10047.0,BRN-TEM,anatomical_structure,4
IXI359,UNesT,0.2.7,BRN-TRIFG-TRIANGULAR-PART-OF-THE-IFG,TrIFG-triangular-part-of-the-IFG,RIGHT,4698,4698.0,BRN-CER-COR,anatomical_structure,1
IXI359,UNesT,0.2.7,BRN-TRIFG-TRIANGULAR-PART-OF-THE-IFG,TrIFG-triangular-part-of-the-IFG,LEFT,5034,5034.0,BRN-CER-COR,anatomical_structure,1
IXI359,UNesT,0.2.7,BRN-TRANSVERSE-TEMPORAL-GYRUS,TTG---transverse-temporal-gyrus,RIGHT,2057,2057.0,BRN-TEM,anatomical_structure,4
IXI359,UNesT,0.2.7,BRN-TRANSVERSE-TEMPORAL-GYRUS,TTG---transverse-temporal-gyrus,LEFT,2572,2572.0,BRN-TEM,anatomical_structure,4
IXI315,UNesT,0.2.7,BRN-3RD-VENTRICLE,3rd-Ventricle,NONE,1612,1612.0,BRN-VEN,anatomical_structure,1
IXI315,UNesT,0.2.7,BRN-4TH-VENTRICLE,4th-Ventricle,NONE,2521,2521.0,BRN-VEN,anatomical_structure,1
IXI315,UNesT,0.2.7,BRN-ACC,Accumbens-Area,RIGHT,801,801.0,BRN-DGM,anatomical_structure,1
IXI315,UNesT,0.2.7,BRN-ACC,Accumbens-Area,LEFT,944,944.0,BRN-DGM,anatomical_structure,1
IXI315,UNesT,0.2.7,BRN-AMY,Amygdala,RIGHT,1368,1368.0,BRN-DGM,deep_gray_matter,1
IXI315,UNesT,0.2.7,BRN-AMY,Amygdala,LEFT,1044,1044.0,BRN-DGM,deep_gray_matter,1
IXI315,UNesT,0.2.7,BRN-BST,Brain-Stem,NONE,19578,19578.0,BRN-BST-GRP,brainstem,1
IXI315,UNesT,0.2.7,BRN-CAU,Caudate,RIGHT,3860,3860.0,BRN-DGM,deep_gray_matter,1
IXI315,UNesT,0.2.7,BRN-CAU,Caudate,LEFT,4289,4289.0,BRN-DGM,deep_gray_matter,1
IXI315,UNesT,0.2.7,BRN-CB-EXT,Cerebellum-Exterior,RIGHT,78134,78134.0,BRN-CBL,anatomical_structure,1
IXI315,UNesT,0.2.7,BRN-CB-EXT,Cerebellum-Exterior,LEFT,75369,75369.0,BRN-CBL,anatomical_structure,1
IXI315,UNesT,0.2.7,BRN-CB-WM,Cerebellum-White-Matter,RIGHT,7332,7332.0,BRN-CBL,anatomical_structure,1
IXI315,UNesT,0.2.7,BRN-CB-WM,Cerebellum-White-Matter,LEFT,12079,12079.0,BRN-CBL,anatomical_structure,1
IXI315,UNesT,0.2.7,BRN-CER-WM,Cerebral-White-Matter,RIGHT,271604,271604.0,BRN-WM,anatomical_structure,1
IXI315,UNesT,0.2.7,BRN-CER-WM,Cerebral-White-Matter,LEFT,297344,297344.0,BRN-WM,anatomical_structure,1
IXI315,UNesT,0.2.7,BRN-HIP,Hippocampus,RIGHT,5949,5949.0,BRN-LIM,deep_gray_matter,1
IXI315,UNesT,0.2.7,BRN-HIP,Hippocampus,LEFT,5016,5016.0,BRN-LIM,deep_gray_matter,1
IXI315,UNesT,0.2.7,BRN-INF-LAT-V,Inf-Lat-Vent,RIGHT,521,521.0,BRN-VEN,anatomical_structure,1
IXI315,UNesT,0.2.7,BRN-INF-LAT-V,Inf-Lat-Vent,LEFT,189,189.0,BRN-VEN,anatomical_structure,1
IXI315,UNesT,0.2.7,BRN-LAT-V,Lateral-Ventricle,RIGHT,7117,7117.0,BRN-VEN,anatomical_structure,1
IXI315,UNesT,0.2.7,BRN-LAT-V,Lateral-Ventricle,LEFT,6919,6919.0,BRN-VEN,anatomical_structure,1
IXI315,UNesT,0.2.7,BRN-PAL,Pallidum,RIGHT,1972,1972.0,BRN-DGM,deep_gray_matter,1
IXI315,UNesT,0.2.7,BRN-PAL,Pallidum,LEFT,2186,2186.0,BRN-DGM,deep_gray_matter,1
IXI315,UNesT,0.2.7,BRN-PUT,Putamen,RIGHT,4879,4879.0,BRN-DGM,deep_gray_matter,1
IXI315,UNesT,0.2.7,BRN-PUT,Putamen,LEFT,4580,4580.0,BRN-DGM,deep_gray_matter,1
IXI315,UNesT,0.2.7,BRN-THA,Thalamus-Proper,RIGHT,9409,9409.0,BRN-DGM,deep_gray_matter,1
IXI315,UNesT,0.2.7,BRN-THA,Thalamus-Proper,LEFT,10256,10256.0,BRN-DGM,deep_gray_matter,1
IXI315,UNesT,0.2.7,BRN-VDC,Ventral-DC,RIGHT,6859,6859.0,BRN-DGM,anatomical_structure,1
IXI315,UNesT,0.2.7,BRN-VDC,Ventral-DC,LEFT,7257,7257.0,BRN-DGM,anatomical_structure,1
IXI315,UNesT,0.2.7,BRN-CEREBELLAR-VERMAL-LOBULES-I-V,Cerebellar-Vermal-Lobules-I-V,NONE,8458,8458.0,BRN-CBL,anatomical_structure,1
IXI315,UNesT,0.2.7,BRN-CEREBELLAR-VERMAL-LOBULES-VI-VII,Cerebellar-Vermal-Lobules-VI-VII,NONE,4190,4190.0,BRN-CBL,anatomical_structure,1
IXI315,UNesT,0.2.7,BRN-CEREBELLAR-VERMAL-LOBULES-VIII-X,Cerebellar-Vermal-Lobules-VIII-X,NONE,4003,4003.0,BRN-CBL,anatomical_structure,1
IXI315,UNesT,0.2.7,BRN-BASAL-FOREBRAIN,Basal-Forebrain,LEFT,980,980.0,BRN-DGM,anatomical_structure,1
IXI315,UNesT,0.2.7,BRN-BASAL-FOREBRAIN,Basal-Forebrain,RIGHT,700,700.0,BRN-DGM,anatomical_structure,1
IXI315,UNesT,0.2.7,BRN-ANTERIOR-CINGULATE-GYRUS,ACgG--anterior-cingulate-gyrus,RIGHT,7213,7213.0,BRN-LIM,anatomical_structure,4
IXI315,UNesT,0.2.7,BRN-ANTERIOR-CINGULATE-GYRUS,ACgG--anterior-cingulate-gyrus,LEFT,8276,8276.0,BRN-LIM,anatomical_structure,4
IXI315,UNesT,0.2.7,BRN-ANTERIOR-INSULA,AIns--anterior-insula,RIGHT,5097,5097.0,BRN-INS,anatomical_structure,4
IXI315,UNesT,0.2.7,BRN-ANTERIOR-INSULA,AIns--anterior-insula,LEFT,4914,4914.0,BRN-INS,anatomical_structure,4
IXI315,UNesT,0.2.7,BRN-ANTERIOR-ORBITAL-GYRUS,AOrG--anterior-orbital-gyrus,RIGHT,3244,3244.0,BRN-FRO,anatomical_structure,4
IXI315,UNesT,0.2.7,BRN-ANTERIOR-ORBITAL-GYRUS,AOrG--anterior-orbital-gyrus,LEFT,2949,2949.0,BRN-FRO,anatomical_structure,4
IXI315,UNesT,0.2.7,BRN-ANGULAR-GYRUS,AnG---angular-gyrus,RIGHT,16072,16072.0,BRN-PAR,anatomical_structure,4
IXI315,UNesT,0.2.7,BRN-ANGULAR-GYRUS,AnG---angular-gyrus,LEFT,9989,9989.0,BRN-PAR,anatomical_structure,4
IXI315,UNesT,0.2.7,BRN-CALCARINE-CORTEX,Calc--calcarine-cortex,RIGHT,3741,3741.0,BRN-OCC,anatomical_structure,4
IXI315,UNesT,0.2.7,BRN-CALCARINE-CORTEX,Calc--calcarine-cortex,LEFT,3849,3849.0,BRN-OCC,anatomical_structure,4
IXI315,UNesT,0.2.7,BRN-CENTRAL-OPERCULUM,CO----central-operculum,RIGHT,7476,7476.0,BRN-CER-COR,anatomical_structure,3
IXI315,UNesT,0.2.7,BRN-CENTRAL-OPERCULUM,CO----central-operculum,LEFT,7022,7022.0,BRN-CER-COR,anatomical_structure,3
IXI315,UNesT,0.2.7,BRN-CUNEUS,Cun---cuneus,RIGHT,4206,4206.0,BRN-CER-COR,anatomical_structure,1
IXI315,UNesT,0.2.7,BRN-CUNEUS,Cun---cuneus,LEFT,4484,4484.0,BRN-CER-COR,anatomical_structure,1
IXI315,UNesT,0.2.7,BRN-ENTORHINAL-AREA,Ent---entorhinal-area,RIGHT,3148,3148.0,BRN-LIM,anatomical_structure,1
IXI315,UNesT,0.2.7,BRN-ENTORHINAL-AREA,Ent---entorhinal-area,LEFT,2841,2841.0,BRN-LIM,anatomical_structure,1
IXI315,UNesT,0.2.7,BRN-FRONTAL-OPERCULUM,FO----frontal-operculum,RIGHT,2979,2979.0,BRN-FRO,anatomical_structure,4
IXI315,UNesT,0.2.7,BRN-FRONTAL-OPERCULUM,FO----frontal-operculum,LEFT,2504,2504.0,BRN-FRO,anatomical_structure,4
IXI315,UNesT,0.2.7,BRN-FRONTAL-POLE,FRP---frontal-pole,RIGHT,4021,4021.0,BRN-FRO,anatomical_structure,4
IXI315,UNesT,0.2.7,BRN-FRONTAL-POLE,FRP---frontal-pole,LEFT,4606,4606.0,BRN-FRO,anatomical_structure,4
IXI315,UNesT,0.2.7,BRN-FUSIFORM-GYRUS,FuG---fusiform-gyrus,RIGHT,10700,10700.0,BRN-TEM,anatomical_structure,4
IXI315,UNesT,0.2.7,BRN-FUSIFORM-GYRUS,FuG---fusiform-gyrus,LEFT,9698,9698.0,BRN-TEM,anatomical_structure,4
IXI315,UNesT,0.2.7,BRN-GYRUS-RECTUS,GRe---gyrus-rectus,RIGHT,3075,3075.0,BRN-FRO,anatomical_structure,4
IXI315,UNesT,0.2.7,BRN-GYRUS-RECTUS,GRe---gyrus-rectus,LEFT,2646,2646.0,BRN-FRO,anatomical_structure,4
IXI315,UNesT,0.2.7,BRN-INFERIOR-OCCIPITAL-GYRUS,IOG---inferior-occipital-gyrus,RIGHT,10484,10484.0,BRN-OCC,anatomical_structure,4
IXI315,UNesT,0.2.7,BRN-INFERIOR-OCCIPITAL-GYRUS,IOG---inferior-occipital-gyrus,LEFT,9746,9746.0,BRN-OCC,anatomical_structure,4
IXI315,UNesT,0.2.7,BRN-INFERIOR-TEMPORAL-GYRUS,ITG---inferior-temporal-gyrus,RIGHT,16189,16189.0,BRN-TEM,anatomical_structure,4
IXI315,UNesT,0.2.7,BRN-INFERIOR-TEMPORAL-GYRUS,ITG---inferior-temporal-gyrus,LEFT,17810,17810.0,BRN-TEM,anatomical_structure,4
IXI315,UNesT,0.2.7,BRN-LINGUAL-GYRUS,LiG---lingual-gyrus,RIGHT,12824,12824.0,BRN-OCC,anatomical_structure,4
IXI315,UNesT,0.2.7,BRN-LINGUAL-GYRUS,LiG---lingual-gyrus,LEFT,10503,10503.0,BRN-OCC,anatomical_structure,4
IXI315,UNesT,0.2.7,BRN-LATERAL-ORBITAL-GYRUS,LOrG--lateral-orbital-gyrus,RIGHT,4407,4407.0,BRN-FRO,anatomical_structure,4
IXI315,UNesT,0.2.7,BRN-LATERAL-ORBITAL-GYRUS,LOrG--lateral-orbital-gyrus,LEFT,3835,3835.0,BRN-FRO,anatomical_structure,4
IXI315,UNesT,0.2.7,BRN-MIDDLE-CINGULATE-GYRUS,MCgG--middle-cingulate-gyrus,RIGHT,6883,6883.0,BRN-LIM,anatomical_structure,4
IXI315,UNesT,0.2.7,BRN-MIDDLE-CINGULATE-GYRUS,MCgG--middle-cingulate-gyrus,LEFT,7374,7374.0,BRN-LIM,anatomical_structure,4
IXI315,UNesT,0.2.7,BRN-MEDIAL-FRONTAL-CORTEX,MFC---medial-frontal-cortex,RIGHT,3923,3923.0,BRN-FRO,anatomical_structure,4
IXI315,UNesT,0.2.7,BRN-MEDIAL-FRONTAL-CORTEX,MFC---medial-frontal-cortex,LEFT,3091,3091.0,BRN-FRO,anatomical_structure,4
IXI315,UNesT,0.2.7,BRN-MIDDLE-FRONTAL-GYRUS,MFG---middle-frontal-gyrus,RIGHT,33017,33017.0,BRN-FRO,anatomical_structure,4
IXI315,UNesT,0.2.7,BRN-MIDDLE-FRONTAL-GYRUS,MFG---middle-frontal-gyrus,LEFT,34940,34940.0,BRN-FRO,anatomical_structure,4
IXI315,UNesT,0.2.7,BRN-MIDDLE-OCCIPITAL-GYRUS,MOG---middle-occipital-gyrus,RIGHT,6725,6725.0,BRN-OCC,anatomical_structure,4
IXI315,UNesT,0.2.7,BRN-MIDDLE-OCCIPITAL-GYRUS,MOG---middle-occipital-gyrus,LEFT,5874,5874.0,BRN-OCC,anatomical_structure,4
IXI315,UNesT,0.2.7,BRN-MEDIAL-ORBITAL-GYRUS,MOrG--medial-orbital-gyrus,RIGHT,6006,6006.0,BRN-FRO,anatomical_structure,4
IXI315,UNesT,0.2.7,BRN-MEDIAL-ORBITAL-GYRUS,MOrG--medial-orbital-gyrus,LEFT,6812,6812.0,BRN-FRO,anatomical_structure,4
IXI315,UNesT,0.2.7,BRN-POG-MED,"Postcentral Gyrus, Medial Segment",RIGHT,1496,1496.0,BRN-PAR,cortical_subregion,4
IXI315,UNesT,0.2.7,BRN-POG-MED,"Postcentral Gyrus, Medial Segment",LEFT,1457,1457.0,BRN-PAR,cortical_subregion,4
IXI315,UNesT,0.2.7,BRN-PRG-MED,"Precentral Gyrus, Medial Segment",RIGHT,4141,4141.0,BRN-FRO,cortical_subregion,4
IXI315,UNesT,0.2.7,BRN-PRG-MED,"Precentral Gyrus, Medial Segment",LEFT,3642,3642.0,BRN-FRO,cortical_subregion,4
IXI315,UNesT,0.2.7,BRN-SUPERIOR-FRONTAL-GYRUS,MSFG--superior-frontal-gyrus,RIGHT,39080,39080.0,BRN-FRO,anatomical_structure,4
IXI315,UNesT,0.2.7,BRN-SUPERIOR-FRONTAL-GYRUS,MSFG--superior-frontal-gyrus,LEFT,36216,36216.0,BRN-FRO,anatomical_structure,4
IXI315,UNesT,0.2.7,BRN-MIDDLE-TEMPORAL-GYRUS,MTG---middle-temporal-gyrus,RIGHT,22924,22924.0,BRN-TEM,anatomical_structure,4
IXI315,UNesT,0.2.7,BRN-MIDDLE-TEMPORAL-GYRUS,MTG---middle-temporal-gyrus,LEFT,21709,21709.0,BRN-TEM,anatomical_structure,4
IXI315,UNesT,0.2.7,BRN-OCCIPITAL-POLE,OCP---occipital-pole,RIGHT,4662,4662.0,BRN-OCC,anatomical_structure,4
IXI315,UNesT,0.2.7,BRN-OCCIPITAL-POLE,OCP---occipital-pole,LEFT,4732,4732.0,BRN-OCC,anatomical_structure,4
IXI315,UNesT,0.2.7,BRN-OCCIPITAL-FUSIFORM-GYRUS,OFuG--occipital-fusiform-gyrus,RIGHT,7461,7461.0,BRN-OCC,anatomical_structure,4
IXI315,UNesT,0.2.7,BRN-OCCIPITAL-FUSIFORM-GYRUS,OFuG--occipital-fusiform-gyrus,LEFT,5351,5351.0,BRN-OCC,anatomical_structure,4
IXI315,UNesT,0.2.7,BRN-OPIFG-OPERCULAR-PART-OF-THE-IFG,OpIFG-opercular-part-of-the-IFG,RIGHT,6453,6453.0,BRN-CER-COR,anatomical_structure,1
IXI315,UNesT,0.2.7,BRN-OPIFG-OPERCULAR-PART-OF-THE-IFG,OpIFG-opercular-part-of-the-IFG,LEFT,5192,5192.0,BRN-CER-COR,anatomical_structure,1
IXI315,UNesT,0.2.7,BRN-ORIFG-ORBITAL-PART-OF-THE-IFG,OrIFG-orbital-part-of-the-IFG,RIGHT,2467,2467.0,BRN-CER-COR,anatomical_structure,1
IXI315,UNesT,0.2.7,BRN-ORIFG-ORBITAL-PART-OF-THE-IFG,OrIFG-orbital-part-of-the-IFG,LEFT,2867,2867.0,BRN-CER-COR,anatomical_structure,1
IXI315,UNesT,0.2.7,BRN-POSTERIOR-CINGULATE-GYRUS,PCgG--posterior-cingulate-gyrus,RIGHT,6114,6114.0,BRN-LIM,anatomical_structure,4
IXI315,UNesT,0.2.7,BRN-POSTERIOR-CINGULATE-GYRUS,PCgG--posterior-cingulate-gyrus,LEFT,6024,6024.0,BRN-LIM,anatomical_structure,4
IXI315,UNesT,0.2.7,BRN-PCU,PCu---precuneus,RIGHT,15742,15742.0,BRN-PAR,cortical_structure,4
IXI315,UNesT,0.2.7,BRN-PCU,PCu---precuneus,LEFT,14343,14343.0,BRN-PAR,cortical_structure,4
IXI315,UNesT,0.2.7,BRN-PARAHIPPOCAMPAL-GYRUS,PHG---parahippocampal-gyrus,RIGHT,3639,3639.0,BRN-LIM,anatomical_structure,4
IXI315,UNesT,0.2.7,BRN-PARAHIPPOCAMPAL-GYRUS,PHG---parahippocampal-gyrus,LEFT,4017,4017.0,BRN-LIM,anatomical_structure,4
IXI315,UNesT,0.2.7,BRN-POSTERIOR-INSULA,PIns--posterior-insula,RIGHT,4306,4306.0,BRN-INS,anatomical_structure,4
IXI315,UNesT,0.2.7,BRN-POSTERIOR-INSULA,PIns--posterior-insula,LEFT,3094,3094.0,BRN-INS,anatomical_structure,4
IXI315,UNesT,0.2.7,BRN-PARIETAL-OPERCULUM,PO----parietal-operculum,RIGHT,4475,4475.0,BRN-PAR,anatomical_structure,4
IXI315,UNesT,0.2.7,BRN-PARIETAL-OPERCULUM,PO----parietal-operculum,LEFT,4143,4143.0,BRN-PAR,anatomical_structure,4
IXI315,UNesT,0.2.7,BRN-POG,MPoG--postcentral-gyrus,RIGHT,20438,20438.0,BRN-PAR,cortical_structure,4
IXI315,UNesT,0.2.7,BRN-POG,MPoG--postcentral-gyrus,LEFT,22336,22336.0,BRN-PAR,cortical_structure,4
IXI315,UNesT,0.2.7,BRN-POSTERIOR-ORBITAL-GYRUS,POrG--posterior-orbital-gyrus,RIGHT,4228,4228.0,BRN-FRO,anatomical_structure,4
IXI315,UNesT,0.2.7,BRN-POSTERIOR-ORBITAL-GYRUS,POrG--posterior-orbital-gyrus,LEFT,4785,4785.0,BRN-FRO,anatomical_structure,4
IXI315,UNesT,0.2.7,BRN-PLANUM-POLARE,PP----planum-polare,RIGHT,3092,3092.0,BRN-TEM,anatomical_structure,4
IXI315,UNesT,0.2.7,BRN-PLANUM-POLARE,PP----planum-polare,LEFT,3550,3550.0,BRN-TEM,anatomical_structure,4
IXI315,UNesT,0.2.7,BRN-PRG,MPrG--precentral-gyrus,RIGHT,20952,20952.0,BRN-FRO,cortical_structure,4
IXI315,UNesT,0.2.7,BRN-PRG,MPrG--precentral-gyrus,LEFT,19728,19728.0,BRN-FRO,cortical_structure,4
IXI315,UNesT,0.2.7,BRN-PLANUM-TEMPORALE,PT----planum-temporale,RIGHT,3935,3935.0,BRN-TEM,anatomical_structure,4
IXI315,UNesT,0.2.7,BRN-PLANUM-TEMPORALE,PT----planum-temporale,LEFT,3487,3487.0,BRN-TEM,anatomical_structure,4
IXI315,UNesT,0.2.7,BRN-SUBCALLOSAL-AREA,SCA---subcallosal-area,RIGHT,1181,1181.0,BRN-LIM,anatomical_structure,4
IXI315,UNesT,0.2.7,BRN-SUBCALLOSAL-AREA,SCA---subcallosal-area,LEFT,1312,1312.0,BRN-LIM,anatomical_structure,4
IXI315,UNesT,0.2.7,BRN-SUPPLEMENTARY-MOTOR-CORTEX,SMC---supplementary-motor-cortex,RIGHT,8679,8679.0,BRN-FRO,anatomical_structure,4
IXI315,UNesT,0.2.7,BRN-SUPPLEMENTARY-MOTOR-CORTEX,SMC---supplementary-motor-cortex,LEFT,9222,9222.0,BRN-FRO,anatomical_structure,4
IXI315,UNesT,0.2.7,BRN-SUPRAMARGINAL-GYRUS,SMG---supramarginal-gyrus,RIGHT,14207,14207.0,BRN-PAR,anatomical_structure,4
IXI315,UNesT,0.2.7,BRN-SUPRAMARGINAL-GYRUS,SMG---supramarginal-gyrus,LEFT,15303,15303.0,BRN-PAR,anatomical_structure,4
IXI315,UNesT,0.2.7,BRN-SUPERIOR-OCCIPITAL-GYRUS,SOG---superior-occipital-gyrus,RIGHT,3686,3686.0,BRN-OCC,anatomical_structure,4
IXI315,UNesT,0.2.7,BRN-SUPERIOR-OCCIPITAL-GYRUS,SOG---superior-occipital-gyrus,LEFT,3203,3203.0,BRN-OCC,anatomical_structure,4
IXI315,UNesT,0.2.7,BRN-SUPERIOR-PARIETAL-LOBULE,SPL---superior-parietal-lobule,RIGHT,19698,19698.0,BRN-CER-COR,anatomical_structure,1
IXI315,UNesT,0.2.7,BRN-SUPERIOR-PARIETAL-LOBULE,SPL---superior-parietal-lobule,LEFT,16780,16780.0,BRN-CER-COR,anatomical_structure,1
IXI315,UNesT,0.2.7,BRN-SUPERIOR-TEMPORAL-GYRUS,STG---superior-temporal-gyrus,RIGHT,11482,11482.0,BRN-TEM,anatomical_structure,4
IXI315,UNesT,0.2.7,BRN-SUPERIOR-TEMPORAL-GYRUS,STG---superior-temporal-gyrus,LEFT,10293,10293.0,BRN-TEM,anatomical_structure,4
IXI315,UNesT,0.2.7,BRN-TEMPORAL-POLE,TMP---temporal-pole,RIGHT,12361,12361.0,BRN-TEM,anatomical_structure,4
IXI315,UNesT,0.2.7,BRN-TEMPORAL-POLE,TMP---temporal-pole,LEFT,12061,12061.0,BRN-TEM,anatomical_structure,4
IXI315,UNesT,0.2.7,BRN-TRIFG-TRIANGULAR-PART-OF-THE-IFG,TrIFG-triangular-part-of-the-IFG,RIGHT,4678,4678.0,BRN-CER-COR,anatomical_structure,1
IXI315,UNesT,0.2.7,BRN-TRIFG-TRIANGULAR-PART-OF-THE-IFG,TrIFG-triangular-part-of-the-IFG,LEFT,4655,4655.0,BRN-CER-COR,anatomical_structure,1
IXI315,UNesT,0.2.7,BRN-TRANSVERSE-TEMPORAL-GYRUS,TTG---transverse-temporal-gyrus,RIGHT,2822,2822.0,BRN-TEM,anatomical_structure,4
IXI315,UNesT,0.2.7,BRN-TRANSVERSE-TEMPORAL-GYRUS,TTG---transverse-temporal-gyrus,LEFT,3090,3090.0,BRN-TEM,anatomical_structure,4
IXI316,UNesT,0.2.7,BRN-3RD-VENTRICLE,3rd-Ventricle,NONE,2039,2039.0,BRN-VEN,anatomical_structure,1
IXI316,UNesT,0.2.7,BRN-4TH-VENTRICLE,4th-Ventricle,NONE,1214,1214.0,BRN-VEN,anatomical_structure,1
IXI316,UNesT,0.2.7,BRN-ACC,Accumbens-Area,RIGHT,33,33.0,BRN-DGM,anatomical_structure,1
IXI316,UNesT,0.2.7,BRN-ACC,Accumbens-Area,LEFT,264,264.0,BRN-DGM,anatomical_structure,1
IXI316,UNesT,0.2.7,BRN-AMY,Amygdala,RIGHT,1267,1267.0,BRN-DGM,deep_gray_matter,1
IXI316,UNesT,0.2.7,BRN-AMY,Amygdala,LEFT,715,715.0,BRN-DGM,deep_gray_matter,1
IXI316,UNesT,0.2.7,BRN-BST,Brain-Stem,NONE,22385,22385.0,BRN-BST-GRP,brainstem,1
IXI316,UNesT,0.2.7,BRN-CAU,Caudate,RIGHT,2820,2820.0,BRN-DGM,deep_gray_matter,1
IXI316,UNesT,0.2.7,BRN-CAU,Caudate,LEFT,3470,3470.0,BRN-DGM,deep_gray_matter,1
IXI316,UNesT,0.2.7,BRN-CB-EXT,Cerebellum-Exterior,RIGHT,67193,67193.0,BRN-CBL,anatomical_structure,1
IXI316,UNesT,0.2.7,BRN-CB-EXT,Cerebellum-Exterior,LEFT,66134,66134.0,BRN-CBL,anatomical_structure,1
IXI316,UNesT,0.2.7,BRN-CB-WM,Cerebellum-White-Matter,RIGHT,17391,17391.0,BRN-CBL,anatomical_structure,1
IXI316,UNesT,0.2.7,BRN-CB-WM,Cerebellum-White-Matter,LEFT,18918,18918.0,BRN-CBL,anatomical_structure,1
IXI316,UNesT,0.2.7,BRN-CER-WM,Cerebral-White-Matter,RIGHT,254279,254279.0,BRN-WM,anatomical_structure,1
IXI316,UNesT,0.2.7,BRN-CER-WM,Cerebral-White-Matter,LEFT,256741,256741.0,BRN-WM,anatomical_structure,1
IXI316,UNesT,0.2.7,BRN-HIP,Hippocampus,RIGHT,4876,4876.0,BRN-LIM,deep_gray_matter,1
IXI316,UNesT,0.2.7,BRN-HIP,Hippocampus,LEFT,3587,3587.0,BRN-LIM,deep_gray_matter,1
IXI316,UNesT,0.2.7,BRN-INF-LAT-V,Inf-Lat-Vent,RIGHT,413,413.0,BRN-VEN,anatomical_structure,1
IXI316,UNesT,0.2.7,BRN-INF-LAT-V,Inf-Lat-Vent,LEFT,203,203.0,BRN-VEN,anatomical_structure,1
IXI316,UNesT,0.2.7,BRN-LAT-V,Lateral-Ventricle,RIGHT,9279,9279.0,BRN-VEN,anatomical_structure,1
IXI316,UNesT,0.2.7,BRN-LAT-V,Lateral-Ventricle,LEFT,10398,10398.0,BRN-VEN,anatomical_structure,1
IXI316,UNesT,0.2.7,BRN-PAL,Pallidum,RIGHT,2009,2009.0,BRN-DGM,deep_gray_matter,1
IXI316,UNesT,0.2.7,BRN-PAL,Pallidum,LEFT,1580,1580.0,BRN-DGM,deep_gray_matter,1
IXI316,UNesT,0.2.7,BRN-PUT,Putamen,RIGHT,4831,4831.0,BRN-DGM,deep_gray_matter,1
IXI316,UNesT,0.2.7,BRN-PUT,Putamen,LEFT,3906,3906.0,BRN-DGM,deep_gray_matter,1
IXI316,UNesT,0.2.7,BRN-THA,Thalamus-Proper,RIGHT,8324,8324.0,BRN-DGM,deep_gray_matter,1
IXI316,UNesT,0.2.7,BRN-THA,Thalamus-Proper,LEFT,8646,8646.0,BRN-DGM,deep_gray_matter,1
IXI316,UNesT,0.2.7,BRN-VDC,Ventral-DC,RIGHT,6415,6415.0,BRN-DGM,anatomical_structure,1
IXI316,UNesT,0.2.7,BRN-VDC,Ventral-DC,LEFT,6646,6646.0,BRN-DGM,anatomical_structure,1
IXI316,UNesT,0.2.7,BRN-CEREBELLAR-VERMAL-LOBULES-I-V,Cerebellar-Vermal-Lobules-I-V,NONE,7467,7467.0,BRN-CBL,anatomical_structure,1
IXI316,UNesT,0.2.7,BRN-CEREBELLAR-VERMAL-LOBULES-VI-VII,Cerebellar-Vermal-Lobules-VI-VII,NONE,3237,3237.0,BRN-CBL,anatomical_structure,1
IXI316,UNesT,0.2.7,BRN-CEREBELLAR-VERMAL-LOBULES-VIII-X,Cerebellar-Vermal-Lobules-VIII-X,NONE,4119,4119.0,BRN-CBL,anatomical_structure,1
IXI316,UNesT,0.2.7,BRN-BASAL-FOREBRAIN,Basal-Forebrain,LEFT,278,278.0,BRN-DGM,anatomical_structure,1
IXI316,UNesT,0.2.7,BRN-BASAL-FOREBRAIN,Basal-Forebrain,RIGHT,375,375.0,BRN-DGM,anatomical_structure,1
IXI316,UNesT,0.2.7,BRN-ANTERIOR-CINGULATE-GYRUS,ACgG--anterior-cingulate-gyrus,RIGHT,9131,9131.0,BRN-LIM,anatomical_structure,4
IXI316,UNesT,0.2.7,BRN-ANTERIOR-CINGULATE-GYRUS,ACgG--anterior-cingulate-gyrus,LEFT,7353,7353.0,BRN-LIM,anatomical_structure,4
IXI316,UNesT,0.2.7,BRN-ANTERIOR-INSULA,AIns--anterior-insula,RIGHT,6436,6436.0,BRN-INS,anatomical_structure,4
IXI316,UNesT,0.2.7,BRN-ANTERIOR-INSULA,AIns--anterior-insula,LEFT,6018,6018.0,BRN-INS,anatomical_structure,4
IXI316,UNesT,0.2.7,BRN-ANTERIOR-ORBITAL-GYRUS,AOrG--anterior-orbital-gyrus,RIGHT,2609,2609.0,BRN-FRO,anatomical_structure,4
IXI316,UNesT,0.2.7,BRN-ANTERIOR-ORBITAL-GYRUS,AOrG--anterior-orbital-gyrus,LEFT,2356,2356.0,BRN-FRO,anatomical_structure,4
IXI316,UNesT,0.2.7,BRN-ANGULAR-GYRUS,AnG---angular-gyrus,RIGHT,18677,18677.0,BRN-PAR,anatomical_structure,4
IXI316,UNesT,0.2.7,BRN-ANGULAR-GYRUS,AnG---angular-gyrus,LEFT,15447,15447.0,BRN-PAR,anatomical_structure,4
IXI316,UNesT,0.2.7,BRN-CALCARINE-CORTEX,Calc--calcarine-cortex,RIGHT,6306,6306.0,BRN-OCC,anatomical_structure,4
IXI316,UNesT,0.2.7,BRN-CALCARINE-CORTEX,Calc--calcarine-cortex,LEFT,7310,7310.0,BRN-OCC,anatomical_structure,4
IXI316,UNesT,0.2.7,BRN-CENTRAL-OPERCULUM,CO----central-operculum,RIGHT,5553,5553.0,BRN-CER-COR,anatomical_structure,3
IXI316,UNesT,0.2.7,BRN-CENTRAL-OPERCULUM,CO----central-operculum,LEFT,6970,6970.0,BRN-CER-COR,anatomical_structure,3
IXI316,UNesT,0.2.7,BRN-CUNEUS,Cun---cuneus,RIGHT,7991,7991.0,BRN-CER-COR,anatomical_structure,1
IXI316,UNesT,0.2.7,BRN-CUNEUS,Cun---cuneus,LEFT,7758,7758.0,BRN-CER-COR,anatomical_structure,1
IXI316,UNesT,0.2.7,BRN-ENTORHINAL-AREA,Ent---entorhinal-area,RIGHT,3178,3178.0,BRN-LIM,anatomical_structure,1
IXI316,UNesT,0.2.7,BRN-ENTORHINAL-AREA,Ent---entorhinal-area,LEFT,2047,2047.0,BRN-LIM,anatomical_structure,1
IXI316,UNesT,0.2.7,BRN-FRONTAL-OPERCULUM,FO----frontal-operculum,RIGHT,3199,3199.0,BRN-FRO,anatomical_structure,4
IXI316,UNesT,0.2.7,BRN-FRONTAL-OPERCULUM,FO----frontal-operculum,LEFT,2670,2670.0,BRN-FRO,anatomical_structure,4
IXI316,UNesT,0.2.7,BRN-FRONTAL-POLE,FRP---frontal-pole,RIGHT,4594,4594.0,BRN-FRO,anatomical_structure,4
IXI316,UNesT,0.2.7,BRN-FRONTAL-POLE,FRP---frontal-pole,LEFT,4529,4529.0,BRN-FRO,anatomical_structure,4
IXI316,UNesT,0.2.7,BRN-FUSIFORM-GYRUS,FuG---fusiform-gyrus,RIGHT,9171,9171.0,BRN-TEM,anatomical_structure,4
IXI316,UNesT,0.2.7,BRN-FUSIFORM-GYRUS,FuG---fusiform-gyrus,LEFT,9508,9508.0,BRN-TEM,anatomical_structure,4
IXI316,UNesT,0.2.7,BRN-GYRUS-RECTUS,GRe---gyrus-rectus,RIGHT,2760,2760.0,BRN-FRO,anatomical_structure,4
IXI316,UNesT,0.2.7,BRN-GYRUS-RECTUS,GRe---gyrus-rectus,LEFT,2422,2422.0,BRN-FRO,anatomical_structure,4
IXI316,UNesT,0.2.7,BRN-INFERIOR-OCCIPITAL-GYRUS,IOG---inferior-occipital-gyrus,RIGHT,10778,10778.0,BRN-OCC,anatomical_structure,4
IXI316,UNesT,0.2.7,BRN-INFERIOR-OCCIPITAL-GYRUS,IOG---inferior-occipital-gyrus,LEFT,14205,14205.0,BRN-OCC,anatomical_structure,4
IXI316,UNesT,0.2.7,BRN-INFERIOR-TEMPORAL-GYRUS,ITG---inferior-temporal-gyrus,RIGHT,16920,16920.0,BRN-TEM,anatomical_structure,4
IXI316,UNesT,0.2.7,BRN-INFERIOR-TEMPORAL-GYRUS,ITG---inferior-temporal-gyrus,LEFT,17951,17951.0,BRN-TEM,anatomical_structure,4
IXI316,UNesT,0.2.7,BRN-LINGUAL-GYRUS,LiG---lingual-gyrus,RIGHT,12989,12989.0,BRN-OCC,anatomical_structure,4
IXI316,UNesT,0.2.7,BRN-LINGUAL-GYRUS,LiG---lingual-gyrus,LEFT,14106,14106.0,BRN-OCC,anatomical_structure,4
IXI316,UNesT,0.2.7,BRN-LATERAL-ORBITAL-GYRUS,LOrG--lateral-orbital-gyrus,RIGHT,3899,3899.0,BRN-FRO,anatomical_structure,4
IXI316,UNesT,0.2.7,BRN-LATERAL-ORBITAL-GYRUS,LOrG--lateral-orbital-gyrus,LEFT,2472,2472.0,BRN-FRO,anatomical_structure,4
IXI316,UNesT,0.2.7,BRN-MIDDLE-CINGULATE-GYRUS,MCgG--middle-cingulate-gyrus,RIGHT,8035,8035.0,BRN-LIM,anatomical_structure,4
IXI316,UNesT,0.2.7,BRN-MIDDLE-CINGULATE-GYRUS,MCgG--middle-cingulate-gyrus,LEFT,6989,6989.0,BRN-LIM,anatomical_structure,4
IXI316,UNesT,0.2.7,BRN-MEDIAL-FRONTAL-CORTEX,MFC---medial-frontal-cortex,RIGHT,2670,2670.0,BRN-FRO,anatomical_structure,4
IXI316,UNesT,0.2.7,BRN-MEDIAL-FRONTAL-CORTEX,MFC---medial-frontal-cortex,LEFT,3010,3010.0,BRN-FRO,anatomical_structure,4
IXI316,UNesT,0.2.7,BRN-MIDDLE-FRONTAL-GYRUS,MFG---middle-frontal-gyrus,RIGHT,39393,39393.0,BRN-FRO,anatomical_structure,4
IXI316,UNesT,0.2.7,BRN-MIDDLE-FRONTAL-GYRUS,MFG---middle-frontal-gyrus,LEFT,38414,38414.0,BRN-FRO,anatomical_structure,4
IXI316,UNesT,0.2.7,BRN-MIDDLE-OCCIPITAL-GYRUS,MOG---middle-occipital-gyrus,RIGHT,9995,9995.0,BRN-OCC,anatomical_structure,4
IXI316,UNesT,0.2.7,BRN-MIDDLE-OCCIPITAL-GYRUS,MOG---middle-occipital-gyrus,LEFT,10485,10485.0,BRN-OCC,anatomical_structure,4
IXI316,UNesT,0.2.7,BRN-MEDIAL-ORBITAL-GYRUS,MOrG--medial-orbital-gyrus,RIGHT,4395,4395.0,BRN-FRO,anatomical_structure,4
IXI316,UNesT,0.2.7,BRN-MEDIAL-ORBITAL-GYRUS,MOrG--medial-orbital-gyrus,LEFT,4255,4255.0,BRN-FRO,anatomical_structure,4
IXI316,UNesT,0.2.7,BRN-POG-MED,"Postcentral Gyrus, Medial Segment",RIGHT,2364,2364.0,BRN-PAR,cortical_subregion,4
IXI316,UNesT,0.2.7,BRN-POG-MED,"Postcentral Gyrus, Medial Segment",LEFT,3376,3376.0,BRN-PAR,cortical_subregion,4
IXI316,UNesT,0.2.7,BRN-PRG-MED,"Precentral Gyrus, Medial Segment",RIGHT,3483,3483.0,BRN-FRO,cortical_subregion,4
IXI316,UNesT,0.2.7,BRN-PRG-MED,"Precentral Gyrus, Medial Segment",LEFT,3923,3923.0,BRN-FRO,cortical_subregion,4
IXI316,UNesT,0.2.7,BRN-SUPERIOR-FRONTAL-GYRUS,MSFG--superior-frontal-gyrus,RIGHT,38762,38762.0,BRN-FRO,anatomical_structure,4
IXI316,UNesT,0.2.7,BRN-SUPERIOR-FRONTAL-GYRUS,MSFG--superior-frontal-gyrus,LEFT,39563,39563.0,BRN-FRO,anatomical_structure,4
IXI316,UNesT,0.2.7,BRN-MIDDLE-TEMPORAL-GYRUS,MTG---middle-temporal-gyrus,RIGHT,23256,23256.0,BRN-TEM,anatomical_structure,4
IXI316,UNesT,0.2.7,BRN-MIDDLE-TEMPORAL-GYRUS,MTG---middle-temporal-gyrus,LEFT,20283,20283.0,BRN-TEM,anatomical_structure,4
IXI316,UNesT,0.2.7,BRN-OCCIPITAL-POLE,OCP---occipital-pole,RIGHT,5588,5588.0,BRN-OCC,anatomical_structure,4
IXI316,UNesT,0.2.7,BRN-OCCIPITAL-POLE,OCP---occipital-pole,LEFT,8311,8311.0,BRN-OCC,anatomical_structure,4
IXI316,UNesT,0.2.7,BRN-OCCIPITAL-FUSIFORM-GYRUS,OFuG--occipital-fusiform-gyrus,RIGHT,8145,8145.0,BRN-OCC,anatomical_structure,4
IXI316,UNesT,0.2.7,BRN-OCCIPITAL-FUSIFORM-GYRUS,OFuG--occipital-fusiform-gyrus,LEFT,8282,8282.0,BRN-OCC,anatomical_structure,4
IXI316,UNesT,0.2.7,BRN-OPIFG-OPERCULAR-PART-OF-THE-IFG,OpIFG-opercular-part-of-the-IFG,RIGHT,6231,6231.0,BRN-CER-COR,anatomical_structure,1
IXI316,UNesT,0.2.7,BRN-OPIFG-OPERCULAR-PART-OF-THE-IFG,OpIFG-opercular-part-of-the-IFG,LEFT,5307,5307.0,BRN-CER-COR,anatomical_structure,1
IXI316,UNesT,0.2.7,BRN-ORIFG-ORBITAL-PART-OF-THE-IFG,OrIFG-orbital-part-of-the-IFG,RIGHT,3067,3067.0,BRN-CER-COR,anatomical_structure,1
IXI316,UNesT,0.2.7,BRN-ORIFG-ORBITAL-PART-OF-THE-IFG,OrIFG-orbital-part-of-the-IFG,LEFT,3395,3395.0,BRN-CER-COR,anatomical_structure,1
IXI316,UNesT,0.2.7,BRN-POSTERIOR-CINGULATE-GYRUS,PCgG--posterior-cingulate-gyrus,RIGHT,6060,6060.0,BRN-LIM,anatomical_structure,4
IXI316,UNesT,0.2.7,BRN-POSTERIOR-CINGULATE-GYRUS,PCgG--posterior-cingulate-gyrus,LEFT,6485,6485.0,BRN-LIM,anatomical_structure,4
IXI316,UNesT,0.2.7,BRN-PCU,PCu---precuneus,RIGHT,14208,14208.0,BRN-PAR,cortical_structure,4
IXI316,UNesT,0.2.7,BRN-PCU,PCu---precuneus,LEFT,15875,15875.0,BRN-PAR,cortical_structure,4
IXI316,UNesT,0.2.7,BRN-PARAHIPPOCAMPAL-GYRUS,PHG---parahippocampal-gyrus,RIGHT,3101,3101.0,BRN-LIM,anatomical_structure,4
IXI316,UNesT,0.2.7,BRN-PARAHIPPOCAMPAL-GYRUS,PHG---parahippocampal-gyrus,LEFT,3333,3333.0,BRN-LIM,anatomical_structure,4
IXI316,UNesT,0.2.7,BRN-POSTERIOR-INSULA,PIns--posterior-insula,RIGHT,3313,3313.0,BRN-INS,anatomical_structure,4
IXI316,UNesT,0.2.7,BRN-POSTERIOR-INSULA,PIns--posterior-insula,LEFT,2450,2450.0,BRN-INS,anatomical_structure,4
IXI316,UNesT,0.2.7,BRN-PARIETAL-OPERCULUM,PO----parietal-operculum,RIGHT,2915,2915.0,BRN-PAR,anatomical_structure,4
IXI316,UNesT,0.2.7,BRN-PARIETAL-OPERCULUM,PO----parietal-operculum,LEFT,4196,4196.0,BRN-PAR,anatomical_structure,4
IXI316,UNesT,0.2.7,BRN-POG,MPoG--postcentral-gyrus,RIGHT,24203,24203.0,BRN-PAR,cortical_structure,4
IXI316,UNesT,0.2.7,BRN-POG,MPoG--postcentral-gyrus,LEFT,23535,23535.0,BRN-PAR,cortical_structure,4
IXI316,UNesT,0.2.7,BRN-POSTERIOR-ORBITAL-GYRUS,POrG--posterior-orbital-gyrus,RIGHT,3456,3456.0,BRN-FRO,anatomical_structure,4
IXI316,UNesT,0.2.7,BRN-POSTERIOR-ORBITAL-GYRUS,POrG--posterior-orbital-gyrus,LEFT,4740,4740.0,BRN-FRO,anatomical_structure,4
IXI316,UNesT,0.2.7,BRN-PLANUM-POLARE,PP----planum-polare,RIGHT,3092,3092.0,BRN-TEM,anatomical_structure,4
IXI316,UNesT,0.2.7,BRN-PLANUM-POLARE,PP----planum-polare,LEFT,2657,2657.0,BRN-TEM,anatomical_structure,4
IXI316,UNesT,0.2.7,BRN-PRG,MPrG--precentral-gyrus,RIGHT,25899,25899.0,BRN-FRO,cortical_structure,4
IXI316,UNesT,0.2.7,BRN-PRG,MPrG--precentral-gyrus,LEFT,26929,26929.0,BRN-FRO,cortical_structure,4
IXI316,UNesT,0.2.7,BRN-PLANUM-TEMPORALE,PT----planum-temporale,RIGHT,2593,2593.0,BRN-TEM,anatomical_structure,4
IXI316,UNesT,0.2.7,BRN-PLANUM-TEMPORALE,PT----planum-temporale,LEFT,3030,3030.0,BRN-TEM,anatomical_structure,4
IXI316,UNesT,0.2.7,BRN-SUBCALLOSAL-AREA,SCA---subcallosal-area,RIGHT,601,601.0,BRN-LIM,anatomical_structure,4
IXI316,UNesT,0.2.7,BRN-SUBCALLOSAL-AREA,SCA---subcallosal-area,LEFT,614,614.0,BRN-LIM,anatomical_structure,4
IXI316,UNesT,0.2.7,BRN-SUPPLEMENTARY-MOTOR-CORTEX,SMC---supplementary-motor-cortex,RIGHT,7766,7766.0,BRN-FRO,anatomical_structure,4
IXI316,UNesT,0.2.7,BRN-SUPPLEMENTARY-MOTOR-CORTEX,SMC---supplementary-motor-cortex,LEFT,9067,9067.0,BRN-FRO,anatomical_structure,4
IXI316,UNesT,0.2.7,BRN-SUPRAMARGINAL-GYRUS,SMG---supramarginal-gyrus,RIGHT,15557,15557.0,BRN-PAR,anatomical_structure,4
IXI316,UNesT,0.2.7,BRN-SUPRAMARGINAL-GYRUS,SMG---supramarginal-gyrus,LEFT,17641,17641.0,BRN-PAR,anatomical_structure,4
IXI316,UNesT,0.2.7,BRN-SUPERIOR-OCCIPITAL-GYRUS,SOG---superior-occipital-gyrus,RIGHT,8764,8764.0,BRN-OCC,anatomical_structure,4
IXI316,UNesT,0.2.7,BRN-SUPERIOR-OCCIPITAL-GYRUS,SOG---superior-occipital-gyrus,LEFT,6789,6789.0,BRN-OCC,anatomical_structure,4
IXI316,UNesT,0.2.7,BRN-SUPERIOR-PARIETAL-LOBULE,SPL---superior-parietal-lobule,RIGHT,19770,19770.0,BRN-CER-COR,anatomical_structure,1
IXI316,UNesT,0.2.7,BRN-SUPERIOR-PARIETAL-LOBULE,SPL---superior-parietal-lobule,LEFT,22428,22428.0,BRN-CER-COR,anatomical_structure,1
IXI316,UNesT,0.2.7,BRN-SUPERIOR-TEMPORAL-GYRUS,STG---superior-temporal-gyrus,RIGHT,11861,11861.0,BRN-TEM,anatomical_structure,4
IXI316,UNesT,0.2.7,BRN-SUPERIOR-TEMPORAL-GYRUS,STG---superior-temporal-gyrus,LEFT,11289,11289.0,BRN-TEM,anatomical_structure,4
IXI316,UNesT,0.2.7,BRN-TEMPORAL-POLE,TMP---temporal-pole,RIGHT,12545,12545.0,BRN-TEM,anatomical_structure,4
IXI316,UNesT,0.2.7,BRN-TEMPORAL-POLE,TMP---temporal-pole,LEFT,12340,12340.0,BRN-TEM,anatomical_structure,4
IXI316,UNesT,0.2.7,BRN-TRIFG-TRIANGULAR-PART-OF-THE-IFG,TrIFG-triangular-part-of-the-IFG,RIGHT,6665,6665.0,BRN-CER-COR,anatomical_structure,1
IXI316,UNesT,0.2.7,BRN-TRIFG-TRIANGULAR-PART-OF-THE-IFG,TrIFG-triangular-part-of-the-IFG,LEFT,5449,5449.0,BRN-CER-COR,anatomical_structure,1
IXI316,UNesT,0.2.7,BRN-TRANSVERSE-TEMPORAL-GYRUS,TTG---transverse-temporal-gyrus,RIGHT,1985,1985.0,BRN-TEM,anatomical_structure,4
IXI316,UNesT,0.2.7,BRN-TRANSVERSE-TEMPORAL-GYRUS,TTG---transverse-temporal-gyrus,LEFT,3108,3108.0,BRN-TEM,anatomical_structure,4
IXI335,UNesT,0.2.7,BRN-3RD-VENTRICLE,3rd-Ventricle,NONE,3643,3643.0,BRN-VEN,anatomical_structure,1
IXI335,UNesT,0.2.7,BRN-4TH-VENTRICLE,4th-Ventricle,NONE,1967,1967.0,BRN-VEN,anatomical_structure,1
IXI335,UNesT,0.2.7,BRN-ACC,Accumbens-Area,RIGHT,111,111.0,BRN-DGM,anatomical_structure,1
IXI335,UNesT,0.2.7,BRN-ACC,Accumbens-Area,LEFT,60,60.0,BRN-DGM,anatomical_structure,1
IXI335,UNesT,0.2.7,BRN-AMY,Amygdala,RIGHT,1027,1027.0,BRN-DGM,deep_gray_matter,1
IXI335,UNesT,0.2.7,BRN-AMY,Amygdala,LEFT,781,781.0,BRN-DGM,deep_gray_matter,1
IXI335,UNesT,0.2.7,BRN-BST,Brain-Stem,NONE,19897,19897.0,BRN-BST-GRP,brainstem,1
IXI335,UNesT,0.2.7,BRN-CAU,Caudate,RIGHT,2133,2133.0,BRN-DGM,deep_gray_matter,1
IXI335,UNesT,0.2.7,BRN-CAU,Caudate,LEFT,1862,1862.0,BRN-DGM,deep_gray_matter,1
IXI335,UNesT,0.2.7,BRN-CB-EXT,Cerebellum-Exterior,RIGHT,50867,50867.0,BRN-CBL,anatomical_structure,1
IXI335,UNesT,0.2.7,BRN-CB-EXT,Cerebellum-Exterior,LEFT,51144,51144.0,BRN-CBL,anatomical_structure,1
IXI335,UNesT,0.2.7,BRN-CB-WM,Cerebellum-White-Matter,RIGHT,15008,15008.0,BRN-CBL,anatomical_structure,1
IXI335,UNesT,0.2.7,BRN-CB-WM,Cerebellum-White-Matter,LEFT,14684,14684.0,BRN-CBL,anatomical_structure,1
IXI335,UNesT,0.2.7,BRN-CER-WM,Cerebral-White-Matter,RIGHT,210027,210027.0,BRN-WM,anatomical_structure,1
IXI335,UNesT,0.2.7,BRN-CER-WM,Cerebral-White-Matter,LEFT,206758,206758.0,BRN-WM,anatomical_structure,1
IXI335,UNesT,0.2.7,BRN-HIP,Hippocampus,RIGHT,3811,3811.0,BRN-LIM,deep_gray_matter,1
IXI335,UNesT,0.2.7,BRN-HIP,Hippocampus,LEFT,2963,2963.0,BRN-LIM,deep_gray_matter,1
IXI335,UNesT,0.2.7,BRN-INF-LAT-V,Inf-Lat-Vent,RIGHT,277,277.0,BRN-VEN,anatomical_structure,1
IXI335,UNesT,0.2.7,BRN-INF-LAT-V,Inf-Lat-Vent,LEFT,392,392.0,BRN-VEN,anatomical_structure,1
IXI335,UNesT,0.2.7,BRN-LAT-V,Lateral-Ventricle,RIGHT,11024,11024.0,BRN-VEN,anatomical_structure,1
IXI335,UNesT,0.2.7,BRN-LAT-V,Lateral-Ventricle,LEFT,14783,14783.0,BRN-VEN,anatomical_structure,1
IXI335,UNesT,0.2.7,BRN-PAL,Pallidum,RIGHT,1614,1614.0,BRN-DGM,deep_gray_matter,1
IXI335,UNesT,0.2.7,BRN-PAL,Pallidum,LEFT,1434,1434.0,BRN-DGM,deep_gray_matter,1
IXI335,UNesT,0.2.7,BRN-PUT,Putamen,RIGHT,4333,4333.0,BRN-DGM,deep_gray_matter,1
IXI335,UNesT,0.2.7,BRN-PUT,Putamen,LEFT,4184,4184.0,BRN-DGM,deep_gray_matter,1
IXI335,UNesT,0.2.7,BRN-THA,Thalamus-Proper,RIGHT,6029,6029.0,BRN-DGM,deep_gray_matter,1
IXI335,UNesT,0.2.7,BRN-THA,Thalamus-Proper,LEFT,6516,6516.0,BRN-DGM,deep_gray_matter,1
IXI335,UNesT,0.2.7,BRN-VDC,Ventral-DC,RIGHT,5069,5069.0,BRN-DGM,anatomical_structure,1
IXI335,UNesT,0.2.7,BRN-VDC,Ventral-DC,LEFT,4993,4993.0,BRN-DGM,anatomical_structure,1
IXI335,UNesT,0.2.7,BRN-CEREBELLAR-VERMAL-LOBULES-I-V,Cerebellar-Vermal-Lobules-I-V,NONE,6344,6344.0,BRN-CBL,anatomical_structure,1
IXI335,UNesT,0.2.7,BRN-CEREBELLAR-VERMAL-LOBULES-VI-VII,Cerebellar-Vermal-Lobules-VI-VII,NONE,2823,2823.0,BRN-CBL,anatomical_structure,1
IXI335,UNesT,0.2.7,BRN-CEREBELLAR-VERMAL-LOBULES-VIII-X,Cerebellar-Vermal-Lobules-VIII-X,NONE,3187,3187.0,BRN-CBL,anatomical_structure,1
IXI335,UNesT,0.2.7,BRN-BASAL-FOREBRAIN,Basal-Forebrain,LEFT,545,545.0,BRN-DGM,anatomical_structure,1
IXI335,UNesT,0.2.7,BRN-BASAL-FOREBRAIN,Basal-Forebrain,RIGHT,465,465.0,BRN-DGM,anatomical_structure,1
IXI335,UNesT,0.2.7,BRN-ANTERIOR-CINGULATE-GYRUS,ACgG--anterior-cingulate-gyrus,RIGHT,10772,10772.0,BRN-LIM,anatomical_structure,4
IXI335,UNesT,0.2.7,BRN-ANTERIOR-CINGULATE-GYRUS,ACgG--anterior-cingulate-gyrus,LEFT,7668,7668.0,BRN-LIM,anatomical_structure,4
IXI335,UNesT,0.2.7,BRN-ANTERIOR-INSULA,AIns--anterior-insula,RIGHT,5923,5923.0,BRN-INS,anatomical_structure,4
IXI335,UNesT,0.2.7,BRN-ANTERIOR-INSULA,AIns--anterior-insula,LEFT,6304,6304.0,BRN-INS,anatomical_structure,4
IXI335,UNesT,0.2.7,BRN-ANTERIOR-ORBITAL-GYRUS,AOrG--anterior-orbital-gyrus,RIGHT,2875,2875.0,BRN-FRO,anatomical_structure,4
IXI335,UNesT,0.2.7,BRN-ANTERIOR-ORBITAL-GYRUS,AOrG--anterior-orbital-gyrus,LEFT,2764,2764.0,BRN-FRO,anatomical_structure,4
IXI335,UNesT,0.2.7,BRN-ANGULAR-GYRUS,AnG---angular-gyrus,RIGHT,13304,13304.0,BRN-PAR,anatomical_structure,4
IXI335,UNesT,0.2.7,BRN-ANGULAR-GYRUS,AnG---angular-gyrus,LEFT,14363,14363.0,BRN-PAR,anatomical_structure,4
IXI335,UNesT,0.2.7,BRN-CALCARINE-CORTEX,Calc--calcarine-cortex,RIGHT,4226,4226.0,BRN-OCC,anatomical_structure,4
IXI335,UNesT,0.2.7,BRN-CALCARINE-CORTEX,Calc--calcarine-cortex,LEFT,5979,5979.0,BRN-OCC,anatomical_structure,4
IXI335,UNesT,0.2.7,BRN-CENTRAL-OPERCULUM,CO----central-operculum,RIGHT,5472,5472.0,BRN-CER-COR,anatomical_structure,3
IXI335,UNesT,0.2.7,BRN-CENTRAL-OPERCULUM,CO----central-operculum,LEFT,6174,6174.0,BRN-CER-COR,anatomical_structure,3
IXI335,UNesT,0.2.7,BRN-CUNEUS,Cun---cuneus,RIGHT,6655,6655.0,BRN-CER-COR,anatomical_structure,1
IXI335,UNesT,0.2.7,BRN-CUNEUS,Cun---cuneus,LEFT,8660,8660.0,BRN-CER-COR,anatomical_structure,1
IXI335,UNesT,0.2.7,BRN-ENTORHINAL-AREA,Ent---entorhinal-area,RIGHT,2931,2931.0,BRN-LIM,anatomical_structure,1
IXI335,UNesT,0.2.7,BRN-ENTORHINAL-AREA,Ent---entorhinal-area,LEFT,1901,1901.0,BRN-LIM,anatomical_structure,1
IXI335,UNesT,0.2.7,BRN-FRONTAL-OPERCULUM,FO----frontal-operculum,RIGHT,2689,2689.0,BRN-FRO,anatomical_structure,4
IXI335,UNesT,0.2.7,BRN-FRONTAL-OPERCULUM,FO----frontal-operculum,LEFT,3316,3316.0,BRN-FRO,anatomical_structure,4
IXI335,UNesT,0.2.7,BRN-FRONTAL-POLE,FRP---frontal-pole,RIGHT,4209,4209.0,BRN-FRO,anatomical_structure,4
IXI335,UNesT,0.2.7,BRN-FRONTAL-POLE,FRP---frontal-pole,LEFT,4271,4271.0,BRN-FRO,anatomical_structure,4
IXI335,UNesT,0.2.7,BRN-FUSIFORM-GYRUS,FuG---fusiform-gyrus,RIGHT,9021,9021.0,BRN-TEM,anatomical_structure,4
IXI335,UNesT,0.2.7,BRN-FUSIFORM-GYRUS,FuG---fusiform-gyrus,LEFT,9685,9685.0,BRN-TEM,anatomical_structure,4
IXI335,UNesT,0.2.7,BRN-GYRUS-RECTUS,GRe---gyrus-rectus,RIGHT,3105,3105.0,BRN-FRO,anatomical_structure,4
IXI335,UNesT,0.2.7,BRN-GYRUS-RECTUS,GRe---gyrus-rectus,LEFT,2584,2584.0,BRN-FRO,anatomical_structure,4
IXI335,UNesT,0.2.7,BRN-INFERIOR-OCCIPITAL-GYRUS,IOG---inferior-occipital-gyrus,RIGHT,9303,9303.0,BRN-OCC,anatomical_structure,4
IXI335,UNesT,0.2.7,BRN-INFERIOR-OCCIPITAL-GYRUS,IOG---inferior-occipital-gyrus,LEFT,10392,10392.0,BRN-OCC,anatomical_structure,4
IXI335,UNesT,0.2.7,BRN-INFERIOR-TEMPORAL-GYRUS,ITG---inferior-temporal-gyrus,RIGHT,16035,16035.0,BRN-TEM,anatomical_structure,4
IXI335,UNesT,0.2.7,BRN-INFERIOR-TEMPORAL-GYRUS,ITG---inferior-temporal-gyrus,LEFT,18589,18589.0,BRN-TEM,anatomical_structure,4
IXI335,UNesT,0.2.7,BRN-LINGUAL-GYRUS,LiG---lingual-gyrus,RIGHT,13429,13429.0,BRN-OCC,anatomical_structure,4
IXI335,UNesT,0.2.7,BRN-LINGUAL-GYRUS,LiG---lingual-gyrus,LEFT,15991,15991.0,BRN-OCC,anatomical_structure,4
IXI335,UNesT,0.2.7,BRN-LATERAL-ORBITAL-GYRUS,LOrG--lateral-orbital-gyrus,RIGHT,3310,3310.0,BRN-FRO,anatomical_structure,4
IXI335,UNesT,0.2.7,BRN-LATERAL-ORBITAL-GYRUS,LOrG--lateral-orbital-gyrus,LEFT,1953,1953.0,BRN-FRO,anatomical_structure,4
IXI335,UNesT,0.2.7,BRN-MIDDLE-CINGULATE-GYRUS,MCgG--middle-cingulate-gyrus,RIGHT,8096,8096.0,BRN-LIM,anatomical_structure,4
IXI335,UNesT,0.2.7,BRN-MIDDLE-CINGULATE-GYRUS,MCgG--middle-cingulate-gyrus,LEFT,7746,7746.0,BRN-LIM,anatomical_structure,4
IXI335,UNesT,0.2.7,BRN-MEDIAL-FRONTAL-CORTEX,MFC---medial-frontal-cortex,RIGHT,3346,3346.0,BRN-FRO,anatomical_structure,4
IXI335,UNesT,0.2.7,BRN-MEDIAL-FRONTAL-CORTEX,MFC---medial-frontal-cortex,LEFT,2020,2020.0,BRN-FRO,anatomical_structure,4
IXI335,UNesT,0.2.7,BRN-MIDDLE-FRONTAL-GYRUS,MFG---middle-frontal-gyrus,RIGHT,36595,36595.0,BRN-FRO,anatomical_structure,4
IXI335,UNesT,0.2.7,BRN-MIDDLE-FRONTAL-GYRUS,MFG---middle-frontal-gyrus,LEFT,33428,33428.0,BRN-FRO,anatomical_structure,4
IXI335,UNesT,0.2.7,BRN-MIDDLE-OCCIPITAL-GYRUS,MOG---middle-occipital-gyrus,RIGHT,6640,6640.0,BRN-OCC,anatomical_structure,4
IXI335,UNesT,0.2.7,BRN-MIDDLE-OCCIPITAL-GYRUS,MOG---middle-occipital-gyrus,LEFT,8571,8571.0,BRN-OCC,anatomical_structure,4
IXI335,UNesT,0.2.7,BRN-MEDIAL-ORBITAL-GYRUS,MOrG--medial-orbital-gyrus,RIGHT,5399,5399.0,BRN-FRO,anatomical_structure,4
IXI335,UNesT,0.2.7,BRN-MEDIAL-ORBITAL-GYRUS,MOrG--medial-orbital-gyrus,LEFT,5545,5545.0,BRN-FRO,anatomical_structure,4
IXI335,UNesT,0.2.7,BRN-POG-MED,"Postcentral Gyrus, Medial Segment",RIGHT,1794,1794.0,BRN-PAR,cortical_subregion,4
IXI335,UNesT,0.2.7,BRN-POG-MED,"Postcentral Gyrus, Medial Segment",LEFT,2124,2124.0,BRN-PAR,cortical_subregion,4
IXI335,UNesT,0.2.7,BRN-PRG-MED,"Precentral Gyrus, Medial Segment",RIGHT,4121,4121.0,BRN-FRO,cortical_subregion,4
IXI335,UNesT,0.2.7,BRN-PRG-MED,"Precentral Gyrus, Medial Segment",LEFT,4596,4596.0,BRN-FRO,cortical_subregion,4
IXI335,UNesT,0.2.7,BRN-SUPERIOR-FRONTAL-GYRUS,MSFG--superior-frontal-gyrus,RIGHT,28244,28244.0,BRN-FRO,anatomical_structure,4
IXI335,UNesT,0.2.7,BRN-SUPERIOR-FRONTAL-GYRUS,MSFG--superior-frontal-gyrus,LEFT,32961,32961.0,BRN-FRO,anatomical_structure,4
IXI335,UNesT,0.2.7,BRN-MIDDLE-TEMPORAL-GYRUS,MTG---middle-temporal-gyrus,RIGHT,20529,20529.0,BRN-TEM,anatomical_structure,4
IXI335,UNesT,0.2.7,BRN-MIDDLE-TEMPORAL-GYRUS,MTG---middle-temporal-gyrus,LEFT,19818,19818.0,BRN-TEM,anatomical_structure,4
IXI335,UNesT,0.2.7,BRN-OCCIPITAL-POLE,OCP---occipital-pole,RIGHT,4324,4324.0,BRN-OCC,anatomical_structure,4
IXI335,UNesT,0.2.7,BRN-OCCIPITAL-POLE,OCP---occipital-pole,LEFT,6272,6272.0,BRN-OCC,anatomical_structure,4
IXI335,UNesT,0.2.7,BRN-OCCIPITAL-FUSIFORM-GYRUS,OFuG--occipital-fusiform-gyrus,RIGHT,7110,7110.0,BRN-OCC,anatomical_structure,4
IXI335,UNesT,0.2.7,BRN-OCCIPITAL-FUSIFORM-GYRUS,OFuG--occipital-fusiform-gyrus,LEFT,5381,5381.0,BRN-OCC,anatomical_structure,4
IXI335,UNesT,0.2.7,BRN-OPIFG-OPERCULAR-PART-OF-THE-IFG,OpIFG-opercular-part-of-the-IFG,RIGHT,4635,4635.0,BRN-CER-COR,anatomical_structure,1
IXI335,UNesT,0.2.7,BRN-OPIFG-OPERCULAR-PART-OF-THE-IFG,OpIFG-opercular-part-of-the-IFG,LEFT,5017,5017.0,BRN-CER-COR,anatomical_structure,1
IXI335,UNesT,0.2.7,BRN-ORIFG-ORBITAL-PART-OF-THE-IFG,OrIFG-orbital-part-of-the-IFG,RIGHT,1781,1781.0,BRN-CER-COR,anatomical_structure,1
IXI335,UNesT,0.2.7,BRN-ORIFG-ORBITAL-PART-OF-THE-IFG,OrIFG-orbital-part-of-the-IFG,LEFT,2064,2064.0,BRN-CER-COR,anatomical_structure,1
IXI335,UNesT,0.2.7,BRN-POSTERIOR-CINGULATE-GYRUS,PCgG--posterior-cingulate-gyrus,RIGHT,6478,6478.0,BRN-LIM,anatomical_structure,4
IXI335,UNesT,0.2.7,BRN-POSTERIOR-CINGULATE-GYRUS,PCgG--posterior-cingulate-gyrus,LEFT,6250,6250.0,BRN-LIM,anatomical_structure,4
IXI335,UNesT,0.2.7,BRN-PCU,PCu---precuneus,RIGHT,14035,14035.0,BRN-PAR,cortical_structure,4
IXI335,UNesT,0.2.7,BRN-PCU,PCu---precuneus,LEFT,16105,16105.0,BRN-PAR,cortical_structure,4
IXI335,UNesT,0.2.7,BRN-PARAHIPPOCAMPAL-GYRUS,PHG---parahippocampal-gyrus,RIGHT,3196,3196.0,BRN-LIM,anatomical_structure,4
IXI335,UNesT,0.2.7,BRN-PARAHIPPOCAMPAL-GYRUS,PHG---parahippocampal-gyrus,LEFT,3760,3760.0,BRN-LIM,anatomical_structure,4
IXI335,UNesT,0.2.7,BRN-POSTERIOR-INSULA,PIns--posterior-insula,RIGHT,3149,3149.0,BRN-INS,anatomical_structure,4
IXI335,UNesT,0.2.7,BRN-POSTERIOR-INSULA,PIns--posterior-insula,LEFT,2669,2669.0,BRN-INS,anatomical_structure,4
IXI335,UNesT,0.2.7,BRN-PARIETAL-OPERCULUM,PO----parietal-operculum,RIGHT,3729,3729.0,BRN-PAR,anatomical_structure,4
IXI335,UNesT,0.2.7,BRN-PARIETAL-OPERCULUM,PO----parietal-operculum,LEFT,4154,4154.0,BRN-PAR,anatomical_structure,4
IXI335,UNesT,0.2.7,BRN-POG,MPoG--postcentral-gyrus,RIGHT,16817,16817.0,BRN-PAR,cortical_structure,4
IXI335,UNesT,0.2.7,BRN-POG,MPoG--postcentral-gyrus,LEFT,17181,17181.0,BRN-PAR,cortical_structure,4
IXI335,UNesT,0.2.7,BRN-POSTERIOR-ORBITAL-GYRUS,POrG--posterior-orbital-gyrus,RIGHT,3316,3316.0,BRN-FRO,anatomical_structure,4
IXI335,UNesT,0.2.7,BRN-POSTERIOR-ORBITAL-GYRUS,POrG--posterior-orbital-gyrus,LEFT,3564,3564.0,BRN-FRO,anatomical_structure,4
IXI335,UNesT,0.2.7,BRN-PLANUM-POLARE,PP----planum-polare,RIGHT,2572,2572.0,BRN-TEM,anatomical_structure,4
IXI335,UNesT,0.2.7,BRN-PLANUM-POLARE,PP----planum-polare,LEFT,2888,2888.0,BRN-TEM,anatomical_structure,4
IXI335,UNesT,0.2.7,BRN-PRG,MPrG--precentral-gyrus,RIGHT,24706,24706.0,BRN-FRO,cortical_structure,4
IXI335,UNesT,0.2.7,BRN-PRG,MPrG--precentral-gyrus,LEFT,26279,26279.0,BRN-FRO,cortical_structure,4
IXI335,UNesT,0.2.7,BRN-PLANUM-TEMPORALE,PT----planum-temporale,RIGHT,2647,2647.0,BRN-TEM,anatomical_structure,4
IXI335,UNesT,0.2.7,BRN-PLANUM-TEMPORALE,PT----planum-temporale,LEFT,3011,3011.0,BRN-TEM,anatomical_structure,4
IXI335,UNesT,0.2.7,BRN-SUBCALLOSAL-AREA,SCA---subcallosal-area,RIGHT,974,974.0,BRN-LIM,anatomical_structure,4
IXI335,UNesT,0.2.7,BRN-SUBCALLOSAL-AREA,SCA---subcallosal-area,LEFT,1076,1076.0,BRN-LIM,anatomical_structure,4
IXI335,UNesT,0.2.7,BRN-SUPPLEMENTARY-MOTOR-CORTEX,SMC---supplementary-motor-cortex,RIGHT,7459,7459.0,BRN-FRO,anatomical_structure,4
IXI335,UNesT,0.2.7,BRN-SUPPLEMENTARY-MOTOR-CORTEX,SMC---supplementary-motor-cortex,LEFT,8513,8513.0,BRN-FRO,anatomical_structure,4
IXI335,UNesT,0.2.7,BRN-SUPRAMARGINAL-GYRUS,SMG---supramarginal-gyrus,RIGHT,11985,11985.0,BRN-PAR,anatomical_structure,4
IXI335,UNesT,0.2.7,BRN-SUPRAMARGINAL-GYRUS,SMG---supramarginal-gyrus,LEFT,13051,13051.0,BRN-PAR,anatomical_structure,4
IXI335,UNesT,0.2.7,BRN-SUPERIOR-OCCIPITAL-GYRUS,SOG---superior-occipital-gyrus,RIGHT,7720,7720.0,BRN-OCC,anatomical_structure,4
IXI335,UNesT,0.2.7,BRN-SUPERIOR-OCCIPITAL-GYRUS,SOG---superior-occipital-gyrus,LEFT,5839,5839.0,BRN-OCC,anatomical_structure,4
IXI335,UNesT,0.2.7,BRN-SUPERIOR-PARIETAL-LOBULE,SPL---superior-parietal-lobule,RIGHT,17243,17243.0,BRN-CER-COR,anatomical_structure,1
IXI335,UNesT,0.2.7,BRN-SUPERIOR-PARIETAL-LOBULE,SPL---superior-parietal-lobule,LEFT,19373,19373.0,BRN-CER-COR,anatomical_structure,1
IXI335,UNesT,0.2.7,BRN-SUPERIOR-TEMPORAL-GYRUS,STG---superior-temporal-gyrus,RIGHT,10124,10124.0,BRN-TEM,anatomical_structure,4
IXI335,UNesT,0.2.7,BRN-SUPERIOR-TEMPORAL-GYRUS,STG---superior-temporal-gyrus,LEFT,8734,8734.0,BRN-TEM,anatomical_structure,4
IXI335,UNesT,0.2.7,BRN-TEMPORAL-POLE,TMP---temporal-pole,RIGHT,11172,11172.0,BRN-TEM,anatomical_structure,4
IXI335,UNesT,0.2.7,BRN-TEMPORAL-POLE,TMP---temporal-pole,LEFT,11230,11230.0,BRN-TEM,anatomical_structure,4
IXI335,UNesT,0.2.7,BRN-TRIFG-TRIANGULAR-PART-OF-THE-IFG,TrIFG-triangular-part-of-the-IFG,RIGHT,4325,4325.0,BRN-CER-COR,anatomical_structure,1
IXI335,UNesT,0.2.7,BRN-TRIFG-TRIANGULAR-PART-OF-THE-IFG,TrIFG-triangular-part-of-the-IFG,LEFT,3880,3880.0,BRN-CER-COR,anatomical_structure,1
IXI335,UNesT,0.2.7,BRN-TRANSVERSE-TEMPORAL-GYRUS,TTG---transverse-temporal-gyrus,RIGHT,2519,2519.0,BRN-TEM,anatomical_structure,4
IXI335,UNesT,0.2.7,BRN-TRANSVERSE-TEMPORAL-GYRUS,TTG---transverse-temporal-gyrus,LEFT,3401,3401.0,BRN-TEM,anatomical_structure,4
IXI317,UNesT,0.2.7,BRN-3RD-VENTRICLE,3rd-Ventricle,NONE,2974,2974.0,BRN-VEN,anatomical_structure,1
IXI317,UNesT,0.2.7,BRN-4TH-VENTRICLE,4th-Ventricle,NONE,2193,2193.0,BRN-VEN,anatomical_structure,1
IXI317,UNesT,0.2.7,BRN-ACC,Accumbens-Area,RIGHT,487,487.0,BRN-DGM,anatomical_structure,1
IXI317,UNesT,0.2.7,BRN-ACC,Accumbens-Area,LEFT,562,562.0,BRN-DGM,anatomical_structure,1
IXI317,UNesT,0.2.7,BRN-AMY,Amygdala,RIGHT,1379,1379.0,BRN-DGM,deep_gray_matter,1
IXI317,UNesT,0.2.7,BRN-AMY,Amygdala,LEFT,1194,1194.0,BRN-DGM,deep_gray_matter,1
IXI317,UNesT,0.2.7,BRN-BST,Brain-Stem,NONE,23303,23303.0,BRN-BST-GRP,brainstem,1
IXI317,UNesT,0.2.7,BRN-CAU,Caudate,RIGHT,3899,3899.0,BRN-DGM,deep_gray_matter,1
IXI317,UNesT,0.2.7,BRN-CAU,Caudate,LEFT,3469,3469.0,BRN-DGM,deep_gray_matter,1
IXI317,UNesT,0.2.7,BRN-CB-EXT,Cerebellum-Exterior,RIGHT,67606,67606.0,BRN-CBL,anatomical_structure,1
IXI317,UNesT,0.2.7,BRN-CB-EXT,Cerebellum-Exterior,LEFT,70004,70004.0,BRN-CBL,anatomical_structure,1
IXI317,UNesT,0.2.7,BRN-CB-WM,Cerebellum-White-Matter,RIGHT,15725,15725.0,BRN-CBL,anatomical_structure,1
IXI317,UNesT,0.2.7,BRN-CB-WM,Cerebellum-White-Matter,LEFT,15795,15795.0,BRN-CBL,anatomical_structure,1
IXI317,UNesT,0.2.7,BRN-CER-WM,Cerebral-White-Matter,RIGHT,262589,262589.0,BRN-WM,anatomical_structure,1
IXI317,UNesT,0.2.7,BRN-CER-WM,Cerebral-White-Matter,LEFT,245038,245038.0,BRN-WM,anatomical_structure,1
IXI317,UNesT,0.2.7,BRN-HIP,Hippocampus,RIGHT,4067,4067.0,BRN-LIM,deep_gray_matter,1
IXI317,UNesT,0.2.7,BRN-HIP,Hippocampus,LEFT,3749,3749.0,BRN-LIM,deep_gray_matter,1
IXI317,UNesT,0.2.7,BRN-INF-LAT-V,Inf-Lat-Vent,RIGHT,895,895.0,BRN-VEN,anatomical_structure,1
IXI317,UNesT,0.2.7,BRN-INF-LAT-V,Inf-Lat-Vent,LEFT,1002,1002.0,BRN-VEN,anatomical_structure,1
IXI317,UNesT,0.2.7,BRN-LAT-V,Lateral-Ventricle,RIGHT,22424,22424.0,BRN-VEN,anatomical_structure,1
IXI317,UNesT,0.2.7,BRN-LAT-V,Lateral-Ventricle,LEFT,30777,30777.0,BRN-VEN,anatomical_structure,1
IXI317,UNesT,0.2.7,BRN-PAL,Pallidum,RIGHT,1897,1897.0,BRN-DGM,deep_gray_matter,1
IXI317,UNesT,0.2.7,BRN-PAL,Pallidum,LEFT,1934,1934.0,BRN-DGM,deep_gray_matter,1
IXI317,UNesT,0.2.7,BRN-PUT,Putamen,RIGHT,6186,6186.0,BRN-DGM,deep_gray_matter,1
IXI317,UNesT,0.2.7,BRN-PUT,Putamen,LEFT,6348,6348.0,BRN-DGM,deep_gray_matter,1
IXI317,UNesT,0.2.7,BRN-THA,Thalamus-Proper,RIGHT,9001,9001.0,BRN-DGM,deep_gray_matter,1
IXI317,UNesT,0.2.7,BRN-THA,Thalamus-Proper,LEFT,9318,9318.0,BRN-DGM,deep_gray_matter,1
IXI317,UNesT,0.2.7,BRN-VDC,Ventral-DC,RIGHT,5703,5703.0,BRN-DGM,anatomical_structure,1
IXI317,UNesT,0.2.7,BRN-VDC,Ventral-DC,LEFT,5887,5887.0,BRN-DGM,anatomical_structure,1
IXI317,UNesT,0.2.7,BRN-CEREBELLAR-VERMAL-LOBULES-I-V,Cerebellar-Vermal-Lobules-I-V,NONE,6463,6463.0,BRN-CBL,anatomical_structure,1
IXI317,UNesT,0.2.7,BRN-CEREBELLAR-VERMAL-LOBULES-VI-VII,Cerebellar-Vermal-Lobules-VI-VII,NONE,3174,3174.0,BRN-CBL,anatomical_structure,1
IXI317,UNesT,0.2.7,BRN-CEREBELLAR-VERMAL-LOBULES-VIII-X,Cerebellar-Vermal-Lobules-VIII-X,NONE,3950,3950.0,BRN-CBL,anatomical_structure,1
IXI317,UNesT,0.2.7,BRN-BASAL-FOREBRAIN,Basal-Forebrain,LEFT,702,702.0,BRN-DGM,anatomical_structure,1
IXI317,UNesT,0.2.7,BRN-BASAL-FOREBRAIN,Basal-Forebrain,RIGHT,649,649.0,BRN-DGM,anatomical_structure,1
IXI317,UNesT,0.2.7,BRN-ANTERIOR-CINGULATE-GYRUS,ACgG--anterior-cingulate-gyrus,RIGHT,5341,5341.0,BRN-LIM,anatomical_structure,4
IXI317,UNesT,0.2.7,BRN-ANTERIOR-CINGULATE-GYRUS,ACgG--anterior-cingulate-gyrus,LEFT,6781,6781.0,BRN-LIM,anatomical_structure,4
IXI317,UNesT,0.2.7,BRN-ANTERIOR-INSULA,AIns--anterior-insula,RIGHT,4995,4995.0,BRN-INS,anatomical_structure,4
IXI317,UNesT,0.2.7,BRN-ANTERIOR-INSULA,AIns--anterior-insula,LEFT,5631,5631.0,BRN-INS,anatomical_structure,4
IXI317,UNesT,0.2.7,BRN-ANTERIOR-ORBITAL-GYRUS,AOrG--anterior-orbital-gyrus,RIGHT,2569,2569.0,BRN-FRO,anatomical_structure,4
IXI317,UNesT,0.2.7,BRN-ANTERIOR-ORBITAL-GYRUS,AOrG--anterior-orbital-gyrus,LEFT,2676,2676.0,BRN-FRO,anatomical_structure,4
IXI317,UNesT,0.2.7,BRN-ANGULAR-GYRUS,AnG---angular-gyrus,RIGHT,15391,15391.0,BRN-PAR,anatomical_structure,4
IXI317,UNesT,0.2.7,BRN-ANGULAR-GYRUS,AnG---angular-gyrus,LEFT,16757,16757.0,BRN-PAR,anatomical_structure,4
IXI317,UNesT,0.2.7,BRN-CALCARINE-CORTEX,Calc--calcarine-cortex,RIGHT,5572,5572.0,BRN-OCC,anatomical_structure,4
IXI317,UNesT,0.2.7,BRN-CALCARINE-CORTEX,Calc--calcarine-cortex,LEFT,5334,5334.0,BRN-OCC,anatomical_structure,4
IXI317,UNesT,0.2.7,BRN-CENTRAL-OPERCULUM,CO----central-operculum,RIGHT,4999,4999.0,BRN-CER-COR,anatomical_structure,3
IXI317,UNesT,0.2.7,BRN-CENTRAL-OPERCULUM,CO----central-operculum,LEFT,5252,5252.0,BRN-CER-COR,anatomical_structure,3
IXI317,UNesT,0.2.7,BRN-CUNEUS,Cun---cuneus,RIGHT,7001,7001.0,BRN-CER-COR,anatomical_structure,1
IXI317,UNesT,0.2.7,BRN-CUNEUS,Cun---cuneus,LEFT,7176,7176.0,BRN-CER-COR,anatomical_structure,1
IXI317,UNesT,0.2.7,BRN-ENTORHINAL-AREA,Ent---entorhinal-area,RIGHT,3142,3142.0,BRN-LIM,anatomical_structure,1
IXI317,UNesT,0.2.7,BRN-ENTORHINAL-AREA,Ent---entorhinal-area,LEFT,2624,2624.0,BRN-LIM,anatomical_structure,1
IXI317,UNesT,0.2.7,BRN-FRONTAL-OPERCULUM,FO----frontal-operculum,RIGHT,2054,2054.0,BRN-FRO,anatomical_structure,4
IXI317,UNesT,0.2.7,BRN-FRONTAL-OPERCULUM,FO----frontal-operculum,LEFT,1886,1886.0,BRN-FRO,anatomical_structure,4
IXI317,UNesT,0.2.7,BRN-FRONTAL-POLE,FRP---frontal-pole,RIGHT,3497,3497.0,BRN-FRO,anatomical_structure,4
IXI317,UNesT,0.2.7,BRN-FRONTAL-POLE,FRP---frontal-pole,LEFT,4487,4487.0,BRN-FRO,anatomical_structure,4
IXI317,UNesT,0.2.7,BRN-FUSIFORM-GYRUS,FuG---fusiform-gyrus,RIGHT,8953,8953.0,BRN-TEM,anatomical_structure,4
IXI317,UNesT,0.2.7,BRN-FUSIFORM-GYRUS,FuG---fusiform-gyrus,LEFT,9713,9713.0,BRN-TEM,anatomical_structure,4
IXI317,UNesT,0.2.7,BRN-GYRUS-RECTUS,GRe---gyrus-rectus,RIGHT,1823,1823.0,BRN-FRO,anatomical_structure,4
IXI317,UNesT,0.2.7,BRN-GYRUS-RECTUS,GRe---gyrus-rectus,LEFT,2610,2610.0,BRN-FRO,anatomical_structure,4
IXI317,UNesT,0.2.7,BRN-INFERIOR-OCCIPITAL-GYRUS,IOG---inferior-occipital-gyrus,RIGHT,9228,9228.0,BRN-OCC,anatomical_structure,4
IXI317,UNesT,0.2.7,BRN-INFERIOR-OCCIPITAL-GYRUS,IOG---inferior-occipital-gyrus,LEFT,8388,8388.0,BRN-OCC,anatomical_structure,4
IXI317,UNesT,0.2.7,BRN-INFERIOR-TEMPORAL-GYRUS,ITG---inferior-temporal-gyrus,RIGHT,15121,15121.0,BRN-TEM,anatomical_structure,4
IXI317,UNesT,0.2.7,BRN-INFERIOR-TEMPORAL-GYRUS,ITG---inferior-temporal-gyrus,LEFT,18202,18202.0,BRN-TEM,anatomical_structure,4
IXI317,UNesT,0.2.7,BRN-LINGUAL-GYRUS,LiG---lingual-gyrus,RIGHT,12097,12097.0,BRN-OCC,anatomical_structure,4
IXI317,UNesT,0.2.7,BRN-LINGUAL-GYRUS,LiG---lingual-gyrus,LEFT,11514,11514.0,BRN-OCC,anatomical_structure,4
IXI317,UNesT,0.2.7,BRN-LATERAL-ORBITAL-GYRUS,LOrG--lateral-orbital-gyrus,RIGHT,3354,3354.0,BRN-FRO,anatomical_structure,4
IXI317,UNesT,0.2.7,BRN-LATERAL-ORBITAL-GYRUS,LOrG--lateral-orbital-gyrus,LEFT,3129,3129.0,BRN-FRO,anatomical_structure,4
IXI317,UNesT,0.2.7,BRN-MIDDLE-CINGULATE-GYRUS,MCgG--middle-cingulate-gyrus,RIGHT,8293,8293.0,BRN-LIM,anatomical_structure,4
IXI317,UNesT,0.2.7,BRN-MIDDLE-CINGULATE-GYRUS,MCgG--middle-cingulate-gyrus,LEFT,6443,6443.0,BRN-LIM,anatomical_structure,4
IXI317,UNesT,0.2.7,BRN-MEDIAL-FRONTAL-CORTEX,MFC---medial-frontal-cortex,RIGHT,2678,2678.0,BRN-FRO,anatomical_structure,4
IXI317,UNesT,0.2.7,BRN-MEDIAL-FRONTAL-CORTEX,MFC---medial-frontal-cortex,LEFT,2847,2847.0,BRN-FRO,anatomical_structure,4
IXI317,UNesT,0.2.7,BRN-MIDDLE-FRONTAL-GYRUS,MFG---middle-frontal-gyrus,RIGHT,25077,25077.0,BRN-FRO,anatomical_structure,4
IXI317,UNesT,0.2.7,BRN-MIDDLE-FRONTAL-GYRUS,MFG---middle-frontal-gyrus,LEFT,26329,26329.0,BRN-FRO,anatomical_structure,4
IXI317,UNesT,0.2.7,BRN-MIDDLE-OCCIPITAL-GYRUS,MOG---middle-occipital-gyrus,RIGHT,8044,8044.0,BRN-OCC,anatomical_structure,4
IXI317,UNesT,0.2.7,BRN-MIDDLE-OCCIPITAL-GYRUS,MOG---middle-occipital-gyrus,LEFT,8678,8678.0,BRN-OCC,anatomical_structure,4
IXI317,UNesT,0.2.7,BRN-MEDIAL-ORBITAL-GYRUS,MOrG--medial-orbital-gyrus,RIGHT,5078,5078.0,BRN-FRO,anatomical_structure,4
IXI317,UNesT,0.2.7,BRN-MEDIAL-ORBITAL-GYRUS,MOrG--medial-orbital-gyrus,LEFT,5522,5522.0,BRN-FRO,anatomical_structure,4
IXI317,UNesT,0.2.7,BRN-POG-MED,"Postcentral Gyrus, Medial Segment",RIGHT,1447,1447.0,BRN-PAR,cortical_subregion,4
IXI317,UNesT,0.2.7,BRN-POG-MED,"Postcentral Gyrus, Medial Segment",LEFT,1559,1559.0,BRN-PAR,cortical_subregion,4
IXI317,UNesT,0.2.7,BRN-PRG-MED,"Precentral Gyrus, Medial Segment",RIGHT,2908,2908.0,BRN-FRO,cortical_subregion,4
IXI317,UNesT,0.2.7,BRN-PRG-MED,"Precentral Gyrus, Medial Segment",LEFT,3403,3403.0,BRN-FRO,cortical_subregion,4
IXI317,UNesT,0.2.7,BRN-SUPERIOR-FRONTAL-GYRUS,MSFG--superior-frontal-gyrus,RIGHT,27553,27553.0,BRN-FRO,anatomical_structure,4
IXI317,UNesT,0.2.7,BRN-SUPERIOR-FRONTAL-GYRUS,MSFG--superior-frontal-gyrus,LEFT,26361,26361.0,BRN-FRO,anatomical_structure,4
IXI317,UNesT,0.2.7,BRN-MIDDLE-TEMPORAL-GYRUS,MTG---middle-temporal-gyrus,RIGHT,19455,19455.0,BRN-TEM,anatomical_structure,4
IXI317,UNesT,0.2.7,BRN-MIDDLE-TEMPORAL-GYRUS,MTG---middle-temporal-gyrus,LEFT,19305,19305.0,BRN-TEM,anatomical_structure,4
IXI317,UNesT,0.2.7,BRN-OCCIPITAL-POLE,OCP---occipital-pole,RIGHT,5024,5024.0,BRN-OCC,anatomical_structure,4
IXI317,UNesT,0.2.7,BRN-OCCIPITAL-POLE,OCP---occipital-pole,LEFT,4241,4241.0,BRN-OCC,anatomical_structure,4
IXI317,UNesT,0.2.7,BRN-OCCIPITAL-FUSIFORM-GYRUS,OFuG--occipital-fusiform-gyrus,RIGHT,7138,7138.0,BRN-OCC,anatomical_structure,4
IXI317,UNesT,0.2.7,BRN-OCCIPITAL-FUSIFORM-GYRUS,OFuG--occipital-fusiform-gyrus,LEFT,6628,6628.0,BRN-OCC,anatomical_structure,4
IXI317,UNesT,0.2.7,BRN-OPIFG-OPERCULAR-PART-OF-THE-IFG,OpIFG-opercular-part-of-the-IFG,RIGHT,4917,4917.0,BRN-CER-COR,anatomical_structure,1
IXI317,UNesT,0.2.7,BRN-OPIFG-OPERCULAR-PART-OF-THE-IFG,OpIFG-opercular-part-of-the-IFG,LEFT,4740,4740.0,BRN-CER-COR,anatomical_structure,1
IXI317,UNesT,0.2.7,BRN-ORIFG-ORBITAL-PART-OF-THE-IFG,OrIFG-orbital-part-of-the-IFG,RIGHT,2440,2440.0,BRN-CER-COR,anatomical_structure,1
IXI317,UNesT,0.2.7,BRN-ORIFG-ORBITAL-PART-OF-THE-IFG,OrIFG-orbital-part-of-the-IFG,LEFT,2678,2678.0,BRN-CER-COR,anatomical_structure,1
IXI317,UNesT,0.2.7,BRN-POSTERIOR-CINGULATE-GYRUS,PCgG--posterior-cingulate-gyrus,RIGHT,6098,6098.0,BRN-LIM,anatomical_structure,4
IXI317,UNesT,0.2.7,BRN-POSTERIOR-CINGULATE-GYRUS,PCgG--posterior-cingulate-gyrus,LEFT,5848,5848.0,BRN-LIM,anatomical_structure,4
IXI317,UNesT,0.2.7,BRN-PCU,PCu---precuneus,RIGHT,13464,13464.0,BRN-PAR,cortical_structure,4
IXI317,UNesT,0.2.7,BRN-PCU,PCu---precuneus,LEFT,13833,13833.0,BRN-PAR,cortical_structure,4
IXI317,UNesT,0.2.7,BRN-PARAHIPPOCAMPAL-GYRUS,PHG---parahippocampal-gyrus,RIGHT,3385,3385.0,BRN-LIM,anatomical_structure,4
IXI317,UNesT,0.2.7,BRN-PARAHIPPOCAMPAL-GYRUS,PHG---parahippocampal-gyrus,LEFT,3696,3696.0,BRN-LIM,anatomical_structure,4
IXI317,UNesT,0.2.7,BRN-POSTERIOR-INSULA,PIns--posterior-insula,RIGHT,2875,2875.0,BRN-INS,anatomical_structure,4
IXI317,UNesT,0.2.7,BRN-POSTERIOR-INSULA,PIns--posterior-insula,LEFT,2741,2741.0,BRN-INS,anatomical_structure,4
IXI317,UNesT,0.2.7,BRN-PARIETAL-OPERCULUM,PO----parietal-operculum,RIGHT,2935,2935.0,BRN-PAR,anatomical_structure,4
IXI317,UNesT,0.2.7,BRN-PARIETAL-OPERCULUM,PO----parietal-operculum,LEFT,2922,2922.0,BRN-PAR,anatomical_structure,4
IXI317,UNesT,0.2.7,BRN-POG,MPoG--postcentral-gyrus,RIGHT,14781,14781.0,BRN-PAR,cortical_structure,4
IXI317,UNesT,0.2.7,BRN-POG,MPoG--postcentral-gyrus,LEFT,18901,18901.0,BRN-PAR,cortical_structure,4
IXI317,UNesT,0.2.7,BRN-POSTERIOR-ORBITAL-GYRUS,POrG--posterior-orbital-gyrus,RIGHT,4570,4570.0,BRN-FRO,anatomical_structure,4
IXI317,UNesT,0.2.7,BRN-POSTERIOR-ORBITAL-GYRUS,POrG--posterior-orbital-gyrus,LEFT,4649,4649.0,BRN-FRO,anatomical_structure,4
IXI317,UNesT,0.2.7,BRN-PLANUM-POLARE,PP----planum-polare,RIGHT,2554,2554.0,BRN-TEM,anatomical_structure,4
IXI317,UNesT,0.2.7,BRN-PLANUM-POLARE,PP----planum-polare,LEFT,2825,2825.0,BRN-TEM,anatomical_structure,4
IXI317,UNesT,0.2.7,BRN-PRG,MPrG--precentral-gyrus,RIGHT,20773,20773.0,BRN-FRO,cortical_structure,4
IXI317,UNesT,0.2.7,BRN-PRG,MPrG--precentral-gyrus,LEFT,22381,22381.0,BRN-FRO,cortical_structure,4
IXI317,UNesT,0.2.7,BRN-PLANUM-TEMPORALE,PT----planum-temporale,RIGHT,2315,2315.0,BRN-TEM,anatomical_structure,4
IXI317,UNesT,0.2.7,BRN-PLANUM-TEMPORALE,PT----planum-temporale,LEFT,2239,2239.0,BRN-TEM,anatomical_structure,4
IXI317,UNesT,0.2.7,BRN-SUBCALLOSAL-AREA,SCA---subcallosal-area,RIGHT,1477,1477.0,BRN-LIM,anatomical_structure,4
IXI317,UNesT,0.2.7,BRN-SUBCALLOSAL-AREA,SCA---subcallosal-area,LEFT,1538,1538.0,BRN-LIM,anatomical_structure,4
IXI317,UNesT,0.2.7,BRN-SUPPLEMENTARY-MOTOR-CORTEX,SMC---supplementary-motor-cortex,RIGHT,6640,6640.0,BRN-FRO,anatomical_structure,4
IXI317,UNesT,0.2.7,BRN-SUPPLEMENTARY-MOTOR-CORTEX,SMC---supplementary-motor-cortex,LEFT,8066,8066.0,BRN-FRO,anatomical_structure,4
IXI317,UNesT,0.2.7,BRN-SUPRAMARGINAL-GYRUS,SMG---supramarginal-gyrus,RIGHT,12076,12076.0,BRN-PAR,anatomical_structure,4
IXI317,UNesT,0.2.7,BRN-SUPRAMARGINAL-GYRUS,SMG---supramarginal-gyrus,LEFT,14053,14053.0,BRN-PAR,anatomical_structure,4
IXI317,UNesT,0.2.7,BRN-SUPERIOR-OCCIPITAL-GYRUS,SOG---superior-occipital-gyrus,RIGHT,5908,5908.0,BRN-OCC,anatomical_structure,4
IXI317,UNesT,0.2.7,BRN-SUPERIOR-OCCIPITAL-GYRUS,SOG---superior-occipital-gyrus,LEFT,4640,4640.0,BRN-OCC,anatomical_structure,4
IXI317,UNesT,0.2.7,BRN-SUPERIOR-PARIETAL-LOBULE,SPL---superior-parietal-lobule,RIGHT,15798,15798.0,BRN-CER-COR,anatomical_structure,1
IXI317,UNesT,0.2.7,BRN-SUPERIOR-PARIETAL-LOBULE,SPL---superior-parietal-lobule,LEFT,14938,14938.0,BRN-CER-COR,anatomical_structure,1
IXI317,UNesT,0.2.7,BRN-SUPERIOR-TEMPORAL-GYRUS,STG---superior-temporal-gyrus,RIGHT,9521,9521.0,BRN-TEM,anatomical_structure,4
IXI317,UNesT,0.2.7,BRN-SUPERIOR-TEMPORAL-GYRUS,STG---superior-temporal-gyrus,LEFT,9873,9873.0,BRN-TEM,anatomical_structure,4
IXI317,UNesT,0.2.7,BRN-TEMPORAL-POLE,TMP---temporal-pole,RIGHT,9021,9021.0,BRN-TEM,anatomical_structure,4
IXI317,UNesT,0.2.7,BRN-TEMPORAL-POLE,TMP---temporal-pole,LEFT,9779,9779.0,BRN-TEM,anatomical_structure,4
IXI317,UNesT,0.2.7,BRN-TRIFG-TRIANGULAR-PART-OF-THE-IFG,TrIFG-triangular-part-of-the-IFG,RIGHT,3654,3654.0,BRN-CER-COR,anatomical_structure,1
IXI317,UNesT,0.2.7,BRN-TRIFG-TRIANGULAR-PART-OF-THE-IFG,TrIFG-triangular-part-of-the-IFG,LEFT,3232,3232.0,BRN-CER-COR,anatomical_structure,1
IXI317,UNesT,0.2.7,BRN-TRANSVERSE-TEMPORAL-GYRUS,TTG---transverse-temporal-gyrus,RIGHT,2040,2040.0,BRN-TEM,anatomical_structure,4
IXI317,UNesT,0.2.7,BRN-TRANSVERSE-TEMPORAL-GYRUS,TTG---transverse-temporal-gyrus,LEFT,2130,2130.0,BRN-TEM,anatomical_structure,4
IXI331,UNesT,0.2.7,BRN-3RD-VENTRICLE,3rd-Ventricle,NONE,1669,1669.0,BRN-VEN,anatomical_structure,1
IXI331,UNesT,0.2.7,BRN-4TH-VENTRICLE,4th-Ventricle,NONE,2332,2332.0,BRN-VEN,anatomical_structure,1
IXI331,UNesT,0.2.7,BRN-ACC,Accumbens-Area,RIGHT,849,849.0,BRN-DGM,anatomical_structure,1
IXI331,UNesT,0.2.7,BRN-ACC,Accumbens-Area,LEFT,927,927.0,BRN-DGM,anatomical_structure,1
IXI331,UNesT,0.2.7,BRN-AMY,Amygdala,RIGHT,1383,1383.0,BRN-DGM,deep_gray_matter,1
IXI331,UNesT,0.2.7,BRN-AMY,Amygdala,LEFT,1358,1358.0,BRN-DGM,deep_gray_matter,1
IXI331,UNesT,0.2.7,BRN-BST,Brain-Stem,NONE,20754,20754.0,BRN-BST-GRP,brainstem,1
IXI331,UNesT,0.2.7,BRN-CAU,Caudate,RIGHT,3382,3382.0,BRN-DGM,deep_gray_matter,1
IXI331,UNesT,0.2.7,BRN-CAU,Caudate,LEFT,4238,4238.0,BRN-DGM,deep_gray_matter,1
IXI331,UNesT,0.2.7,BRN-CB-EXT,Cerebellum-Exterior,RIGHT,77164,77164.0,BRN-CBL,anatomical_structure,1
IXI331,UNesT,0.2.7,BRN-CB-EXT,Cerebellum-Exterior,LEFT,70422,70422.0,BRN-CBL,anatomical_structure,1
IXI331,UNesT,0.2.7,BRN-CB-WM,Cerebellum-White-Matter,RIGHT,6491,6491.0,BRN-CBL,anatomical_structure,1
IXI331,UNesT,0.2.7,BRN-CB-WM,Cerebellum-White-Matter,LEFT,6906,6906.0,BRN-CBL,anatomical_structure,1
IXI331,UNesT,0.2.7,BRN-CER-WM,Cerebral-White-Matter,RIGHT,277984,277984.0,BRN-WM,anatomical_structure,1
IXI331,UNesT,0.2.7,BRN-CER-WM,Cerebral-White-Matter,LEFT,283777,283777.0,BRN-WM,anatomical_structure,1
IXI331,UNesT,0.2.7,BRN-HIP,Hippocampus,RIGHT,6179,6179.0,BRN-LIM,deep_gray_matter,1
IXI331,UNesT,0.2.7,BRN-HIP,Hippocampus,LEFT,5918,5918.0,BRN-LIM,deep_gray_matter,1
IXI331,UNesT,0.2.7,BRN-INF-LAT-V,Inf-Lat-Vent,RIGHT,499,499.0,BRN-VEN,anatomical_structure,1
IXI331,UNesT,0.2.7,BRN-INF-LAT-V,Inf-Lat-Vent,LEFT,93,93.0,BRN-VEN,anatomical_structure,1
IXI331,UNesT,0.2.7,BRN-LAT-V,Lateral-Ventricle,RIGHT,6882,6882.0,BRN-VEN,anatomical_structure,1
IXI331,UNesT,0.2.7,BRN-LAT-V,Lateral-Ventricle,LEFT,9338,9338.0,BRN-VEN,anatomical_structure,1
IXI331,UNesT,0.2.7,BRN-PAL,Pallidum,RIGHT,2027,2027.0,BRN-DGM,deep_gray_matter,1
IXI331,UNesT,0.2.7,BRN-PAL,Pallidum,LEFT,2337,2337.0,BRN-DGM,deep_gray_matter,1
IXI331,UNesT,0.2.7,BRN-PUT,Putamen,RIGHT,4428,4428.0,BRN-DGM,deep_gray_matter,1
IXI331,UNesT,0.2.7,BRN-PUT,Putamen,LEFT,4810,4810.0,BRN-DGM,deep_gray_matter,1
IXI331,UNesT,0.2.7,BRN-THA,Thalamus-Proper,RIGHT,9726,9726.0,BRN-DGM,deep_gray_matter,1
IXI331,UNesT,0.2.7,BRN-THA,Thalamus-Proper,LEFT,10388,10388.0,BRN-DGM,deep_gray_matter,1
IXI331,UNesT,0.2.7,BRN-VDC,Ventral-DC,RIGHT,7842,7842.0,BRN-DGM,anatomical_structure,1
IXI331,UNesT,0.2.7,BRN-VDC,Ventral-DC,LEFT,8439,8439.0,BRN-DGM,anatomical_structure,1
IXI331,UNesT,0.2.7,BRN-CEREBELLAR-VERMAL-LOBULES-I-V,Cerebellar-Vermal-Lobules-I-V,NONE,8231,8231.0,BRN-CBL,anatomical_structure,1
IXI331,UNesT,0.2.7,BRN-CEREBELLAR-VERMAL-LOBULES-VI-VII,Cerebellar-Vermal-Lobules-VI-VII,NONE,3212,3212.0,BRN-CBL,anatomical_structure,1
IXI331,UNesT,0.2.7,BRN-CEREBELLAR-VERMAL-LOBULES-VIII-X,Cerebellar-Vermal-Lobules-VIII-X,NONE,4059,4059.0,BRN-CBL,anatomical_structure,1
IXI331,UNesT,0.2.7,BRN-BASAL-FOREBRAIN,Basal-Forebrain,LEFT,1021,1021.0,BRN-DGM,anatomical_structure,1
IXI331,UNesT,0.2.7,BRN-BASAL-FOREBRAIN,Basal-Forebrain,RIGHT,737,737.0,BRN-DGM,anatomical_structure,1
IXI331,UNesT,0.2.7,BRN-ANTERIOR-CINGULATE-GYRUS,ACgG--anterior-cingulate-gyrus,RIGHT,8550,8550.0,BRN-LIM,anatomical_structure,4
IXI331,UNesT,0.2.7,BRN-ANTERIOR-CINGULATE-GYRUS,ACgG--anterior-cingulate-gyrus,LEFT,9031,9031.0,BRN-LIM,anatomical_structure,4
IXI331,UNesT,0.2.7,BRN-ANTERIOR-INSULA,AIns--anterior-insula,RIGHT,4926,4926.0,BRN-INS,anatomical_structure,4
IXI331,UNesT,0.2.7,BRN-ANTERIOR-INSULA,AIns--anterior-insula,LEFT,6257,6257.0,BRN-INS,anatomical_structure,4
IXI331,UNesT,0.2.7,BRN-ANTERIOR-ORBITAL-GYRUS,AOrG--anterior-orbital-gyrus,RIGHT,4280,4280.0,BRN-FRO,anatomical_structure,4
IXI331,UNesT,0.2.7,BRN-ANTERIOR-ORBITAL-GYRUS,AOrG--anterior-orbital-gyrus,LEFT,3250,3250.0,BRN-FRO,anatomical_structure,4
IXI331,UNesT,0.2.7,BRN-ANGULAR-GYRUS,AnG---angular-gyrus,RIGHT,15656,15656.0,BRN-PAR,anatomical_structure,4
IXI331,UNesT,0.2.7,BRN-ANGULAR-GYRUS,AnG---angular-gyrus,LEFT,12528,12528.0,BRN-PAR,anatomical_structure,4
IXI331,UNesT,0.2.7,BRN-CALCARINE-CORTEX,Calc--calcarine-cortex,RIGHT,3813,3813.0,BRN-OCC,anatomical_structure,4
IXI331,UNesT,0.2.7,BRN-CALCARINE-CORTEX,Calc--calcarine-cortex,LEFT,3973,3973.0,BRN-OCC,anatomical_structure,4
IXI331,UNesT,0.2.7,BRN-CENTRAL-OPERCULUM,CO----central-operculum,RIGHT,6485,6485.0,BRN-CER-COR,anatomical_structure,3
IXI331,UNesT,0.2.7,BRN-CENTRAL-OPERCULUM,CO----central-operculum,LEFT,6583,6583.0,BRN-CER-COR,anatomical_structure,3
IXI331,UNesT,0.2.7,BRN-CUNEUS,Cun---cuneus,RIGHT,4857,4857.0,BRN-CER-COR,anatomical_structure,1
IXI331,UNesT,0.2.7,BRN-CUNEUS,Cun---cuneus,LEFT,3321,3321.0,BRN-CER-COR,anatomical_structure,1
IXI331,UNesT,0.2.7,BRN-ENTORHINAL-AREA,Ent---entorhinal-area,RIGHT,3311,3311.0,BRN-LIM,anatomical_structure,1
IXI331,UNesT,0.2.7,BRN-ENTORHINAL-AREA,Ent---entorhinal-area,LEFT,3309,3309.0,BRN-LIM,anatomical_structure,1
IXI331,UNesT,0.2.7,BRN-FRONTAL-OPERCULUM,FO----frontal-operculum,RIGHT,2846,2846.0,BRN-FRO,anatomical_structure,4
IXI331,UNesT,0.2.7,BRN-FRONTAL-OPERCULUM,FO----frontal-operculum,LEFT,3083,3083.0,BRN-FRO,anatomical_structure,4
IXI331,UNesT,0.2.7,BRN-FRONTAL-POLE,FRP---frontal-pole,RIGHT,6346,6346.0,BRN-FRO,anatomical_structure,4
IXI331,UNesT,0.2.7,BRN-FRONTAL-POLE,FRP---frontal-pole,LEFT,5795,5795.0,BRN-FRO,anatomical_structure,4
IXI331,UNesT,0.2.7,BRN-FUSIFORM-GYRUS,FuG---fusiform-gyrus,RIGHT,10068,10068.0,BRN-TEM,anatomical_structure,4
IXI331,UNesT,0.2.7,BRN-FUSIFORM-GYRUS,FuG---fusiform-gyrus,LEFT,8864,8864.0,BRN-TEM,anatomical_structure,4
IXI331,UNesT,0.2.7,BRN-GYRUS-RECTUS,GRe---gyrus-rectus,RIGHT,3166,3166.0,BRN-FRO,anatomical_structure,4
IXI331,UNesT,0.2.7,BRN-GYRUS-RECTUS,GRe---gyrus-rectus,LEFT,3416,3416.0,BRN-FRO,anatomical_structure,4
IXI331,UNesT,0.2.7,BRN-INFERIOR-OCCIPITAL-GYRUS,IOG---inferior-occipital-gyrus,RIGHT,8266,8266.0,BRN-OCC,anatomical_structure,4
IXI331,UNesT,0.2.7,BRN-INFERIOR-OCCIPITAL-GYRUS,IOG---inferior-occipital-gyrus,LEFT,7674,7674.0,BRN-OCC,anatomical_structure,4
IXI331,UNesT,0.2.7,BRN-INFERIOR-TEMPORAL-GYRUS,ITG---inferior-temporal-gyrus,RIGHT,16999,16999.0,BRN-TEM,anatomical_structure,4
IXI331,UNesT,0.2.7,BRN-INFERIOR-TEMPORAL-GYRUS,ITG---inferior-temporal-gyrus,LEFT,19301,19301.0,BRN-TEM,anatomical_structure,4
IXI331,UNesT,0.2.7,BRN-LINGUAL-GYRUS,LiG---lingual-gyrus,RIGHT,12196,12196.0,BRN-OCC,anatomical_structure,4
IXI331,UNesT,0.2.7,BRN-LINGUAL-GYRUS,LiG---lingual-gyrus,LEFT,10078,10078.0,BRN-OCC,anatomical_structure,4
IXI331,UNesT,0.2.7,BRN-LATERAL-ORBITAL-GYRUS,LOrG--lateral-orbital-gyrus,RIGHT,4851,4851.0,BRN-FRO,anatomical_structure,4
IXI331,UNesT,0.2.7,BRN-LATERAL-ORBITAL-GYRUS,LOrG--lateral-orbital-gyrus,LEFT,4835,4835.0,BRN-FRO,anatomical_structure,4
IXI331,UNesT,0.2.7,BRN-MIDDLE-CINGULATE-GYRUS,MCgG--middle-cingulate-gyrus,RIGHT,7450,7450.0,BRN-LIM,anatomical_structure,4
IXI331,UNesT,0.2.7,BRN-MIDDLE-CINGULATE-GYRUS,MCgG--middle-cingulate-gyrus,LEFT,6383,6383.0,BRN-LIM,anatomical_structure,4
IXI331,UNesT,0.2.7,BRN-MEDIAL-FRONTAL-CORTEX,MFC---medial-frontal-cortex,RIGHT,4980,4980.0,BRN-FRO,anatomical_structure,4
IXI331,UNesT,0.2.7,BRN-MEDIAL-FRONTAL-CORTEX,MFC---medial-frontal-cortex,LEFT,4129,4129.0,BRN-FRO,anatomical_structure,4
IXI331,UNesT,0.2.7,BRN-MIDDLE-FRONTAL-GYRUS,MFG---middle-frontal-gyrus,RIGHT,31415,31415.0,BRN-FRO,anatomical_structure,4
IXI331,UNesT,0.2.7,BRN-MIDDLE-FRONTAL-GYRUS,MFG---middle-frontal-gyrus,LEFT,31563,31563.0,BRN-FRO,anatomical_structure,4
IXI331,UNesT,0.2.7,BRN-MIDDLE-OCCIPITAL-GYRUS,MOG---middle-occipital-gyrus,RIGHT,7279,7279.0,BRN-OCC,anatomical_structure,4
IXI331,UNesT,0.2.7,BRN-MIDDLE-OCCIPITAL-GYRUS,MOG---middle-occipital-gyrus,LEFT,4956,4956.0,BRN-OCC,anatomical_structure,4
IXI331,UNesT,0.2.7,BRN-MEDIAL-ORBITAL-GYRUS,MOrG--medial-orbital-gyrus,RIGHT,5946,5946.0,BRN-FRO,anatomical_structure,4
IXI331,UNesT,0.2.7,BRN-MEDIAL-ORBITAL-GYRUS,MOrG--medial-orbital-gyrus,LEFT,6555,6555.0,BRN-FRO,anatomical_structure,4
IXI331,UNesT,0.2.7,BRN-POG-MED,"Postcentral Gyrus, Medial Segment",RIGHT,1792,1792.0,BRN-PAR,cortical_subregion,4
IXI331,UNesT,0.2.7,BRN-POG-MED,"Postcentral Gyrus, Medial Segment",LEFT,2146,2146.0,BRN-PAR,cortical_subregion,4
IXI331,UNesT,0.2.7,BRN-PRG-MED,"Precentral Gyrus, Medial Segment",RIGHT,4778,4778.0,BRN-FRO,cortical_subregion,4
IXI331,UNesT,0.2.7,BRN-PRG-MED,"Precentral Gyrus, Medial Segment",LEFT,3659,3659.0,BRN-FRO,cortical_subregion,4
IXI331,UNesT,0.2.7,BRN-SUPERIOR-FRONTAL-GYRUS,MSFG--superior-frontal-gyrus,RIGHT,41128,41128.0,BRN-FRO,anatomical_structure,4
IXI331,UNesT,0.2.7,BRN-SUPERIOR-FRONTAL-GYRUS,MSFG--superior-frontal-gyrus,LEFT,40210,40210.0,BRN-FRO,anatomical_structure,4
IXI331,UNesT,0.2.7,BRN-MIDDLE-TEMPORAL-GYRUS,MTG---middle-temporal-gyrus,RIGHT,24803,24803.0,BRN-TEM,anatomical_structure,4
IXI331,UNesT,0.2.7,BRN-MIDDLE-TEMPORAL-GYRUS,MTG---middle-temporal-gyrus,LEFT,20861,20861.0,BRN-TEM,anatomical_structure,4
IXI331,UNesT,0.2.7,BRN-OCCIPITAL-POLE,OCP---occipital-pole,RIGHT,4437,4437.0,BRN-OCC,anatomical_structure,4
IXI331,UNesT,0.2.7,BRN-OCCIPITAL-POLE,OCP---occipital-pole,LEFT,4520,4520.0,BRN-OCC,anatomical_structure,4
IXI331,UNesT,0.2.7,BRN-OCCIPITAL-FUSIFORM-GYRUS,OFuG--occipital-fusiform-gyrus,RIGHT,7196,7196.0,BRN-OCC,anatomical_structure,4
IXI331,UNesT,0.2.7,BRN-OCCIPITAL-FUSIFORM-GYRUS,OFuG--occipital-fusiform-gyrus,LEFT,4749,4749.0,BRN-OCC,anatomical_structure,4
IXI331,UNesT,0.2.7,BRN-OPIFG-OPERCULAR-PART-OF-THE-IFG,OpIFG-opercular-part-of-the-IFG,RIGHT,4375,4375.0,BRN-CER-COR,anatomical_structure,1
IXI331,UNesT,0.2.7,BRN-OPIFG-OPERCULAR-PART-OF-THE-IFG,OpIFG-opercular-part-of-the-IFG,LEFT,4496,4496.0,BRN-CER-COR,anatomical_structure,1
IXI331,UNesT,0.2.7,BRN-ORIFG-ORBITAL-PART-OF-THE-IFG,OrIFG-orbital-part-of-the-IFG,RIGHT,1589,1589.0,BRN-CER-COR,anatomical_structure,1
IXI331,UNesT,0.2.7,BRN-ORIFG-ORBITAL-PART-OF-THE-IFG,OrIFG-orbital-part-of-the-IFG,LEFT,2805,2805.0,BRN-CER-COR,anatomical_structure,1
IXI331,UNesT,0.2.7,BRN-POSTERIOR-CINGULATE-GYRUS,PCgG--posterior-cingulate-gyrus,RIGHT,5550,5550.0,BRN-LIM,anatomical_structure,4
IXI331,UNesT,0.2.7,BRN-POSTERIOR-CINGULATE-GYRUS,PCgG--posterior-cingulate-gyrus,LEFT,5646,5646.0,BRN-LIM,anatomical_structure,4
IXI331,UNesT,0.2.7,BRN-PCU,PCu---precuneus,RIGHT,12482,12482.0,BRN-PAR,cortical_structure,4
IXI331,UNesT,0.2.7,BRN-PCU,PCu---precuneus,LEFT,11328,11328.0,BRN-PAR,cortical_structure,4
IXI331,UNesT,0.2.7,BRN-PARAHIPPOCAMPAL-GYRUS,PHG---parahippocampal-gyrus,RIGHT,4757,4757.0,BRN-LIM,anatomical_structure,4
IXI331,UNesT,0.2.7,BRN-PARAHIPPOCAMPAL-GYRUS,PHG---parahippocampal-gyrus,LEFT,5155,5155.0,BRN-LIM,anatomical_structure,4
IXI331,UNesT,0.2.7,BRN-POSTERIOR-INSULA,PIns--posterior-insula,RIGHT,3627,3627.0,BRN-INS,anatomical_structure,4
IXI331,UNesT,0.2.7,BRN-POSTERIOR-INSULA,PIns--posterior-insula,LEFT,2811,2811.0,BRN-INS,anatomical_structure,4
IXI331,UNesT,0.2.7,BRN-PARIETAL-OPERCULUM,PO----parietal-operculum,RIGHT,3098,3098.0,BRN-PAR,anatomical_structure,4
IXI331,UNesT,0.2.7,BRN-PARIETAL-OPERCULUM,PO----parietal-operculum,LEFT,3927,3927.0,BRN-PAR,anatomical_structure,4
IXI331,UNesT,0.2.7,BRN-POG,MPoG--postcentral-gyrus,RIGHT,16524,16524.0,BRN-PAR,cortical_structure,4
IXI331,UNesT,0.2.7,BRN-POG,MPoG--postcentral-gyrus,LEFT,20279,20279.0,BRN-PAR,cortical_structure,4
IXI331,UNesT,0.2.7,BRN-POSTERIOR-ORBITAL-GYRUS,POrG--posterior-orbital-gyrus,RIGHT,3819,3819.0,BRN-FRO,anatomical_structure,4
IXI331,UNesT,0.2.7,BRN-POSTERIOR-ORBITAL-GYRUS,POrG--posterior-orbital-gyrus,LEFT,5434,5434.0,BRN-FRO,anatomical_structure,4
IXI331,UNesT,0.2.7,BRN-PLANUM-POLARE,PP----planum-polare,RIGHT,3727,3727.0,BRN-TEM,anatomical_structure,4
IXI331,UNesT,0.2.7,BRN-PLANUM-POLARE,PP----planum-polare,LEFT,3507,3507.0,BRN-TEM,anatomical_structure,4
IXI331,UNesT,0.2.7,BRN-PRG,MPrG--precentral-gyrus,RIGHT,18549,18549.0,BRN-FRO,cortical_structure,4
IXI331,UNesT,0.2.7,BRN-PRG,MPrG--precentral-gyrus,LEFT,18895,18895.0,BRN-FRO,cortical_structure,4
IXI331,UNesT,0.2.7,BRN-PLANUM-TEMPORALE,PT----planum-temporale,RIGHT,2691,2691.0,BRN-TEM,anatomical_structure,4
IXI331,UNesT,0.2.7,BRN-PLANUM-TEMPORALE,PT----planum-temporale,LEFT,2901,2901.0,BRN-TEM,anatomical_structure,4
IXI331,UNesT,0.2.7,BRN-SUBCALLOSAL-AREA,SCA---subcallosal-area,RIGHT,1535,1535.0,BRN-LIM,anatomical_structure,4
IXI331,UNesT,0.2.7,BRN-SUBCALLOSAL-AREA,SCA---subcallosal-area,LEFT,1800,1800.0,BRN-LIM,anatomical_structure,4
IXI331,UNesT,0.2.7,BRN-SUPPLEMENTARY-MOTOR-CORTEX,SMC---supplementary-motor-cortex,RIGHT,7217,7217.0,BRN-FRO,anatomical_structure,4
IXI331,UNesT,0.2.7,BRN-SUPPLEMENTARY-MOTOR-CORTEX,SMC---supplementary-motor-cortex,LEFT,8611,8611.0,BRN-FRO,anatomical_structure,4
IXI331,UNesT,0.2.7,BRN-SUPRAMARGINAL-GYRUS,SMG---supramarginal-gyrus,RIGHT,12286,12286.0,BRN-PAR,anatomical_structure,4
IXI331,UNesT,0.2.7,BRN-SUPRAMARGINAL-GYRUS,SMG---supramarginal-gyrus,LEFT,14577,14577.0,BRN-PAR,anatomical_structure,4
IXI331,UNesT,0.2.7,BRN-SUPERIOR-OCCIPITAL-GYRUS,SOG---superior-occipital-gyrus,RIGHT,4206,4206.0,BRN-OCC,anatomical_structure,4
IXI331,UNesT,0.2.7,BRN-SUPERIOR-OCCIPITAL-GYRUS,SOG---superior-occipital-gyrus,LEFT,3639,3639.0,BRN-OCC,anatomical_structure,4
IXI331,UNesT,0.2.7,BRN-SUPERIOR-PARIETAL-LOBULE,SPL---superior-parietal-lobule,RIGHT,15233,15233.0,BRN-CER-COR,anatomical_structure,1
IXI331,UNesT,0.2.7,BRN-SUPERIOR-PARIETAL-LOBULE,SPL---superior-parietal-lobule,LEFT,13473,13473.0,BRN-CER-COR,anatomical_structure,1
IXI331,UNesT,0.2.7,BRN-SUPERIOR-TEMPORAL-GYRUS,STG---superior-temporal-gyrus,RIGHT,11461,11461.0,BRN-TEM,anatomical_structure,4
IXI331,UNesT,0.2.7,BRN-SUPERIOR-TEMPORAL-GYRUS,STG---superior-temporal-gyrus,LEFT,9935,9935.0,BRN-TEM,anatomical_structure,4
IXI331,UNesT,0.2.7,BRN-TEMPORAL-POLE,TMP---temporal-pole,RIGHT,14160,14160.0,BRN-TEM,anatomical_structure,4
IXI331,UNesT,0.2.7,BRN-TEMPORAL-POLE,TMP---temporal-pole,LEFT,11733,11733.0,BRN-TEM,anatomical_structure,4
IXI331,UNesT,0.2.7,BRN-TRIFG-TRIANGULAR-PART-OF-THE-IFG,TrIFG-triangular-part-of-the-IFG,RIGHT,5198,5198.0,BRN-CER-COR,anatomical_structure,1
IXI331,UNesT,0.2.7,BRN-TRIFG-TRIANGULAR-PART-OF-THE-IFG,TrIFG-triangular-part-of-the-IFG,LEFT,5185,5185.0,BRN-CER-COR,anatomical_structure,1
IXI331,UNesT,0.2.7,BRN-TRANSVERSE-TEMPORAL-GYRUS,TTG---transverse-temporal-gyrus,RIGHT,1726,1726.0,BRN-TEM,anatomical_structure,4
IXI331,UNesT,0.2.7,BRN-TRANSVERSE-TEMPORAL-GYRUS,TTG---transverse-temporal-gyrus,LEFT,2554,2554.0,BRN-TEM,anatomical_structure,4
IXI318,UNesT,0.2.7,BRN-3RD-VENTRICLE,3rd-Ventricle,NONE,2903,2903.0,BRN-VEN,anatomical_structure,1
IXI318,UNesT,0.2.7,BRN-4TH-VENTRICLE,4th-Ventricle,NONE,1231,1231.0,BRN-VEN,anatomical_structure,1
IXI318,UNesT,0.2.7,BRN-ACC,Accumbens-Area,RIGHT,573,573.0,BRN-DGM,anatomical_structure,1
IXI318,UNesT,0.2.7,BRN-ACC,Accumbens-Area,LEFT,514,514.0,BRN-DGM,anatomical_structure,1
IXI318,UNesT,0.2.7,BRN-AMY,Amygdala,RIGHT,1615,1615.0,BRN-DGM,deep_gray_matter,1
IXI318,UNesT,0.2.7,BRN-AMY,Amygdala,LEFT,1285,1285.0,BRN-DGM,deep_gray_matter,1
IXI318,UNesT,0.2.7,BRN-BST,Brain-Stem,NONE,23539,23539.0,BRN-BST-GRP,brainstem,1
IXI318,UNesT,0.2.7,BRN-CAU,Caudate,RIGHT,3284,3284.0,BRN-DGM,deep_gray_matter,1
IXI318,UNesT,0.2.7,BRN-CAU,Caudate,LEFT,3034,3034.0,BRN-DGM,deep_gray_matter,1
IXI318,UNesT,0.2.7,BRN-CB-EXT,Cerebellum-Exterior,RIGHT,68017,68017.0,BRN-CBL,anatomical_structure,1
IXI318,UNesT,0.2.7,BRN-CB-EXT,Cerebellum-Exterior,LEFT,67013,67013.0,BRN-CBL,anatomical_structure,1
IXI318,UNesT,0.2.7,BRN-CB-WM,Cerebellum-White-Matter,RIGHT,16454,16454.0,BRN-CBL,anatomical_structure,1
IXI318,UNesT,0.2.7,BRN-CB-WM,Cerebellum-White-Matter,LEFT,15912,15912.0,BRN-CBL,anatomical_structure,1
IXI318,UNesT,0.2.7,BRN-CER-WM,Cerebral-White-Matter,RIGHT,275173,275173.0,BRN-WM,anatomical_structure,1
IXI318,UNesT,0.2.7,BRN-CER-WM,Cerebral-White-Matter,LEFT,256867,256867.0,BRN-WM,anatomical_structure,1
IXI318,UNesT,0.2.7,BRN-HIP,Hippocampus,RIGHT,5039,5039.0,BRN-LIM,deep_gray_matter,1
IXI318,UNesT,0.2.7,BRN-HIP,Hippocampus,LEFT,4409,4409.0,BRN-LIM,deep_gray_matter,1
IXI318,UNesT,0.2.7,BRN-INF-LAT-V,Inf-Lat-Vent,RIGHT,722,722.0,BRN-VEN,anatomical_structure,1
IXI318,UNesT,0.2.7,BRN-INF-LAT-V,Inf-Lat-Vent,LEFT,543,543.0,BRN-VEN,anatomical_structure,1
IXI318,UNesT,0.2.7,BRN-LAT-V,Lateral-Ventricle,RIGHT,15312,15312.0,BRN-VEN,anatomical_structure,1
IXI318,UNesT,0.2.7,BRN-LAT-V,Lateral-Ventricle,LEFT,20014,20014.0,BRN-VEN,anatomical_structure,1
IXI318,UNesT,0.2.7,BRN-PAL,Pallidum,RIGHT,1920,1920.0,BRN-DGM,deep_gray_matter,1
IXI318,UNesT,0.2.7,BRN-PAL,Pallidum,LEFT,1905,1905.0,BRN-DGM,deep_gray_matter,1
IXI318,UNesT,0.2.7,BRN-PUT,Putamen,RIGHT,4739,4739.0,BRN-DGM,deep_gray_matter,1
IXI318,UNesT,0.2.7,BRN-PUT,Putamen,LEFT,4681,4681.0,BRN-DGM,deep_gray_matter,1
IXI318,UNesT,0.2.7,BRN-THA,Thalamus-Proper,RIGHT,8043,8043.0,BRN-DGM,deep_gray_matter,1
IXI318,UNesT,0.2.7,BRN-THA,Thalamus-Proper,LEFT,8331,8331.0,BRN-DGM,deep_gray_matter,1
IXI318,UNesT,0.2.7,BRN-VDC,Ventral-DC,RIGHT,5825,5825.0,BRN-DGM,anatomical_structure,1
IXI318,UNesT,0.2.7,BRN-VDC,Ventral-DC,LEFT,5841,5841.0,BRN-DGM,anatomical_structure,1
IXI318,UNesT,0.2.7,BRN-CEREBELLAR-VERMAL-LOBULES-I-V,Cerebellar-Vermal-Lobules-I-V,NONE,7178,7178.0,BRN-CBL,anatomical_structure,1
IXI318,UNesT,0.2.7,BRN-CEREBELLAR-VERMAL-LOBULES-VI-VII,Cerebellar-Vermal-Lobules-VI-VII,NONE,3778,3778.0,BRN-CBL,anatomical_structure,1
IXI318,UNesT,0.2.7,BRN-CEREBELLAR-VERMAL-LOBULES-VIII-X,Cerebellar-Vermal-Lobules-VIII-X,NONE,4013,4013.0,BRN-CBL,anatomical_structure,1
IXI318,UNesT,0.2.7,BRN-BASAL-FOREBRAIN,Basal-Forebrain,LEFT,717,717.0,BRN-DGM,anatomical_structure,1
IXI318,UNesT,0.2.7,BRN-BASAL-FOREBRAIN,Basal-Forebrain,RIGHT,649,649.0,BRN-DGM,anatomical_structure,1
IXI318,UNesT,0.2.7,BRN-ANTERIOR-CINGULATE-GYRUS,ACgG--anterior-cingulate-gyrus,RIGHT,7915,7915.0,BRN-LIM,anatomical_structure,4
IXI318,UNesT,0.2.7,BRN-ANTERIOR-CINGULATE-GYRUS,ACgG--anterior-cingulate-gyrus,LEFT,9649,9649.0,BRN-LIM,anatomical_structure,4
IXI318,UNesT,0.2.7,BRN-ANTERIOR-INSULA,AIns--anterior-insula,RIGHT,5432,5432.0,BRN-INS,anatomical_structure,4
IXI318,UNesT,0.2.7,BRN-ANTERIOR-INSULA,AIns--anterior-insula,LEFT,5551,5551.0,BRN-INS,anatomical_structure,4
IXI318,UNesT,0.2.7,BRN-ANTERIOR-ORBITAL-GYRUS,AOrG--anterior-orbital-gyrus,RIGHT,2635,2635.0,BRN-FRO,anatomical_structure,4
IXI318,UNesT,0.2.7,BRN-ANTERIOR-ORBITAL-GYRUS,AOrG--anterior-orbital-gyrus,LEFT,2458,2458.0,BRN-FRO,anatomical_structure,4
IXI318,UNesT,0.2.7,BRN-ANGULAR-GYRUS,AnG---angular-gyrus,RIGHT,16728,16728.0,BRN-PAR,anatomical_structure,4
IXI318,UNesT,0.2.7,BRN-ANGULAR-GYRUS,AnG---angular-gyrus,LEFT,18659,18659.0,BRN-PAR,anatomical_structure,4
IXI318,UNesT,0.2.7,BRN-CALCARINE-CORTEX,Calc--calcarine-cortex,RIGHT,4075,4075.0,BRN-OCC,anatomical_structure,4
IXI318,UNesT,0.2.7,BRN-CALCARINE-CORTEX,Calc--calcarine-cortex,LEFT,4124,4124.0,BRN-OCC,anatomical_structure,4
IXI318,UNesT,0.2.7,BRN-CENTRAL-OPERCULUM,CO----central-operculum,RIGHT,7046,7046.0,BRN-CER-COR,anatomical_structure,3
IXI318,UNesT,0.2.7,BRN-CENTRAL-OPERCULUM,CO----central-operculum,LEFT,6346,6346.0,BRN-CER-COR,anatomical_structure,3
IXI318,UNesT,0.2.7,BRN-CUNEUS,Cun---cuneus,RIGHT,7156,7156.0,BRN-CER-COR,anatomical_structure,1
IXI318,UNesT,0.2.7,BRN-CUNEUS,Cun---cuneus,LEFT,5944,5944.0,BRN-CER-COR,anatomical_structure,1
IXI318,UNesT,0.2.7,BRN-ENTORHINAL-AREA,Ent---entorhinal-area,RIGHT,2885,2885.0,BRN-LIM,anatomical_structure,1
IXI318,UNesT,0.2.7,BRN-ENTORHINAL-AREA,Ent---entorhinal-area,LEFT,2426,2426.0,BRN-LIM,anatomical_structure,1
IXI318,UNesT,0.2.7,BRN-FRONTAL-OPERCULUM,FO----frontal-operculum,RIGHT,2285,2285.0,BRN-FRO,anatomical_structure,4
IXI318,UNesT,0.2.7,BRN-FRONTAL-OPERCULUM,FO----frontal-operculum,LEFT,3277,3277.0,BRN-FRO,anatomical_structure,4
IXI318,UNesT,0.2.7,BRN-FRONTAL-POLE,FRP---frontal-pole,RIGHT,4675,4675.0,BRN-FRO,anatomical_structure,4
IXI318,UNesT,0.2.7,BRN-FRONTAL-POLE,FRP---frontal-pole,LEFT,3963,3963.0,BRN-FRO,anatomical_structure,4
IXI318,UNesT,0.2.7,BRN-FUSIFORM-GYRUS,FuG---fusiform-gyrus,RIGHT,10839,10839.0,BRN-TEM,anatomical_structure,4
IXI318,UNesT,0.2.7,BRN-FUSIFORM-GYRUS,FuG---fusiform-gyrus,LEFT,10589,10589.0,BRN-TEM,anatomical_structure,4
IXI318,UNesT,0.2.7,BRN-GYRUS-RECTUS,GRe---gyrus-rectus,RIGHT,2713,2713.0,BRN-FRO,anatomical_structure,4
IXI318,UNesT,0.2.7,BRN-GYRUS-RECTUS,GRe---gyrus-rectus,LEFT,2554,2554.0,BRN-FRO,anatomical_structure,4
IXI318,UNesT,0.2.7,BRN-INFERIOR-OCCIPITAL-GYRUS,IOG---inferior-occipital-gyrus,RIGHT,9315,9315.0,BRN-OCC,anatomical_structure,4
IXI318,UNesT,0.2.7,BRN-INFERIOR-OCCIPITAL-GYRUS,IOG---inferior-occipital-gyrus,LEFT,11083,11083.0,BRN-OCC,anatomical_structure,4
IXI318,UNesT,0.2.7,BRN-INFERIOR-TEMPORAL-GYRUS,ITG---inferior-temporal-gyrus,RIGHT,16158,16158.0,BRN-TEM,anatomical_structure,4
IXI318,UNesT,0.2.7,BRN-INFERIOR-TEMPORAL-GYRUS,ITG---inferior-temporal-gyrus,LEFT,17008,17008.0,BRN-TEM,anatomical_structure,4
IXI318,UNesT,0.2.7,BRN-LINGUAL-GYRUS,LiG---lingual-gyrus,RIGHT,12357,12357.0,BRN-OCC,anatomical_structure,4
IXI318,UNesT,0.2.7,BRN-LINGUAL-GYRUS,LiG---lingual-gyrus,LEFT,13576,13576.0,BRN-OCC,anatomical_structure,4
IXI318,UNesT,0.2.7,BRN-LATERAL-ORBITAL-GYRUS,LOrG--lateral-orbital-gyrus,RIGHT,3538,3538.0,BRN-FRO,anatomical_structure,4
IXI318,UNesT,0.2.7,BRN-LATERAL-ORBITAL-GYRUS,LOrG--lateral-orbital-gyrus,LEFT,2640,2640.0,BRN-FRO,anatomical_structure,4
IXI318,UNesT,0.2.7,BRN-MIDDLE-CINGULATE-GYRUS,MCgG--middle-cingulate-gyrus,RIGHT,7919,7919.0,BRN-LIM,anatomical_structure,4
IXI318,UNesT,0.2.7,BRN-MIDDLE-CINGULATE-GYRUS,MCgG--middle-cingulate-gyrus,LEFT,7276,7276.0,BRN-LIM,anatomical_structure,4
IXI318,UNesT,0.2.7,BRN-MEDIAL-FRONTAL-CORTEX,MFC---medial-frontal-cortex,RIGHT,2912,2912.0,BRN-FRO,anatomical_structure,4
IXI318,UNesT,0.2.7,BRN-MEDIAL-FRONTAL-CORTEX,MFC---medial-frontal-cortex,LEFT,2590,2590.0,BRN-FRO,anatomical_structure,4
IXI318,UNesT,0.2.7,BRN-MIDDLE-FRONTAL-GYRUS,MFG---middle-frontal-gyrus,RIGHT,34300,34300.0,BRN-FRO,anatomical_structure,4
IXI318,UNesT,0.2.7,BRN-MIDDLE-FRONTAL-GYRUS,MFG---middle-frontal-gyrus,LEFT,33531,33531.0,BRN-FRO,anatomical_structure,4
IXI318,UNesT,0.2.7,BRN-MIDDLE-OCCIPITAL-GYRUS,MOG---middle-occipital-gyrus,RIGHT,8529,8529.0,BRN-OCC,anatomical_structure,4
IXI318,UNesT,0.2.7,BRN-MIDDLE-OCCIPITAL-GYRUS,MOG---middle-occipital-gyrus,LEFT,7886,7886.0,BRN-OCC,anatomical_structure,4
IXI318,UNesT,0.2.7,BRN-MEDIAL-ORBITAL-GYRUS,MOrG--medial-orbital-gyrus,RIGHT,5648,5648.0,BRN-FRO,anatomical_structure,4
IXI318,UNesT,0.2.7,BRN-MEDIAL-ORBITAL-GYRUS,MOrG--medial-orbital-gyrus,LEFT,6302,6302.0,BRN-FRO,anatomical_structure,4
IXI318,UNesT,0.2.7,BRN-POG-MED,"Postcentral Gyrus, Medial Segment",RIGHT,2254,2254.0,BRN-PAR,cortical_subregion,4
IXI318,UNesT,0.2.7,BRN-POG-MED,"Postcentral Gyrus, Medial Segment",LEFT,689,689.0,BRN-PAR,cortical_subregion,4
IXI318,UNesT,0.2.7,BRN-PRG-MED,"Precentral Gyrus, Medial Segment",RIGHT,3267,3267.0,BRN-FRO,cortical_subregion,4
IXI318,UNesT,0.2.7,BRN-PRG-MED,"Precentral Gyrus, Medial Segment",LEFT,3867,3867.0,BRN-FRO,cortical_subregion,4
IXI318,UNesT,0.2.7,BRN-SUPERIOR-FRONTAL-GYRUS,MSFG--superior-frontal-gyrus,RIGHT,29005,29005.0,BRN-FRO,anatomical_structure,4
IXI318,UNesT,0.2.7,BRN-SUPERIOR-FRONTAL-GYRUS,MSFG--superior-frontal-gyrus,LEFT,27328,27328.0,BRN-FRO,anatomical_structure,4
IXI318,UNesT,0.2.7,BRN-MIDDLE-TEMPORAL-GYRUS,MTG---middle-temporal-gyrus,RIGHT,20974,20974.0,BRN-TEM,anatomical_structure,4
IXI318,UNesT,0.2.7,BRN-MIDDLE-TEMPORAL-GYRUS,MTG---middle-temporal-gyrus,LEFT,19929,19929.0,BRN-TEM,anatomical_structure,4
IXI318,UNesT,0.2.7,BRN-OCCIPITAL-POLE,OCP---occipital-pole,RIGHT,4015,4015.0,BRN-OCC,anatomical_structure,4
IXI318,UNesT,0.2.7,BRN-OCCIPITAL-POLE,OCP---occipital-pole,LEFT,4091,4091.0,BRN-OCC,anatomical_structure,4
IXI318,UNesT,0.2.7,BRN-OCCIPITAL-FUSIFORM-GYRUS,OFuG--occipital-fusiform-gyrus,RIGHT,7819,7819.0,BRN-OCC,anatomical_structure,4
IXI318,UNesT,0.2.7,BRN-OCCIPITAL-FUSIFORM-GYRUS,OFuG--occipital-fusiform-gyrus,LEFT,7175,7175.0,BRN-OCC,anatomical_structure,4
IXI318,UNesT,0.2.7,BRN-OPIFG-OPERCULAR-PART-OF-THE-IFG,OpIFG-opercular-part-of-the-IFG,RIGHT,4674,4674.0,BRN-CER-COR,anatomical_structure,1
IXI318,UNesT,0.2.7,BRN-OPIFG-OPERCULAR-PART-OF-THE-IFG,OpIFG-opercular-part-of-the-IFG,LEFT,5164,5164.0,BRN-CER-COR,anatomical_structure,1
IXI318,UNesT,0.2.7,BRN-ORIFG-ORBITAL-PART-OF-THE-IFG,OrIFG-orbital-part-of-the-IFG,RIGHT,2445,2445.0,BRN-CER-COR,anatomical_structure,1
IXI318,UNesT,0.2.7,BRN-ORIFG-ORBITAL-PART-OF-THE-IFG,OrIFG-orbital-part-of-the-IFG,LEFT,2499,2499.0,BRN-CER-COR,anatomical_structure,1
IXI318,UNesT,0.2.7,BRN-POSTERIOR-CINGULATE-GYRUS,PCgG--posterior-cingulate-gyrus,RIGHT,6566,6566.0,BRN-LIM,anatomical_structure,4
IXI318,UNesT,0.2.7,BRN-POSTERIOR-CINGULATE-GYRUS,PCgG--posterior-cingulate-gyrus,LEFT,5781,5781.0,BRN-LIM,anatomical_structure,4
IXI318,UNesT,0.2.7,BRN-PCU,PCu---precuneus,RIGHT,13123,13123.0,BRN-PAR,cortical_structure,4
IXI318,UNesT,0.2.7,BRN-PCU,PCu---precuneus,LEFT,16205,16205.0,BRN-PAR,cortical_structure,4
IXI318,UNesT,0.2.7,BRN-PARAHIPPOCAMPAL-GYRUS,PHG---parahippocampal-gyrus,RIGHT,3503,3503.0,BRN-LIM,anatomical_structure,4
IXI318,UNesT,0.2.7,BRN-PARAHIPPOCAMPAL-GYRUS,PHG---parahippocampal-gyrus,LEFT,3965,3965.0,BRN-LIM,anatomical_structure,4
IXI318,UNesT,0.2.7,BRN-POSTERIOR-INSULA,PIns--posterior-insula,RIGHT,3541,3541.0,BRN-INS,anatomical_structure,4
IXI318,UNesT,0.2.7,BRN-POSTERIOR-INSULA,PIns--posterior-insula,LEFT,3612,3612.0,BRN-INS,anatomical_structure,4
IXI318,UNesT,0.2.7,BRN-PARIETAL-OPERCULUM,PO----parietal-operculum,RIGHT,3542,3542.0,BRN-PAR,anatomical_structure,4
IXI318,UNesT,0.2.7,BRN-PARIETAL-OPERCULUM,PO----parietal-operculum,LEFT,4311,4311.0,BRN-PAR,anatomical_structure,4
IXI318,UNesT,0.2.7,BRN-POG,MPoG--postcentral-gyrus,RIGHT,17842,17842.0,BRN-PAR,cortical_structure,4
IXI318,UNesT,0.2.7,BRN-POG,MPoG--postcentral-gyrus,LEFT,17773,17773.0,BRN-PAR,cortical_structure,4
IXI318,UNesT,0.2.7,BRN-POSTERIOR-ORBITAL-GYRUS,POrG--posterior-orbital-gyrus,RIGHT,3807,3807.0,BRN-FRO,anatomical_structure,4
IXI318,UNesT,0.2.7,BRN-POSTERIOR-ORBITAL-GYRUS,POrG--posterior-orbital-gyrus,LEFT,4655,4655.0,BRN-FRO,anatomical_structure,4
IXI318,UNesT,0.2.7,BRN-PLANUM-POLARE,PP----planum-polare,RIGHT,3014,3014.0,BRN-TEM,anatomical_structure,4
IXI318,UNesT,0.2.7,BRN-PLANUM-POLARE,PP----planum-polare,LEFT,3232,3232.0,BRN-TEM,anatomical_structure,4
IXI318,UNesT,0.2.7,BRN-PRG,MPrG--precentral-gyrus,RIGHT,22339,22339.0,BRN-FRO,cortical_structure,4
IXI318,UNesT,0.2.7,BRN-PRG,MPrG--precentral-gyrus,LEFT,23821,23821.0,BRN-FRO,cortical_structure,4
IXI318,UNesT,0.2.7,BRN-PLANUM-TEMPORALE,PT----planum-temporale,RIGHT,2191,2191.0,BRN-TEM,anatomical_structure,4
IXI318,UNesT,0.2.7,BRN-PLANUM-TEMPORALE,PT----planum-temporale,LEFT,2586,2586.0,BRN-TEM,anatomical_structure,4
IXI318,UNesT,0.2.7,BRN-SUBCALLOSAL-AREA,SCA---subcallosal-area,RIGHT,2023,2023.0,BRN-LIM,anatomical_structure,4
IXI318,UNesT,0.2.7,BRN-SUBCALLOSAL-AREA,SCA---subcallosal-area,LEFT,2133,2133.0,BRN-LIM,anatomical_structure,4
IXI318,UNesT,0.2.7,BRN-SUPPLEMENTARY-MOTOR-CORTEX,SMC---supplementary-motor-cortex,RIGHT,7740,7740.0,BRN-FRO,anatomical_structure,4
IXI318,UNesT,0.2.7,BRN-SUPPLEMENTARY-MOTOR-CORTEX,SMC---supplementary-motor-cortex,LEFT,9086,9086.0,BRN-FRO,anatomical_structure,4
IXI318,UNesT,0.2.7,BRN-SUPRAMARGINAL-GYRUS,SMG---supramarginal-gyrus,RIGHT,12452,12452.0,BRN-PAR,anatomical_structure,4
IXI318,UNesT,0.2.7,BRN-SUPRAMARGINAL-GYRUS,SMG---supramarginal-gyrus,LEFT,15322,15322.0,BRN-PAR,anatomical_structure,4
IXI318,UNesT,0.2.7,BRN-SUPERIOR-OCCIPITAL-GYRUS,SOG---superior-occipital-gyrus,RIGHT,5318,5318.0,BRN-OCC,anatomical_structure,4
IXI318,UNesT,0.2.7,BRN-SUPERIOR-OCCIPITAL-GYRUS,SOG---superior-occipital-gyrus,LEFT,4926,4926.0,BRN-OCC,anatomical_structure,4
IXI318,UNesT,0.2.7,BRN-SUPERIOR-PARIETAL-LOBULE,SPL---superior-parietal-lobule,RIGHT,14089,14089.0,BRN-CER-COR,anatomical_structure,1
IXI318,UNesT,0.2.7,BRN-SUPERIOR-PARIETAL-LOBULE,SPL---superior-parietal-lobule,LEFT,16077,16077.0,BRN-CER-COR,anatomical_structure,1
IXI318,UNesT,0.2.7,BRN-SUPERIOR-TEMPORAL-GYRUS,STG---superior-temporal-gyrus,RIGHT,9544,9544.0,BRN-TEM,anatomical_structure,4
IXI318,UNesT,0.2.7,BRN-SUPERIOR-TEMPORAL-GYRUS,STG---superior-temporal-gyrus,LEFT,10182,10182.0,BRN-TEM,anatomical_structure,4
IXI318,UNesT,0.2.7,BRN-TEMPORAL-POLE,TMP---temporal-pole,RIGHT,10243,10243.0,BRN-TEM,anatomical_structure,4
IXI318,UNesT,0.2.7,BRN-TEMPORAL-POLE,TMP---temporal-pole,LEFT,9607,9607.0,BRN-TEM,anatomical_structure,4
IXI318,UNesT,0.2.7,BRN-TRIFG-TRIANGULAR-PART-OF-THE-IFG,TrIFG-triangular-part-of-the-IFG,RIGHT,4237,4237.0,BRN-CER-COR,anatomical_structure,1
IXI318,UNesT,0.2.7,BRN-TRIFG-TRIANGULAR-PART-OF-THE-IFG,TrIFG-triangular-part-of-the-IFG,LEFT,5526,5526.0,BRN-CER-COR,anatomical_structure,1
IXI318,UNesT,0.2.7,BRN-TRANSVERSE-TEMPORAL-GYRUS,TTG---transverse-temporal-gyrus,RIGHT,2851,2851.0,BRN-TEM,anatomical_structure,4
IXI318,UNesT,0.2.7,BRN-TRANSVERSE-TEMPORAL-GYRUS,TTG---transverse-temporal-gyrus,LEFT,3837,3837.0,BRN-TEM,anatomical_structure,4
IXI337,UNesT,0.2.7,BRN-3RD-VENTRICLE,3rd-Ventricle,NONE,960,960.0,BRN-VEN,anatomical_structure,1
IXI337,UNesT,0.2.7,BRN-4TH-VENTRICLE,4th-Ventricle,NONE,1413,1413.0,BRN-VEN,anatomical_structure,1
IXI337,UNesT,0.2.7,BRN-ACC,Accumbens-Area,RIGHT,699,699.0,BRN-DGM,anatomical_structure,1
IXI337,UNesT,0.2.7,BRN-ACC,Accumbens-Area,LEFT,937,937.0,BRN-DGM,anatomical_structure,1
IXI337,UNesT,0.2.7,BRN-AMY,Amygdala,RIGHT,1099,1099.0,BRN-DGM,deep_gray_matter,1
IXI337,UNesT,0.2.7,BRN-AMY,Amygdala,LEFT,1394,1394.0,BRN-DGM,deep_gray_matter,1
IXI337,UNesT,0.2.7,BRN-BST,Brain-Stem,NONE,19348,19348.0,BRN-BST-GRP,brainstem,1
IXI337,UNesT,0.2.7,BRN-CAU,Caudate,RIGHT,3269,3269.0,BRN-DGM,deep_gray_matter,1
IXI337,UNesT,0.2.7,BRN-CAU,Caudate,LEFT,4081,4081.0,BRN-DGM,deep_gray_matter,1
IXI337,UNesT,0.2.7,BRN-CB-EXT,Cerebellum-Exterior,RIGHT,71977,71977.0,BRN-CBL,anatomical_structure,1
IXI337,UNesT,0.2.7,BRN-CB-EXT,Cerebellum-Exterior,LEFT,70687,70687.0,BRN-CBL,anatomical_structure,1
IXI337,UNesT,0.2.7,BRN-CB-WM,Cerebellum-White-Matter,RIGHT,1951,1951.0,BRN-CBL,anatomical_structure,1
IXI337,UNesT,0.2.7,BRN-CB-WM,Cerebellum-White-Matter,LEFT,9447,9447.0,BRN-CBL,anatomical_structure,1
IXI337,UNesT,0.2.7,BRN-CER-WM,Cerebral-White-Matter,RIGHT,291175,291175.0,BRN-WM,anatomical_structure,1
IXI337,UNesT,0.2.7,BRN-CER-WM,Cerebral-White-Matter,LEFT,338890,338890.0,BRN-WM,anatomical_structure,1
IXI337,UNesT,0.2.7,BRN-HIP,Hippocampus,RIGHT,5992,5992.0,BRN-LIM,deep_gray_matter,1
IXI337,UNesT,0.2.7,BRN-HIP,Hippocampus,LEFT,5035,5035.0,BRN-LIM,deep_gray_matter,1
IXI337,UNesT,0.2.7,BRN-INF-LAT-V,Inf-Lat-Vent,RIGHT,1149,1149.0,BRN-VEN,anatomical_structure,1
IXI337,UNesT,0.2.7,BRN-INF-LAT-V,Inf-Lat-Vent,LEFT,292,292.0,BRN-VEN,anatomical_structure,1
IXI337,UNesT,0.2.7,BRN-LAT-V,Lateral-Ventricle,RIGHT,2695,2695.0,BRN-VEN,anatomical_structure,1
IXI337,UNesT,0.2.7,BRN-LAT-V,Lateral-Ventricle,LEFT,5305,5305.0,BRN-VEN,anatomical_structure,1
IXI337,UNesT,0.2.7,BRN-PAL,Pallidum,RIGHT,1477,1477.0,BRN-DGM,deep_gray_matter,1
IXI337,UNesT,0.2.7,BRN-PAL,Pallidum,LEFT,2224,2224.0,BRN-DGM,deep_gray_matter,1
IXI337,UNesT,0.2.7,BRN-PUT,Putamen,RIGHT,3923,3923.0,BRN-DGM,deep_gray_matter,1
IXI337,UNesT,0.2.7,BRN-PUT,Putamen,LEFT,3167,3167.0,BRN-DGM,deep_gray_matter,1
IXI337,UNesT,0.2.7,BRN-THA,Thalamus-Proper,RIGHT,10433,10433.0,BRN-DGM,deep_gray_matter,1
IXI337,UNesT,0.2.7,BRN-THA,Thalamus-Proper,LEFT,11087,11087.0,BRN-DGM,deep_gray_matter,1
IXI337,UNesT,0.2.7,BRN-VDC,Ventral-DC,RIGHT,7054,7054.0,BRN-DGM,anatomical_structure,1
IXI337,UNesT,0.2.7,BRN-VDC,Ventral-DC,LEFT,8397,8397.0,BRN-DGM,anatomical_structure,1
IXI337,UNesT,0.2.7,BRN-CEREBELLAR-VERMAL-LOBULES-I-V,Cerebellar-Vermal-Lobules-I-V,NONE,7520,7520.0,BRN-CBL,anatomical_structure,1
IXI337,UNesT,0.2.7,BRN-CEREBELLAR-VERMAL-LOBULES-VI-VII,Cerebellar-Vermal-Lobules-VI-VII,NONE,3562,3562.0,BRN-CBL,anatomical_structure,1
IXI337,UNesT,0.2.7,BRN-CEREBELLAR-VERMAL-LOBULES-VIII-X,Cerebellar-Vermal-Lobules-VIII-X,NONE,3645,3645.0,BRN-CBL,anatomical_structure,1
IXI337,UNesT,0.2.7,BRN-BASAL-FOREBRAIN,Basal-Forebrain,LEFT,905,905.0,BRN-DGM,anatomical_structure,1
IXI337,UNesT,0.2.7,BRN-BASAL-FOREBRAIN,Basal-Forebrain,RIGHT,773,773.0,BRN-DGM,anatomical_structure,1
IXI337,UNesT,0.2.7,BRN-ANTERIOR-CINGULATE-GYRUS,ACgG--anterior-cingulate-gyrus,RIGHT,8078,8078.0,BRN-LIM,anatomical_structure,4
IXI337,UNesT,0.2.7,BRN-ANTERIOR-CINGULATE-GYRUS,ACgG--anterior-cingulate-gyrus,LEFT,8281,8281.0,BRN-LIM,anatomical_structure,4
IXI337,UNesT,0.2.7,BRN-ANTERIOR-INSULA,AIns--anterior-insula,RIGHT,5078,5078.0,BRN-INS,anatomical_structure,4
IXI337,UNesT,0.2.7,BRN-ANTERIOR-INSULA,AIns--anterior-insula,LEFT,5360,5360.0,BRN-INS,anatomical_structure,4
IXI337,UNesT,0.2.7,BRN-ANTERIOR-ORBITAL-GYRUS,AOrG--anterior-orbital-gyrus,RIGHT,3428,3428.0,BRN-FRO,anatomical_structure,4
IXI337,UNesT,0.2.7,BRN-ANTERIOR-ORBITAL-GYRUS,AOrG--anterior-orbital-gyrus,LEFT,2979,2979.0,BRN-FRO,anatomical_structure,4
IXI337,UNesT,0.2.7,BRN-ANGULAR-GYRUS,AnG---angular-gyrus,RIGHT,17808,17808.0,BRN-PAR,anatomical_structure,4
IXI337,UNesT,0.2.7,BRN-ANGULAR-GYRUS,AnG---angular-gyrus,LEFT,9959,9959.0,BRN-PAR,anatomical_structure,4
IXI337,UNesT,0.2.7,BRN-CALCARINE-CORTEX,Calc--calcarine-cortex,RIGHT,4060,4060.0,BRN-OCC,anatomical_structure,4
IXI337,UNesT,0.2.7,BRN-CALCARINE-CORTEX,Calc--calcarine-cortex,LEFT,3603,3603.0,BRN-OCC,anatomical_structure,4
IXI337,UNesT,0.2.7,BRN-CENTRAL-OPERCULUM,CO----central-operculum,RIGHT,7083,7083.0,BRN-CER-COR,anatomical_structure,3
IXI337,UNesT,0.2.7,BRN-CENTRAL-OPERCULUM,CO----central-operculum,LEFT,7120,7120.0,BRN-CER-COR,anatomical_structure,3
IXI337,UNesT,0.2.7,BRN-CUNEUS,Cun---cuneus,RIGHT,3760,3760.0,BRN-CER-COR,anatomical_structure,1
IXI337,UNesT,0.2.7,BRN-CUNEUS,Cun---cuneus,LEFT,1763,1763.0,BRN-CER-COR,anatomical_structure,1
IXI337,UNesT,0.2.7,BRN-ENTORHINAL-AREA,Ent---entorhinal-area,RIGHT,2764,2764.0,BRN-LIM,anatomical_structure,1
IXI337,UNesT,0.2.7,BRN-ENTORHINAL-AREA,Ent---entorhinal-area,LEFT,2777,2777.0,BRN-LIM,anatomical_structure,1
IXI337,UNesT,0.2.7,BRN-FRONTAL-OPERCULUM,FO----frontal-operculum,RIGHT,3667,3667.0,BRN-FRO,anatomical_structure,4
IXI337,UNesT,0.2.7,BRN-FRONTAL-OPERCULUM,FO----frontal-operculum,LEFT,2966,2966.0,BRN-FRO,anatomical_structure,4
IXI337,UNesT,0.2.7,BRN-FRONTAL-POLE,FRP---frontal-pole,RIGHT,5881,5881.0,BRN-FRO,anatomical_structure,4
IXI337,UNesT,0.2.7,BRN-FRONTAL-POLE,FRP---frontal-pole,LEFT,5700,5700.0,BRN-FRO,anatomical_structure,4
IXI337,UNesT,0.2.7,BRN-FUSIFORM-GYRUS,FuG---fusiform-gyrus,RIGHT,8727,8727.0,BRN-TEM,anatomical_structure,4
IXI337,UNesT,0.2.7,BRN-FUSIFORM-GYRUS,FuG---fusiform-gyrus,LEFT,7854,7854.0,BRN-TEM,anatomical_structure,4
IXI337,UNesT,0.2.7,BRN-GYRUS-RECTUS,GRe---gyrus-rectus,RIGHT,1993,1993.0,BRN-FRO,anatomical_structure,4
IXI337,UNesT,0.2.7,BRN-GYRUS-RECTUS,GRe---gyrus-rectus,LEFT,2337,2337.0,BRN-FRO,anatomical_structure,4
IXI337,UNesT,0.2.7,BRN-INFERIOR-OCCIPITAL-GYRUS,IOG---inferior-occipital-gyrus,RIGHT,8734,8734.0,BRN-OCC,anatomical_structure,4
IXI337,UNesT,0.2.7,BRN-INFERIOR-OCCIPITAL-GYRUS,IOG---inferior-occipital-gyrus,LEFT,6776,6776.0,BRN-OCC,anatomical_structure,4
IXI337,UNesT,0.2.7,BRN-INFERIOR-TEMPORAL-GYRUS,ITG---inferior-temporal-gyrus,RIGHT,11034,11034.0,BRN-TEM,anatomical_structure,4
IXI337,UNesT,0.2.7,BRN-INFERIOR-TEMPORAL-GYRUS,ITG---inferior-temporal-gyrus,LEFT,16658,16658.0,BRN-TEM,anatomical_structure,4
IXI337,UNesT,0.2.7,BRN-LINGUAL-GYRUS,LiG---lingual-gyrus,RIGHT,13463,13463.0,BRN-OCC,anatomical_structure,4
IXI337,UNesT,0.2.7,BRN-LINGUAL-GYRUS,LiG---lingual-gyrus,LEFT,9865,9865.0,BRN-OCC,anatomical_structure,4
IXI337,UNesT,0.2.7,BRN-LATERAL-ORBITAL-GYRUS,LOrG--lateral-orbital-gyrus,RIGHT,5287,5287.0,BRN-FRO,anatomical_structure,4
IXI337,UNesT,0.2.7,BRN-LATERAL-ORBITAL-GYRUS,LOrG--lateral-orbital-gyrus,LEFT,4529,4529.0,BRN-FRO,anatomical_structure,4
IXI337,UNesT,0.2.7,BRN-MIDDLE-CINGULATE-GYRUS,MCgG--middle-cingulate-gyrus,RIGHT,7112,7112.0,BRN-LIM,anatomical_structure,4
IXI337,UNesT,0.2.7,BRN-MIDDLE-CINGULATE-GYRUS,MCgG--middle-cingulate-gyrus,LEFT,6934,6934.0,BRN-LIM,anatomical_structure,4
IXI337,UNesT,0.2.7,BRN-MEDIAL-FRONTAL-CORTEX,MFC---medial-frontal-cortex,RIGHT,4279,4279.0,BRN-FRO,anatomical_structure,4
IXI337,UNesT,0.2.7,BRN-MEDIAL-FRONTAL-CORTEX,MFC---medial-frontal-cortex,LEFT,3344,3344.0,BRN-FRO,anatomical_structure,4
IXI337,UNesT,0.2.7,BRN-MIDDLE-FRONTAL-GYRUS,MFG---middle-frontal-gyrus,RIGHT,32607,32607.0,BRN-FRO,anatomical_structure,4
IXI337,UNesT,0.2.7,BRN-MIDDLE-FRONTAL-GYRUS,MFG---middle-frontal-gyrus,LEFT,35565,35565.0,BRN-FRO,anatomical_structure,4
IXI337,UNesT,0.2.7,BRN-MIDDLE-OCCIPITAL-GYRUS,MOG---middle-occipital-gyrus,RIGHT,6920,6920.0,BRN-OCC,anatomical_structure,4
IXI337,UNesT,0.2.7,BRN-MIDDLE-OCCIPITAL-GYRUS,MOG---middle-occipital-gyrus,LEFT,4105,4105.0,BRN-OCC,anatomical_structure,4
IXI337,UNesT,0.2.7,BRN-MEDIAL-ORBITAL-GYRUS,MOrG--medial-orbital-gyrus,RIGHT,5547,5547.0,BRN-FRO,anatomical_structure,4
IXI337,UNesT,0.2.7,BRN-MEDIAL-ORBITAL-GYRUS,MOrG--medial-orbital-gyrus,LEFT,5167,5167.0,BRN-FRO,anatomical_structure,4
IXI337,UNesT,0.2.7,BRN-POG-MED,"Postcentral Gyrus, Medial Segment",RIGHT,1315,1315.0,BRN-PAR,cortical_subregion,4
IXI337,UNesT,0.2.7,BRN-POG-MED,"Postcentral Gyrus, Medial Segment",LEFT,2083,2083.0,BRN-PAR,cortical_subregion,4
IXI337,UNesT,0.2.7,BRN-PRG-MED,"Precentral Gyrus, Medial Segment",RIGHT,3691,3691.0,BRN-FRO,cortical_subregion,4
IXI337,UNesT,0.2.7,BRN-PRG-MED,"Precentral Gyrus, Medial Segment",LEFT,4122,4122.0,BRN-FRO,cortical_subregion,4
IXI337,UNesT,0.2.7,BRN-SUPERIOR-FRONTAL-GYRUS,MSFG--superior-frontal-gyrus,RIGHT,39163,39163.0,BRN-FRO,anatomical_structure,4
IXI337,UNesT,0.2.7,BRN-SUPERIOR-FRONTAL-GYRUS,MSFG--superior-frontal-gyrus,LEFT,37932,37932.0,BRN-FRO,anatomical_structure,4
IXI337,UNesT,0.2.7,BRN-MIDDLE-TEMPORAL-GYRUS,MTG---middle-temporal-gyrus,RIGHT,23031,23031.0,BRN-TEM,anatomical_structure,4
IXI337,UNesT,0.2.7,BRN-MIDDLE-TEMPORAL-GYRUS,MTG---middle-temporal-gyrus,LEFT,16079,16079.0,BRN-TEM,anatomical_structure,4
IXI337,UNesT,0.2.7,BRN-OCCIPITAL-POLE,OCP---occipital-pole,RIGHT,3935,3935.0,BRN-OCC,anatomical_structure,4
IXI337,UNesT,0.2.7,BRN-OCCIPITAL-POLE,OCP---occipital-pole,LEFT,3567,3567.0,BRN-OCC,anatomical_structure,4
IXI337,UNesT,0.2.7,BRN-OCCIPITAL-FUSIFORM-GYRUS,OFuG--occipital-fusiform-gyrus,RIGHT,6980,6980.0,BRN-OCC,anatomical_structure,4
IXI337,UNesT,0.2.7,BRN-OCCIPITAL-FUSIFORM-GYRUS,OFuG--occipital-fusiform-gyrus,LEFT,3916,3916.0,BRN-OCC,anatomical_structure,4
IXI337,UNesT,0.2.7,BRN-OPIFG-OPERCULAR-PART-OF-THE-IFG,OpIFG-opercular-part-of-the-IFG,RIGHT,5290,5290.0,BRN-CER-COR,anatomical_structure,1
IXI337,UNesT,0.2.7,BRN-OPIFG-OPERCULAR-PART-OF-THE-IFG,OpIFG-opercular-part-of-the-IFG,LEFT,3760,3760.0,BRN-CER-COR,anatomical_structure,1
IXI337,UNesT,0.2.7,BRN-ORIFG-ORBITAL-PART-OF-THE-IFG,OrIFG-orbital-part-of-the-IFG,RIGHT,2989,2989.0,BRN-CER-COR,anatomical_structure,1
IXI337,UNesT,0.2.7,BRN-ORIFG-ORBITAL-PART-OF-THE-IFG,OrIFG-orbital-part-of-the-IFG,LEFT,2832,2832.0,BRN-CER-COR,anatomical_structure,1
IXI337,UNesT,0.2.7,BRN-POSTERIOR-CINGULATE-GYRUS,PCgG--posterior-cingulate-gyrus,RIGHT,5398,5398.0,BRN-LIM,anatomical_structure,4
IXI337,UNesT,0.2.7,BRN-POSTERIOR-CINGULATE-GYRUS,PCgG--posterior-cingulate-gyrus,LEFT,6328,6328.0,BRN-LIM,anatomical_structure,4
IXI337,UNesT,0.2.7,BRN-PCU,PCu---precuneus,RIGHT,12493,12493.0,BRN-PAR,cortical_structure,4
IXI337,UNesT,0.2.7,BRN-PCU,PCu---precuneus,LEFT,12418,12418.0,BRN-PAR,cortical_structure,4
IXI337,UNesT,0.2.7,BRN-PARAHIPPOCAMPAL-GYRUS,PHG---parahippocampal-gyrus,RIGHT,3055,3055.0,BRN-LIM,anatomical_structure,4
IXI337,UNesT,0.2.7,BRN-PARAHIPPOCAMPAL-GYRUS,PHG---parahippocampal-gyrus,LEFT,3220,3220.0,BRN-LIM,anatomical_structure,4
IXI337,UNesT,0.2.7,BRN-POSTERIOR-INSULA,PIns--posterior-insula,RIGHT,3761,3761.0,BRN-INS,anatomical_structure,4
IXI337,UNesT,0.2.7,BRN-POSTERIOR-INSULA,PIns--posterior-insula,LEFT,2516,2516.0,BRN-INS,anatomical_structure,4
IXI337,UNesT,0.2.7,BRN-PARIETAL-OPERCULUM,PO----parietal-operculum,RIGHT,3639,3639.0,BRN-PAR,anatomical_structure,4
IXI337,UNesT,0.2.7,BRN-PARIETAL-OPERCULUM,PO----parietal-operculum,LEFT,3624,3624.0,BRN-PAR,anatomical_structure,4
IXI337,UNesT,0.2.7,BRN-POG,MPoG--postcentral-gyrus,RIGHT,19253,19253.0,BRN-PAR,cortical_structure,4
IXI337,UNesT,0.2.7,BRN-POG,MPoG--postcentral-gyrus,LEFT,20723,20723.0,BRN-PAR,cortical_structure,4
IXI337,UNesT,0.2.7,BRN-POSTERIOR-ORBITAL-GYRUS,POrG--posterior-orbital-gyrus,RIGHT,4059,4059.0,BRN-FRO,anatomical_structure,4
IXI337,UNesT,0.2.7,BRN-POSTERIOR-ORBITAL-GYRUS,POrG--posterior-orbital-gyrus,LEFT,4744,4744.0,BRN-FRO,anatomical_structure,4
IXI337,UNesT,0.2.7,BRN-PLANUM-POLARE,PP----planum-polare,RIGHT,2702,2702.0,BRN-TEM,anatomical_structure,4
IXI337,UNesT,0.2.7,BRN-PLANUM-POLARE,PP----planum-polare,LEFT,3408,3408.0,BRN-TEM,anatomical_structure,4
IXI337,UNesT,0.2.7,BRN-PRG,MPrG--precentral-gyrus,RIGHT,21015,21015.0,BRN-FRO,cortical_structure,4
IXI337,UNesT,0.2.7,BRN-PRG,MPrG--precentral-gyrus,LEFT,20548,20548.0,BRN-FRO,cortical_structure,4
IXI337,UNesT,0.2.7,BRN-PLANUM-TEMPORALE,PT----planum-temporale,RIGHT,2901,2901.0,BRN-TEM,anatomical_structure,4
IXI337,UNesT,0.2.7,BRN-PLANUM-TEMPORALE,PT----planum-temporale,LEFT,2543,2543.0,BRN-TEM,anatomical_structure,4
IXI337,UNesT,0.2.7,BRN-SUBCALLOSAL-AREA,SCA---subcallosal-area,RIGHT,835,835.0,BRN-LIM,anatomical_structure,4
IXI337,UNesT,0.2.7,BRN-SUBCALLOSAL-AREA,SCA---subcallosal-area,LEFT,952,952.0,BRN-LIM,anatomical_structure,4
IXI337,UNesT,0.2.7,BRN-SUPPLEMENTARY-MOTOR-CORTEX,SMC---supplementary-motor-cortex,RIGHT,8398,8398.0,BRN-FRO,anatomical_structure,4
IXI337,UNesT,0.2.7,BRN-SUPPLEMENTARY-MOTOR-CORTEX,SMC---supplementary-motor-cortex,LEFT,7755,7755.0,BRN-FRO,anatomical_structure,4
IXI337,UNesT,0.2.7,BRN-SUPRAMARGINAL-GYRUS,SMG---supramarginal-gyrus,RIGHT,13697,13697.0,BRN-PAR,anatomical_structure,4
IXI337,UNesT,0.2.7,BRN-SUPRAMARGINAL-GYRUS,SMG---supramarginal-gyrus,LEFT,16375,16375.0,BRN-PAR,anatomical_structure,4
IXI337,UNesT,0.2.7,BRN-SUPERIOR-OCCIPITAL-GYRUS,SOG---superior-occipital-gyrus,RIGHT,4358,4358.0,BRN-OCC,anatomical_structure,4
IXI337,UNesT,0.2.7,BRN-SUPERIOR-OCCIPITAL-GYRUS,SOG---superior-occipital-gyrus,LEFT,2632,2632.0,BRN-OCC,anatomical_structure,4
IXI337,UNesT,0.2.7,BRN-SUPERIOR-PARIETAL-LOBULE,SPL---superior-parietal-lobule,RIGHT,17732,17732.0,BRN-CER-COR,anatomical_structure,1
IXI337,UNesT,0.2.7,BRN-SUPERIOR-PARIETAL-LOBULE,SPL---superior-parietal-lobule,LEFT,16747,16747.0,BRN-CER-COR,anatomical_structure,1
IXI337,UNesT,0.2.7,BRN-SUPERIOR-TEMPORAL-GYRUS,STG---superior-temporal-gyrus,RIGHT,9635,9635.0,BRN-TEM,anatomical_structure,4
IXI337,UNesT,0.2.7,BRN-SUPERIOR-TEMPORAL-GYRUS,STG---superior-temporal-gyrus,LEFT,10413,10413.0,BRN-TEM,anatomical_structure,4
IXI337,UNesT,0.2.7,BRN-TEMPORAL-POLE,TMP---temporal-pole,RIGHT,11825,11825.0,BRN-TEM,anatomical_structure,4
IXI337,UNesT,0.2.7,BRN-TEMPORAL-POLE,TMP---temporal-pole,LEFT,10660,10660.0,BRN-TEM,anatomical_structure,4
IXI337,UNesT,0.2.7,BRN-TRIFG-TRIANGULAR-PART-OF-THE-IFG,TrIFG-triangular-part-of-the-IFG,RIGHT,5684,5684.0,BRN-CER-COR,anatomical_structure,1
IXI337,UNesT,0.2.7,BRN-TRIFG-TRIANGULAR-PART-OF-THE-IFG,TrIFG-triangular-part-of-the-IFG,LEFT,4900,4900.0,BRN-CER-COR,anatomical_structure,1
IXI337,UNesT,0.2.7,BRN-TRANSVERSE-TEMPORAL-GYRUS,TTG---transverse-temporal-gyrus,RIGHT,3049,3049.0,BRN-TEM,anatomical_structure,4
IXI337,UNesT,0.2.7,BRN-TRANSVERSE-TEMPORAL-GYRUS,TTG---transverse-temporal-gyrus,LEFT,2003,2003.0,BRN-TEM,anatomical_structure,4
IXI328,UNesT,0.2.7,BRN-3RD-VENTRICLE,3rd-Ventricle,NONE,2148,2148.0,BRN-VEN,anatomical_structure,1
IXI328,UNesT,0.2.7,BRN-4TH-VENTRICLE,4th-Ventricle,NONE,2256,2256.0,BRN-VEN,anatomical_structure,1
IXI328,UNesT,0.2.7,BRN-ACC,Accumbens-Area,RIGHT,152,152.0,BRN-DGM,anatomical_structure,1
IXI328,UNesT,0.2.7,BRN-ACC,Accumbens-Area,LEFT,45,45.0,BRN-DGM,anatomical_structure,1
IXI328,UNesT,0.2.7,BRN-AMY,Amygdala,RIGHT,1236,1236.0,BRN-DGM,deep_gray_matter,1
IXI328,UNesT,0.2.7,BRN-AMY,Amygdala,LEFT,1046,1046.0,BRN-DGM,deep_gray_matter,1
IXI328,UNesT,0.2.7,BRN-BST,Brain-Stem,NONE,21433,21433.0,BRN-BST-GRP,brainstem,1
IXI328,UNesT,0.2.7,BRN-CAU,Caudate,RIGHT,3143,3143.0,BRN-DGM,deep_gray_matter,1
IXI328,UNesT,0.2.7,BRN-CAU,Caudate,LEFT,2925,2925.0,BRN-DGM,deep_gray_matter,1
IXI328,UNesT,0.2.7,BRN-CB-EXT,Cerebellum-Exterior,RIGHT,63451,63451.0,BRN-CBL,anatomical_structure,1
IXI328,UNesT,0.2.7,BRN-CB-EXT,Cerebellum-Exterior,LEFT,63522,63522.0,BRN-CBL,anatomical_structure,1
IXI328,UNesT,0.2.7,BRN-CB-WM,Cerebellum-White-Matter,RIGHT,14682,14682.0,BRN-CBL,anatomical_structure,1
IXI328,UNesT,0.2.7,BRN-CB-WM,Cerebellum-White-Matter,LEFT,14074,14074.0,BRN-CBL,anatomical_structure,1
IXI328,UNesT,0.2.7,BRN-CER-WM,Cerebral-White-Matter,RIGHT,221257,221257.0,BRN-WM,anatomical_structure,1
IXI328,UNesT,0.2.7,BRN-CER-WM,Cerebral-White-Matter,LEFT,201448,201448.0,BRN-WM,anatomical_structure,1
IXI328,UNesT,0.2.7,BRN-HIP,Hippocampus,RIGHT,4354,4354.0,BRN-LIM,deep_gray_matter,1
IXI328,UNesT,0.2.7,BRN-HIP,Hippocampus,LEFT,4354,4354.0,BRN-LIM,deep_gray_matter,1
IXI328,UNesT,0.2.7,BRN-INF-LAT-V,Inf-Lat-Vent,RIGHT,377,377.0,BRN-VEN,anatomical_structure,1
IXI328,UNesT,0.2.7,BRN-INF-LAT-V,Inf-Lat-Vent,LEFT,156,156.0,BRN-VEN,anatomical_structure,1
IXI328,UNesT,0.2.7,BRN-LAT-V,Lateral-Ventricle,RIGHT,13635,13635.0,BRN-VEN,anatomical_structure,1
IXI328,UNesT,0.2.7,BRN-LAT-V,Lateral-Ventricle,LEFT,10481,10481.0,BRN-VEN,anatomical_structure,1
IXI328,UNesT,0.2.7,BRN-PAL,Pallidum,RIGHT,2076,2076.0,BRN-DGM,deep_gray_matter,1
IXI328,UNesT,0.2.7,BRN-PAL,Pallidum,LEFT,1857,1857.0,BRN-DGM,deep_gray_matter,1
IXI328,UNesT,0.2.7,BRN-PUT,Putamen,RIGHT,6016,6016.0,BRN-DGM,deep_gray_matter,1
IXI328,UNesT,0.2.7,BRN-PUT,Putamen,LEFT,5657,5657.0,BRN-DGM,deep_gray_matter,1
IXI328,UNesT,0.2.7,BRN-THA,Thalamus-Proper,RIGHT,7034,7034.0,BRN-DGM,deep_gray_matter,1
IXI328,UNesT,0.2.7,BRN-THA,Thalamus-Proper,LEFT,8299,8299.0,BRN-DGM,deep_gray_matter,1
IXI328,UNesT,0.2.7,BRN-VDC,Ventral-DC,RIGHT,5975,5975.0,BRN-DGM,anatomical_structure,1
IXI328,UNesT,0.2.7,BRN-VDC,Ventral-DC,LEFT,6282,6282.0,BRN-DGM,anatomical_structure,1
IXI328,UNesT,0.2.7,BRN-CEREBELLAR-VERMAL-LOBULES-I-V,Cerebellar-Vermal-Lobules-I-V,NONE,7379,7379.0,BRN-CBL,anatomical_structure,1
IXI328,UNesT,0.2.7,BRN-CEREBELLAR-VERMAL-LOBULES-VI-VII,Cerebellar-Vermal-Lobules-VI-VII,NONE,3690,3690.0,BRN-CBL,anatomical_structure,1
IXI328,UNesT,0.2.7,BRN-CEREBELLAR-VERMAL-LOBULES-VIII-X,Cerebellar-Vermal-Lobules-VIII-X,NONE,4466,4466.0,BRN-CBL,anatomical_structure,1
IXI328,UNesT,0.2.7,BRN-BASAL-FOREBRAIN,Basal-Forebrain,LEFT,438,438.0,BRN-DGM,anatomical_structure,1
IXI328,UNesT,0.2.7,BRN-BASAL-FOREBRAIN,Basal-Forebrain,RIGHT,394,394.0,BRN-DGM,anatomical_structure,1
IXI328,UNesT,0.2.7,BRN-ANTERIOR-CINGULATE-GYRUS,ACgG--anterior-cingulate-gyrus,RIGHT,6784,6784.0,BRN-LIM,anatomical_structure,4
IXI328,UNesT,0.2.7,BRN-ANTERIOR-CINGULATE-GYRUS,ACgG--anterior-cingulate-gyrus,LEFT,7375,7375.0,BRN-LIM,anatomical_structure,4
IXI328,UNesT,0.2.7,BRN-ANTERIOR-INSULA,AIns--anterior-insula,RIGHT,6072,6072.0,BRN-INS,anatomical_structure,4
IXI328,UNesT,0.2.7,BRN-ANTERIOR-INSULA,AIns--anterior-insula,LEFT,5886,5886.0,BRN-INS,anatomical_structure,4
IXI328,UNesT,0.2.7,BRN-ANTERIOR-ORBITAL-GYRUS,AOrG--anterior-orbital-gyrus,RIGHT,2754,2754.0,BRN-FRO,anatomical_structure,4
IXI328,UNesT,0.2.7,BRN-ANTERIOR-ORBITAL-GYRUS,AOrG--anterior-orbital-gyrus,LEFT,2679,2679.0,BRN-FRO,anatomical_structure,4
IXI328,UNesT,0.2.7,BRN-ANGULAR-GYRUS,AnG---angular-gyrus,RIGHT,14616,14616.0,BRN-PAR,anatomical_structure,4
IXI328,UNesT,0.2.7,BRN-ANGULAR-GYRUS,AnG---angular-gyrus,LEFT,14121,14121.0,BRN-PAR,anatomical_structure,4
IXI328,UNesT,0.2.7,BRN-CALCARINE-CORTEX,Calc--calcarine-cortex,RIGHT,5742,5742.0,BRN-OCC,anatomical_structure,4
IXI328,UNesT,0.2.7,BRN-CALCARINE-CORTEX,Calc--calcarine-cortex,LEFT,6601,6601.0,BRN-OCC,anatomical_structure,4
IXI328,UNesT,0.2.7,BRN-CENTRAL-OPERCULUM,CO----central-operculum,RIGHT,5325,5325.0,BRN-CER-COR,anatomical_structure,3
IXI328,UNesT,0.2.7,BRN-CENTRAL-OPERCULUM,CO----central-operculum,LEFT,5824,5824.0,BRN-CER-COR,anatomical_structure,3
IXI328,UNesT,0.2.7,BRN-CUNEUS,Cun---cuneus,RIGHT,7640,7640.0,BRN-CER-COR,anatomical_structure,1
IXI328,UNesT,0.2.7,BRN-CUNEUS,Cun---cuneus,LEFT,6195,6195.0,BRN-CER-COR,anatomical_structure,1
IXI328,UNesT,0.2.7,BRN-ENTORHINAL-AREA,Ent---entorhinal-area,RIGHT,3172,3172.0,BRN-LIM,anatomical_structure,1
IXI328,UNesT,0.2.7,BRN-ENTORHINAL-AREA,Ent---entorhinal-area,LEFT,2866,2866.0,BRN-LIM,anatomical_structure,1
IXI328,UNesT,0.2.7,BRN-FRONTAL-OPERCULUM,FO----frontal-operculum,RIGHT,3136,3136.0,BRN-FRO,anatomical_structure,4
IXI328,UNesT,0.2.7,BRN-FRONTAL-OPERCULUM,FO----frontal-operculum,LEFT,2875,2875.0,BRN-FRO,anatomical_structure,4
IXI328,UNesT,0.2.7,BRN-FRONTAL-POLE,FRP---frontal-pole,RIGHT,4524,4524.0,BRN-FRO,anatomical_structure,4
IXI328,UNesT,0.2.7,BRN-FRONTAL-POLE,FRP---frontal-pole,LEFT,3818,3818.0,BRN-FRO,anatomical_structure,4
IXI328,UNesT,0.2.7,BRN-FUSIFORM-GYRUS,FuG---fusiform-gyrus,RIGHT,8248,8248.0,BRN-TEM,anatomical_structure,4
IXI328,UNesT,0.2.7,BRN-FUSIFORM-GYRUS,FuG---fusiform-gyrus,LEFT,8961,8961.0,BRN-TEM,anatomical_structure,4
IXI328,UNesT,0.2.7,BRN-GYRUS-RECTUS,GRe---gyrus-rectus,RIGHT,1981,1981.0,BRN-FRO,anatomical_structure,4
IXI328,UNesT,0.2.7,BRN-GYRUS-RECTUS,GRe---gyrus-rectus,LEFT,1904,1904.0,BRN-FRO,anatomical_structure,4
IXI328,UNesT,0.2.7,BRN-INFERIOR-OCCIPITAL-GYRUS,IOG---inferior-occipital-gyrus,RIGHT,9173,9173.0,BRN-OCC,anatomical_structure,4
IXI328,UNesT,0.2.7,BRN-INFERIOR-OCCIPITAL-GYRUS,IOG---inferior-occipital-gyrus,LEFT,10896,10896.0,BRN-OCC,anatomical_structure,4
IXI328,UNesT,0.2.7,BRN-INFERIOR-TEMPORAL-GYRUS,ITG---inferior-temporal-gyrus,RIGHT,15768,15768.0,BRN-TEM,anatomical_structure,4
IXI328,UNesT,0.2.7,BRN-INFERIOR-TEMPORAL-GYRUS,ITG---inferior-temporal-gyrus,LEFT,18708,18708.0,BRN-TEM,anatomical_structure,4
IXI328,UNesT,0.2.7,BRN-LINGUAL-GYRUS,LiG---lingual-gyrus,RIGHT,13268,13268.0,BRN-OCC,anatomical_structure,4
IXI328,UNesT,0.2.7,BRN-LINGUAL-GYRUS,LiG---lingual-gyrus,LEFT,12958,12958.0,BRN-OCC,anatomical_structure,4
IXI328,UNesT,0.2.7,BRN-LATERAL-ORBITAL-GYRUS,LOrG--lateral-orbital-gyrus,RIGHT,2716,2716.0,BRN-FRO,anatomical_structure,4
IXI328,UNesT,0.2.7,BRN-LATERAL-ORBITAL-GYRUS,LOrG--lateral-orbital-gyrus,LEFT,2703,2703.0,BRN-FRO,anatomical_structure,4
IXI328,UNesT,0.2.7,BRN-MIDDLE-CINGULATE-GYRUS,MCgG--middle-cingulate-gyrus,RIGHT,6985,6985.0,BRN-LIM,anatomical_structure,4
IXI328,UNesT,0.2.7,BRN-MIDDLE-CINGULATE-GYRUS,MCgG--middle-cingulate-gyrus,LEFT,7474,7474.0,BRN-LIM,anatomical_structure,4
IXI328,UNesT,0.2.7,BRN-MEDIAL-FRONTAL-CORTEX,MFC---medial-frontal-cortex,RIGHT,2356,2356.0,BRN-FRO,anatomical_structure,4
IXI328,UNesT,0.2.7,BRN-MEDIAL-FRONTAL-CORTEX,MFC---medial-frontal-cortex,LEFT,1987,1987.0,BRN-FRO,anatomical_structure,4
IXI328,UNesT,0.2.7,BRN-MIDDLE-FRONTAL-GYRUS,MFG---middle-frontal-gyrus,RIGHT,30171,30171.0,BRN-FRO,anatomical_structure,4
IXI328,UNesT,0.2.7,BRN-MIDDLE-FRONTAL-GYRUS,MFG---middle-frontal-gyrus,LEFT,29269,29269.0,BRN-FRO,anatomical_structure,4
IXI328,UNesT,0.2.7,BRN-MIDDLE-OCCIPITAL-GYRUS,MOG---middle-occipital-gyrus,RIGHT,8764,8764.0,BRN-OCC,anatomical_structure,4
IXI328,UNesT,0.2.7,BRN-MIDDLE-OCCIPITAL-GYRUS,MOG---middle-occipital-gyrus,LEFT,9309,9309.0,BRN-OCC,anatomical_structure,4
IXI328,UNesT,0.2.7,BRN-MEDIAL-ORBITAL-GYRUS,MOrG--medial-orbital-gyrus,RIGHT,4577,4577.0,BRN-FRO,anatomical_structure,4
IXI328,UNesT,0.2.7,BRN-MEDIAL-ORBITAL-GYRUS,MOrG--medial-orbital-gyrus,LEFT,4710,4710.0,BRN-FRO,anatomical_structure,4
IXI328,UNesT,0.2.7,BRN-POG-MED,"Postcentral Gyrus, Medial Segment",RIGHT,1520,1520.0,BRN-PAR,cortical_subregion,4
IXI328,UNesT,0.2.7,BRN-POG-MED,"Postcentral Gyrus, Medial Segment",LEFT,1821,1821.0,BRN-PAR,cortical_subregion,4
IXI328,UNesT,0.2.7,BRN-PRG-MED,"Precentral Gyrus, Medial Segment",RIGHT,4460,4460.0,BRN-FRO,cortical_subregion,4
IXI328,UNesT,0.2.7,BRN-PRG-MED,"Precentral Gyrus, Medial Segment",LEFT,3927,3927.0,BRN-FRO,cortical_subregion,4
IXI328,UNesT,0.2.7,BRN-SUPERIOR-FRONTAL-GYRUS,MSFG--superior-frontal-gyrus,RIGHT,31216,31216.0,BRN-FRO,anatomical_structure,4
IXI328,UNesT,0.2.7,BRN-SUPERIOR-FRONTAL-GYRUS,MSFG--superior-frontal-gyrus,LEFT,29547,29547.0,BRN-FRO,anatomical_structure,4
IXI328,UNesT,0.2.7,BRN-MIDDLE-TEMPORAL-GYRUS,MTG---middle-temporal-gyrus,RIGHT,20471,20471.0,BRN-TEM,anatomical_structure,4
IXI328,UNesT,0.2.7,BRN-MIDDLE-TEMPORAL-GYRUS,MTG---middle-temporal-gyrus,LEFT,17764,17764.0,BRN-TEM,anatomical_structure,4
IXI328,UNesT,0.2.7,BRN-OCCIPITAL-POLE,OCP---occipital-pole,RIGHT,7397,7397.0,BRN-OCC,anatomical_structure,4
IXI328,UNesT,0.2.7,BRN-OCCIPITAL-POLE,OCP---occipital-pole,LEFT,6514,6514.0,BRN-OCC,anatomical_structure,4
IXI328,UNesT,0.2.7,BRN-OCCIPITAL-FUSIFORM-GYRUS,OFuG--occipital-fusiform-gyrus,RIGHT,7050,7050.0,BRN-OCC,anatomical_structure,4
IXI328,UNesT,0.2.7,BRN-OCCIPITAL-FUSIFORM-GYRUS,OFuG--occipital-fusiform-gyrus,LEFT,7301,7301.0,BRN-OCC,anatomical_structure,4
IXI328,UNesT,0.2.7,BRN-OPIFG-OPERCULAR-PART-OF-THE-IFG,OpIFG-opercular-part-of-the-IFG,RIGHT,4745,4745.0,BRN-CER-COR,anatomical_structure,1
IXI328,UNesT,0.2.7,BRN-OPIFG-OPERCULAR-PART-OF-THE-IFG,OpIFG-opercular-part-of-the-IFG,LEFT,3864,3864.0,BRN-CER-COR,anatomical_structure,1
IXI328,UNesT,0.2.7,BRN-ORIFG-ORBITAL-PART-OF-THE-IFG,OrIFG-orbital-part-of-the-IFG,RIGHT,1973,1973.0,BRN-CER-COR,anatomical_structure,1
IXI328,UNesT,0.2.7,BRN-ORIFG-ORBITAL-PART-OF-THE-IFG,OrIFG-orbital-part-of-the-IFG,LEFT,2551,2551.0,BRN-CER-COR,anatomical_structure,1
IXI328,UNesT,0.2.7,BRN-POSTERIOR-CINGULATE-GYRUS,PCgG--posterior-cingulate-gyrus,RIGHT,6590,6590.0,BRN-LIM,anatomical_structure,4
IXI328,UNesT,0.2.7,BRN-POSTERIOR-CINGULATE-GYRUS,PCgG--posterior-cingulate-gyrus,LEFT,6568,6568.0,BRN-LIM,anatomical_structure,4
IXI328,UNesT,0.2.7,BRN-PCU,PCu---precuneus,RIGHT,12549,12549.0,BRN-PAR,cortical_structure,4
IXI328,UNesT,0.2.7,BRN-PCU,PCu---precuneus,LEFT,12758,12758.0,BRN-PAR,cortical_structure,4
IXI328,UNesT,0.2.7,BRN-PARAHIPPOCAMPAL-GYRUS,PHG---parahippocampal-gyrus,RIGHT,3121,3121.0,BRN-LIM,anatomical_structure,4
IXI328,UNesT,0.2.7,BRN-PARAHIPPOCAMPAL-GYRUS,PHG---parahippocampal-gyrus,LEFT,3328,3328.0,BRN-LIM,anatomical_structure,4
IXI328,UNesT,0.2.7,BRN-POSTERIOR-INSULA,PIns--posterior-insula,RIGHT,3384,3384.0,BRN-INS,anatomical_structure,4
IXI328,UNesT,0.2.7,BRN-POSTERIOR-INSULA,PIns--posterior-insula,LEFT,2964,2964.0,BRN-INS,anatomical_structure,4
IXI328,UNesT,0.2.7,BRN-PARIETAL-OPERCULUM,PO----parietal-operculum,RIGHT,2848,2848.0,BRN-PAR,anatomical_structure,4
IXI328,UNesT,0.2.7,BRN-PARIETAL-OPERCULUM,PO----parietal-operculum,LEFT,3764,3764.0,BRN-PAR,anatomical_structure,4
IXI328,UNesT,0.2.7,BRN-POG,MPoG--postcentral-gyrus,RIGHT,18507,18507.0,BRN-PAR,cortical_structure,4
IXI328,UNesT,0.2.7,BRN-POG,MPoG--postcentral-gyrus,LEFT,22502,22502.0,BRN-PAR,cortical_structure,4
IXI328,UNesT,0.2.7,BRN-POSTERIOR-ORBITAL-GYRUS,POrG--posterior-orbital-gyrus,RIGHT,3262,3262.0,BRN-FRO,anatomical_structure,4
IXI328,UNesT,0.2.7,BRN-POSTERIOR-ORBITAL-GYRUS,POrG--posterior-orbital-gyrus,LEFT,4090,4090.0,BRN-FRO,anatomical_structure,4
IXI328,UNesT,0.2.7,BRN-PLANUM-POLARE,PP----planum-polare,RIGHT,2948,2948.0,BRN-TEM,anatomical_structure,4
IXI328,UNesT,0.2.7,BRN-PLANUM-POLARE,PP----planum-polare,LEFT,3153,3153.0,BRN-TEM,anatomical_structure,4
IXI328,UNesT,0.2.7,BRN-PRG,MPrG--precentral-gyrus,RIGHT,22088,22088.0,BRN-FRO,cortical_structure,4
IXI328,UNesT,0.2.7,BRN-PRG,MPrG--precentral-gyrus,LEFT,22047,22047.0,BRN-FRO,cortical_structure,4
IXI328,UNesT,0.2.7,BRN-PLANUM-TEMPORALE,PT----planum-temporale,RIGHT,1791,1791.0,BRN-TEM,anatomical_structure,4
IXI328,UNesT,0.2.7,BRN-PLANUM-TEMPORALE,PT----planum-temporale,LEFT,2618,2618.0,BRN-TEM,anatomical_structure,4
IXI328,UNesT,0.2.7,BRN-SUBCALLOSAL-AREA,SCA---subcallosal-area,RIGHT,1409,1409.0,BRN-LIM,anatomical_structure,4
IXI328,UNesT,0.2.7,BRN-SUBCALLOSAL-AREA,SCA---subcallosal-area,LEFT,1234,1234.0,BRN-LIM,anatomical_structure,4
IXI328,UNesT,0.2.7,BRN-SUPPLEMENTARY-MOTOR-CORTEX,SMC---supplementary-motor-cortex,RIGHT,8450,8450.0,BRN-FRO,anatomical_structure,4
IXI328,UNesT,0.2.7,BRN-SUPPLEMENTARY-MOTOR-CORTEX,SMC---supplementary-motor-cortex,LEFT,8220,8220.0,BRN-FRO,anatomical_structure,4
IXI328,UNesT,0.2.7,BRN-SUPRAMARGINAL-GYRUS,SMG---supramarginal-gyrus,RIGHT,11526,11526.0,BRN-PAR,anatomical_structure,4
IXI328,UNesT,0.2.7,BRN-SUPRAMARGINAL-GYRUS,SMG---supramarginal-gyrus,LEFT,12478,12478.0,BRN-PAR,anatomical_structure,4
IXI328,UNesT,0.2.7,BRN-SUPERIOR-OCCIPITAL-GYRUS,SOG---superior-occipital-gyrus,RIGHT,7097,7097.0,BRN-OCC,anatomical_structure,4
IXI328,UNesT,0.2.7,BRN-SUPERIOR-OCCIPITAL-GYRUS,SOG---superior-occipital-gyrus,LEFT,4976,4976.0,BRN-OCC,anatomical_structure,4
IXI328,UNesT,0.2.7,BRN-SUPERIOR-PARIETAL-LOBULE,SPL---superior-parietal-lobule,RIGHT,16341,16341.0,BRN-CER-COR,anatomical_structure,1
IXI328,UNesT,0.2.7,BRN-SUPERIOR-PARIETAL-LOBULE,SPL---superior-parietal-lobule,LEFT,17029,17029.0,BRN-CER-COR,anatomical_structure,1
IXI328,UNesT,0.2.7,BRN-SUPERIOR-TEMPORAL-GYRUS,STG---superior-temporal-gyrus,RIGHT,10461,10461.0,BRN-TEM,anatomical_structure,4
IXI328,UNesT,0.2.7,BRN-SUPERIOR-TEMPORAL-GYRUS,STG---superior-temporal-gyrus,LEFT,10713,10713.0,BRN-TEM,anatomical_structure,4
IXI328,UNesT,0.2.7,BRN-TEMPORAL-POLE,TMP---temporal-pole,RIGHT,8785,8785.0,BRN-TEM,anatomical_structure,4
IXI328,UNesT,0.2.7,BRN-TEMPORAL-POLE,TMP---temporal-pole,LEFT,9964,9964.0,BRN-TEM,anatomical_structure,4
IXI328,UNesT,0.2.7,BRN-TRIFG-TRIANGULAR-PART-OF-THE-IFG,TrIFG-triangular-part-of-the-IFG,RIGHT,4742,4742.0,BRN-CER-COR,anatomical_structure,1
IXI328,UNesT,0.2.7,BRN-TRIFG-TRIANGULAR-PART-OF-THE-IFG,TrIFG-triangular-part-of-the-IFG,LEFT,4136,4136.0,BRN-CER-COR,anatomical_structure,1
IXI328,UNesT,0.2.7,BRN-TRANSVERSE-TEMPORAL-GYRUS,TTG---transverse-temporal-gyrus,RIGHT,2253,2253.0,BRN-TEM,anatomical_structure,4
IXI328,UNesT,0.2.7,BRN-TRANSVERSE-TEMPORAL-GYRUS,TTG---transverse-temporal-gyrus,LEFT,2535,2535.0,BRN-TEM,anatomical_structure,4
IXI356,UNesT,0.2.7,BRN-3RD-VENTRICLE,3rd-Ventricle,NONE,1649,1649.0,BRN-VEN,anatomical_structure,1
IXI356,UNesT,0.2.7,BRN-4TH-VENTRICLE,4th-Ventricle,NONE,1515,1515.0,BRN-VEN,anatomical_structure,1
IXI356,UNesT,0.2.7,BRN-ACC,Accumbens-Area,RIGHT,204,204.0,BRN-DGM,anatomical_structure,1
IXI356,UNesT,0.2.7,BRN-ACC,Accumbens-Area,LEFT,77,77.0,BRN-DGM,anatomical_structure,1
IXI356,UNesT,0.2.7,BRN-AMY,Amygdala,RIGHT,1207,1207.0,BRN-DGM,deep_gray_matter,1
IXI356,UNesT,0.2.7,BRN-AMY,Amygdala,LEFT,827,827.0,BRN-DGM,deep_gray_matter,1
IXI356,UNesT,0.2.7,BRN-BST,Brain-Stem,NONE,20054,20054.0,BRN-BST-GRP,brainstem,1
IXI356,UNesT,0.2.7,BRN-CAU,Caudate,RIGHT,2384,2384.0,BRN-DGM,deep_gray_matter,1
IXI356,UNesT,0.2.7,BRN-CAU,Caudate,LEFT,2959,2959.0,BRN-DGM,deep_gray_matter,1
IXI356,UNesT,0.2.7,BRN-CB-EXT,Cerebellum-Exterior,RIGHT,62374,62374.0,BRN-CBL,anatomical_structure,1
IXI356,UNesT,0.2.7,BRN-CB-EXT,Cerebellum-Exterior,LEFT,64051,64051.0,BRN-CBL,anatomical_structure,1
IXI356,UNesT,0.2.7,BRN-CB-WM,Cerebellum-White-Matter,RIGHT,17784,17784.0,BRN-CBL,anatomical_structure,1
IXI356,UNesT,0.2.7,BRN-CB-WM,Cerebellum-White-Matter,LEFT,17468,17468.0,BRN-CBL,anatomical_structure,1
IXI356,UNesT,0.2.7,BRN-CER-WM,Cerebral-White-Matter,RIGHT,223661,223661.0,BRN-WM,anatomical_structure,1
IXI356,UNesT,0.2.7,BRN-CER-WM,Cerebral-White-Matter,LEFT,213331,213331.0,BRN-WM,anatomical_structure,1
IXI356,UNesT,0.2.7,BRN-HIP,Hippocampus,RIGHT,3930,3930.0,BRN-LIM,deep_gray_matter,1
IXI356,UNesT,0.2.7,BRN-HIP,Hippocampus,LEFT,3901,3901.0,BRN-LIM,deep_gray_matter,1
IXI356,UNesT,0.2.7,BRN-INF-LAT-V,Inf-Lat-Vent,RIGHT,136,136.0,BRN-VEN,anatomical_structure,1
IXI356,UNesT,0.2.7,BRN-INF-LAT-V,Inf-Lat-Vent,LEFT,176,176.0,BRN-VEN,anatomical_structure,1
IXI356,UNesT,0.2.7,BRN-LAT-V,Lateral-Ventricle,RIGHT,8817,8817.0,BRN-VEN,anatomical_structure,1
IXI356,UNesT,0.2.7,BRN-LAT-V,Lateral-Ventricle,LEFT,12543,12543.0,BRN-VEN,anatomical_structure,1
IXI356,UNesT,0.2.7,BRN-PAL,Pallidum,RIGHT,1807,1807.0,BRN-DGM,deep_gray_matter,1
IXI356,UNesT,0.2.7,BRN-PAL,Pallidum,LEFT,1575,1575.0,BRN-DGM,deep_gray_matter,1
IXI356,UNesT,0.2.7,BRN-PUT,Putamen,RIGHT,4995,4995.0,BRN-DGM,deep_gray_matter,1
IXI356,UNesT,0.2.7,BRN-PUT,Putamen,LEFT,4143,4143.0,BRN-DGM,deep_gray_matter,1
IXI356,UNesT,0.2.7,BRN-THA,Thalamus-Proper,RIGHT,6940,6940.0,BRN-DGM,deep_gray_matter,1
IXI356,UNesT,0.2.7,BRN-THA,Thalamus-Proper,LEFT,7251,7251.0,BRN-DGM,deep_gray_matter,1
IXI356,UNesT,0.2.7,BRN-VDC,Ventral-DC,RIGHT,5548,5548.0,BRN-DGM,anatomical_structure,1
IXI356,UNesT,0.2.7,BRN-VDC,Ventral-DC,LEFT,5525,5525.0,BRN-DGM,anatomical_structure,1
IXI356,UNesT,0.2.7,BRN-CEREBELLAR-VERMAL-LOBULES-I-V,Cerebellar-Vermal-Lobules-I-V,NONE,7860,7860.0,BRN-CBL,anatomical_structure,1
IXI356,UNesT,0.2.7,BRN-CEREBELLAR-VERMAL-LOBULES-VI-VII,Cerebellar-Vermal-Lobules-VI-VII,NONE,3720,3720.0,BRN-CBL,anatomical_structure,1
IXI356,UNesT,0.2.7,BRN-CEREBELLAR-VERMAL-LOBULES-VIII-X,Cerebellar-Vermal-Lobules-VIII-X,NONE,4412,4412.0,BRN-CBL,anatomical_structure,1
IXI356,UNesT,0.2.7,BRN-BASAL-FOREBRAIN,Basal-Forebrain,LEFT,339,339.0,BRN-DGM,anatomical_structure,1
IXI356,UNesT,0.2.7,BRN-BASAL-FOREBRAIN,Basal-Forebrain,RIGHT,361,361.0,BRN-DGM,anatomical_structure,1
IXI356,UNesT,0.2.7,BRN-ANTERIOR-CINGULATE-GYRUS,ACgG--anterior-cingulate-gyrus,RIGHT,6405,6405.0,BRN-LIM,anatomical_structure,4
IXI356,UNesT,0.2.7,BRN-ANTERIOR-CINGULATE-GYRUS,ACgG--anterior-cingulate-gyrus,LEFT,5505,5505.0,BRN-LIM,anatomical_structure,4
IXI356,UNesT,0.2.7,BRN-ANTERIOR-INSULA,AIns--anterior-insula,RIGHT,5085,5085.0,BRN-INS,anatomical_structure,4
IXI356,UNesT,0.2.7,BRN-ANTERIOR-INSULA,AIns--anterior-insula,LEFT,5463,5463.0,BRN-INS,anatomical_structure,4
IXI356,UNesT,0.2.7,BRN-ANTERIOR-ORBITAL-GYRUS,AOrG--anterior-orbital-gyrus,RIGHT,3614,3614.0,BRN-FRO,anatomical_structure,4
IXI356,UNesT,0.2.7,BRN-ANTERIOR-ORBITAL-GYRUS,AOrG--anterior-orbital-gyrus,LEFT,3148,3148.0,BRN-FRO,anatomical_structure,4
IXI356,UNesT,0.2.7,BRN-ANGULAR-GYRUS,AnG---angular-gyrus,RIGHT,17518,17518.0,BRN-PAR,anatomical_structure,4
IXI356,UNesT,0.2.7,BRN-ANGULAR-GYRUS,AnG---angular-gyrus,LEFT,18589,18589.0,BRN-PAR,anatomical_structure,4
IXI356,UNesT,0.2.7,BRN-CALCARINE-CORTEX,Calc--calcarine-cortex,RIGHT,4494,4494.0,BRN-OCC,anatomical_structure,4
IXI356,UNesT,0.2.7,BRN-CALCARINE-CORTEX,Calc--calcarine-cortex,LEFT,5037,5037.0,BRN-OCC,anatomical_structure,4
IXI356,UNesT,0.2.7,BRN-CENTRAL-OPERCULUM,CO----central-operculum,RIGHT,6510,6510.0,BRN-CER-COR,anatomical_structure,3
IXI356,UNesT,0.2.7,BRN-CENTRAL-OPERCULUM,CO----central-operculum,LEFT,6405,6405.0,BRN-CER-COR,anatomical_structure,3
IXI356,UNesT,0.2.7,BRN-CUNEUS,Cun---cuneus,RIGHT,6694,6694.0,BRN-CER-COR,anatomical_structure,1
IXI356,UNesT,0.2.7,BRN-CUNEUS,Cun---cuneus,LEFT,6344,6344.0,BRN-CER-COR,anatomical_structure,1
IXI356,UNesT,0.2.7,BRN-ENTORHINAL-AREA,Ent---entorhinal-area,RIGHT,3002,3002.0,BRN-LIM,anatomical_structure,1
IXI356,UNesT,0.2.7,BRN-ENTORHINAL-AREA,Ent---entorhinal-area,LEFT,2064,2064.0,BRN-LIM,anatomical_structure,1
IXI356,UNesT,0.2.7,BRN-FRONTAL-OPERCULUM,FO----frontal-operculum,RIGHT,2890,2890.0,BRN-FRO,anatomical_structure,4
IXI356,UNesT,0.2.7,BRN-FRONTAL-OPERCULUM,FO----frontal-operculum,LEFT,3392,3392.0,BRN-FRO,anatomical_structure,4
IXI356,UNesT,0.2.7,BRN-FRONTAL-POLE,FRP---frontal-pole,RIGHT,4789,4789.0,BRN-FRO,anatomical_structure,4
IXI356,UNesT,0.2.7,BRN-FRONTAL-POLE,FRP---frontal-pole,LEFT,4777,4777.0,BRN-FRO,anatomical_structure,4
IXI356,UNesT,0.2.7,BRN-FUSIFORM-GYRUS,FuG---fusiform-gyrus,RIGHT,9381,9381.0,BRN-TEM,anatomical_structure,4
IXI356,UNesT,0.2.7,BRN-FUSIFORM-GYRUS,FuG---fusiform-gyrus,LEFT,9430,9430.0,BRN-TEM,anatomical_structure,4
IXI356,UNesT,0.2.7,BRN-GYRUS-RECTUS,GRe---gyrus-rectus,RIGHT,3140,3140.0,BRN-FRO,anatomical_structure,4
IXI356,UNesT,0.2.7,BRN-GYRUS-RECTUS,GRe---gyrus-rectus,LEFT,3179,3179.0,BRN-FRO,anatomical_structure,4
IXI356,UNesT,0.2.7,BRN-INFERIOR-OCCIPITAL-GYRUS,IOG---inferior-occipital-gyrus,RIGHT,8719,8719.0,BRN-OCC,anatomical_structure,4
IXI356,UNesT,0.2.7,BRN-INFERIOR-OCCIPITAL-GYRUS,IOG---inferior-occipital-gyrus,LEFT,10925,10925.0,BRN-OCC,anatomical_structure,4
IXI356,UNesT,0.2.7,BRN-INFERIOR-TEMPORAL-GYRUS,ITG---inferior-temporal-gyrus,RIGHT,15299,15299.0,BRN-TEM,anatomical_structure,4
IXI356,UNesT,0.2.7,BRN-INFERIOR-TEMPORAL-GYRUS,ITG---inferior-temporal-gyrus,LEFT,18370,18370.0,BRN-TEM,anatomical_structure,4
IXI356,UNesT,0.2.7,BRN-LINGUAL-GYRUS,LiG---lingual-gyrus,RIGHT,11970,11970.0,BRN-OCC,anatomical_structure,4
IXI356,UNesT,0.2.7,BRN-LINGUAL-GYRUS,LiG---lingual-gyrus,LEFT,13310,13310.0,BRN-OCC,anatomical_structure,4
IXI356,UNesT,0.2.7,BRN-LATERAL-ORBITAL-GYRUS,LOrG--lateral-orbital-gyrus,RIGHT,3648,3648.0,BRN-FRO,anatomical_structure,4
IXI356,UNesT,0.2.7,BRN-LATERAL-ORBITAL-GYRUS,LOrG--lateral-orbital-gyrus,LEFT,2845,2845.0,BRN-FRO,anatomical_structure,4
IXI356,UNesT,0.2.7,BRN-MIDDLE-CINGULATE-GYRUS,MCgG--middle-cingulate-gyrus,RIGHT,7338,7338.0,BRN-LIM,anatomical_structure,4
IXI356,UNesT,0.2.7,BRN-MIDDLE-CINGULATE-GYRUS,MCgG--middle-cingulate-gyrus,LEFT,6860,6860.0,BRN-LIM,anatomical_structure,4
IXI356,UNesT,0.2.7,BRN-MEDIAL-FRONTAL-CORTEX,MFC---medial-frontal-cortex,RIGHT,3559,3559.0,BRN-FRO,anatomical_structure,4
IXI356,UNesT,0.2.7,BRN-MEDIAL-FRONTAL-CORTEX,MFC---medial-frontal-cortex,LEFT,2730,2730.0,BRN-FRO,anatomical_structure,4
IXI356,UNesT,0.2.7,BRN-MIDDLE-FRONTAL-GYRUS,MFG---middle-frontal-gyrus,RIGHT,37322,37322.0,BRN-FRO,anatomical_structure,4
IXI356,UNesT,0.2.7,BRN-MIDDLE-FRONTAL-GYRUS,MFG---middle-frontal-gyrus,LEFT,35859,35859.0,BRN-FRO,anatomical_structure,4
IXI356,UNesT,0.2.7,BRN-MIDDLE-OCCIPITAL-GYRUS,MOG---middle-occipital-gyrus,RIGHT,8533,8533.0,BRN-OCC,anatomical_structure,4
IXI356,UNesT,0.2.7,BRN-MIDDLE-OCCIPITAL-GYRUS,MOG---middle-occipital-gyrus,LEFT,10140,10140.0,BRN-OCC,anatomical_structure,4
IXI356,UNesT,0.2.7,BRN-MEDIAL-ORBITAL-GYRUS,MOrG--medial-orbital-gyrus,RIGHT,5239,5239.0,BRN-FRO,anatomical_structure,4
IXI356,UNesT,0.2.7,BRN-MEDIAL-ORBITAL-GYRUS,MOrG--medial-orbital-gyrus,LEFT,5181,5181.0,BRN-FRO,anatomical_structure,4
IXI356,UNesT,0.2.7,BRN-POG-MED,"Postcentral Gyrus, Medial Segment",RIGHT,1764,1764.0,BRN-PAR,cortical_subregion,4
IXI356,UNesT,0.2.7,BRN-POG-MED,"Postcentral Gyrus, Medial Segment",LEFT,1991,1991.0,BRN-PAR,cortical_subregion,4
IXI356,UNesT,0.2.7,BRN-PRG-MED,"Precentral Gyrus, Medial Segment",RIGHT,4274,4274.0,BRN-FRO,cortical_subregion,4
IXI356,UNesT,0.2.7,BRN-PRG-MED,"Precentral Gyrus, Medial Segment",LEFT,5576,5576.0,BRN-FRO,cortical_subregion,4
IXI356,UNesT,0.2.7,BRN-SUPERIOR-FRONTAL-GYRUS,MSFG--superior-frontal-gyrus,RIGHT,38021,38021.0,BRN-FRO,anatomical_structure,4
IXI356,UNesT,0.2.7,BRN-SUPERIOR-FRONTAL-GYRUS,MSFG--superior-frontal-gyrus,LEFT,36954,36954.0,BRN-FRO,anatomical_structure,4
IXI356,UNesT,0.2.7,BRN-MIDDLE-TEMPORAL-GYRUS,MTG---middle-temporal-gyrus,RIGHT,23927,23927.0,BRN-TEM,anatomical_structure,4
IXI356,UNesT,0.2.7,BRN-MIDDLE-TEMPORAL-GYRUS,MTG---middle-temporal-gyrus,LEFT,18486,18486.0,BRN-TEM,anatomical_structure,4
IXI356,UNesT,0.2.7,BRN-OCCIPITAL-POLE,OCP---occipital-pole,RIGHT,4343,4343.0,BRN-OCC,anatomical_structure,4
IXI356,UNesT,0.2.7,BRN-OCCIPITAL-POLE,OCP---occipital-pole,LEFT,5949,5949.0,BRN-OCC,anatomical_structure,4
IXI356,UNesT,0.2.7,BRN-OCCIPITAL-FUSIFORM-GYRUS,OFuG--occipital-fusiform-gyrus,RIGHT,6632,6632.0,BRN-OCC,anatomical_structure,4
IXI356,UNesT,0.2.7,BRN-OCCIPITAL-FUSIFORM-GYRUS,OFuG--occipital-fusiform-gyrus,LEFT,7228,7228.0,BRN-OCC,anatomical_structure,4
IXI356,UNesT,0.2.7,BRN-OPIFG-OPERCULAR-PART-OF-THE-IFG,OpIFG-opercular-part-of-the-IFG,RIGHT,4883,4883.0,BRN-CER-COR,anatomical_structure,1
IXI356,UNesT,0.2.7,BRN-OPIFG-OPERCULAR-PART-OF-THE-IFG,OpIFG-opercular-part-of-the-IFG,LEFT,5677,5677.0,BRN-CER-COR,anatomical_structure,1
IXI356,UNesT,0.2.7,BRN-ORIFG-ORBITAL-PART-OF-THE-IFG,OrIFG-orbital-part-of-the-IFG,RIGHT,3202,3202.0,BRN-CER-COR,anatomical_structure,1
IXI356,UNesT,0.2.7,BRN-ORIFG-ORBITAL-PART-OF-THE-IFG,OrIFG-orbital-part-of-the-IFG,LEFT,3352,3352.0,BRN-CER-COR,anatomical_structure,1
IXI356,UNesT,0.2.7,BRN-POSTERIOR-CINGULATE-GYRUS,PCgG--posterior-cingulate-gyrus,RIGHT,5722,5722.0,BRN-LIM,anatomical_structure,4
IXI356,UNesT,0.2.7,BRN-POSTERIOR-CINGULATE-GYRUS,PCgG--posterior-cingulate-gyrus,LEFT,5759,5759.0,BRN-LIM,anatomical_structure,4
IXI356,UNesT,0.2.7,BRN-PCU,PCu---precuneus,RIGHT,16741,16741.0,BRN-PAR,cortical_structure,4
IXI356,UNesT,0.2.7,BRN-PCU,PCu---precuneus,LEFT,17920,17920.0,BRN-PAR,cortical_structure,4
IXI356,UNesT,0.2.7,BRN-PARAHIPPOCAMPAL-GYRUS,PHG---parahippocampal-gyrus,RIGHT,3605,3605.0,BRN-LIM,anatomical_structure,4
IXI356,UNesT,0.2.7,BRN-PARAHIPPOCAMPAL-GYRUS,PHG---parahippocampal-gyrus,LEFT,3938,3938.0,BRN-LIM,anatomical_structure,4
IXI356,UNesT,0.2.7,BRN-POSTERIOR-INSULA,PIns--posterior-insula,RIGHT,3263,3263.0,BRN-INS,anatomical_structure,4
IXI356,UNesT,0.2.7,BRN-POSTERIOR-INSULA,PIns--posterior-insula,LEFT,2852,2852.0,BRN-INS,anatomical_structure,4
IXI356,UNesT,0.2.7,BRN-PARIETAL-OPERCULUM,PO----parietal-operculum,RIGHT,3726,3726.0,BRN-PAR,anatomical_structure,4
IXI356,UNesT,0.2.7,BRN-PARIETAL-OPERCULUM,PO----parietal-operculum,LEFT,4707,4707.0,BRN-PAR,anatomical_structure,4
IXI356,UNesT,0.2.7,BRN-POG,MPoG--postcentral-gyrus,RIGHT,17501,17501.0,BRN-PAR,cortical_structure,4
IXI356,UNesT,0.2.7,BRN-POG,MPoG--postcentral-gyrus,LEFT,17765,17765.0,BRN-PAR,cortical_structure,4
IXI356,UNesT,0.2.7,BRN-POSTERIOR-ORBITAL-GYRUS,POrG--posterior-orbital-gyrus,RIGHT,3419,3419.0,BRN-FRO,anatomical_structure,4
IXI356,UNesT,0.2.7,BRN-POSTERIOR-ORBITAL-GYRUS,POrG--posterior-orbital-gyrus,LEFT,3743,3743.0,BRN-FRO,anatomical_structure,4
IXI356,UNesT,0.2.7,BRN-PLANUM-POLARE,PP----planum-polare,RIGHT,2828,2828.0,BRN-TEM,anatomical_structure,4
IXI356,UNesT,0.2.7,BRN-PLANUM-POLARE,PP----planum-polare,LEFT,3261,3261.0,BRN-TEM,anatomical_structure,4
IXI356,UNesT,0.2.7,BRN-PRG,MPrG--precentral-gyrus,RIGHT,24851,24851.0,BRN-FRO,cortical_structure,4
IXI356,UNesT,0.2.7,BRN-PRG,MPrG--precentral-gyrus,LEFT,26079,26079.0,BRN-FRO,cortical_structure,4
IXI356,UNesT,0.2.7,BRN-PLANUM-TEMPORALE,PT----planum-temporale,RIGHT,2909,2909.0,BRN-TEM,anatomical_structure,4
IXI356,UNesT,0.2.7,BRN-PLANUM-TEMPORALE,PT----planum-temporale,LEFT,3128,3128.0,BRN-TEM,anatomical_structure,4
IXI356,UNesT,0.2.7,BRN-SUBCALLOSAL-AREA,SCA---subcallosal-area,RIGHT,708,708.0,BRN-LIM,anatomical_structure,4
IXI356,UNesT,0.2.7,BRN-SUBCALLOSAL-AREA,SCA---subcallosal-area,LEFT,584,584.0,BRN-LIM,anatomical_structure,4
IXI356,UNesT,0.2.7,BRN-SUPPLEMENTARY-MOTOR-CORTEX,SMC---supplementary-motor-cortex,RIGHT,8411,8411.0,BRN-FRO,anatomical_structure,4
IXI356,UNesT,0.2.7,BRN-SUPPLEMENTARY-MOTOR-CORTEX,SMC---supplementary-motor-cortex,LEFT,10225,10225.0,BRN-FRO,anatomical_structure,4
IXI356,UNesT,0.2.7,BRN-SUPRAMARGINAL-GYRUS,SMG---supramarginal-gyrus,RIGHT,13197,13197.0,BRN-PAR,anatomical_structure,4
IXI356,UNesT,0.2.7,BRN-SUPRAMARGINAL-GYRUS,SMG---supramarginal-gyrus,LEFT,13520,13520.0,BRN-PAR,anatomical_structure,4
IXI356,UNesT,0.2.7,BRN-SUPERIOR-OCCIPITAL-GYRUS,SOG---superior-occipital-gyrus,RIGHT,6541,6541.0,BRN-OCC,anatomical_structure,4
IXI356,UNesT,0.2.7,BRN-SUPERIOR-OCCIPITAL-GYRUS,SOG---superior-occipital-gyrus,LEFT,4254,4254.0,BRN-OCC,anatomical_structure,4
IXI356,UNesT,0.2.7,BRN-SUPERIOR-PARIETAL-LOBULE,SPL---superior-parietal-lobule,RIGHT,20939,20939.0,BRN-CER-COR,anatomical_structure,1
IXI356,UNesT,0.2.7,BRN-SUPERIOR-PARIETAL-LOBULE,SPL---superior-parietal-lobule,LEFT,23809,23809.0,BRN-CER-COR,anatomical_structure,1
IXI356,UNesT,0.2.7,BRN-SUPERIOR-TEMPORAL-GYRUS,STG---superior-temporal-gyrus,RIGHT,9893,9893.0,BRN-TEM,anatomical_structure,4
IXI356,UNesT,0.2.7,BRN-SUPERIOR-TEMPORAL-GYRUS,STG---superior-temporal-gyrus,LEFT,11150,11150.0,BRN-TEM,anatomical_structure,4
IXI356,UNesT,0.2.7,BRN-TEMPORAL-POLE,TMP---temporal-pole,RIGHT,10814,10814.0,BRN-TEM,anatomical_structure,4
IXI356,UNesT,0.2.7,BRN-TEMPORAL-POLE,TMP---temporal-pole,LEFT,9799,9799.0,BRN-TEM,anatomical_structure,4
IXI356,UNesT,0.2.7,BRN-TRIFG-TRIANGULAR-PART-OF-THE-IFG,TrIFG-triangular-part-of-the-IFG,RIGHT,4911,4911.0,BRN-CER-COR,anatomical_structure,1
IXI356,UNesT,0.2.7,BRN-TRIFG-TRIANGULAR-PART-OF-THE-IFG,TrIFG-triangular-part-of-the-IFG,LEFT,6512,6512.0,BRN-CER-COR,anatomical_structure,1
IXI356,UNesT,0.2.7,BRN-TRANSVERSE-TEMPORAL-GYRUS,TTG---transverse-temporal-gyrus,RIGHT,2096,2096.0,BRN-TEM,anatomical_structure,4
IXI356,UNesT,0.2.7,BRN-TRANSVERSE-TEMPORAL-GYRUS,TTG---transverse-temporal-gyrus,LEFT,2760,2760.0,BRN-TEM,anatomical_structure,4
IXI345,UNesT,0.2.7,BRN-3RD-VENTRICLE,3rd-Ventricle,NONE,4091,4091.0,BRN-VEN,anatomical_structure,1
IXI345,UNesT,0.2.7,BRN-4TH-VENTRICLE,4th-Ventricle,NONE,1647,1647.0,BRN-VEN,anatomical_structure,1
IXI345,UNesT,0.2.7,BRN-ACC,Accumbens-Area,RIGHT,536,536.0,BRN-DGM,anatomical_structure,1
IXI345,UNesT,0.2.7,BRN-ACC,Accumbens-Area,LEFT,523,523.0,BRN-DGM,anatomical_structure,1
IXI345,UNesT,0.2.7,BRN-AMY,Amygdala,RIGHT,1385,1385.0,BRN-DGM,deep_gray_matter,1
IXI345,UNesT,0.2.7,BRN-AMY,Amygdala,LEFT,1481,1481.0,BRN-DGM,deep_gray_matter,1
IXI345,UNesT,0.2.7,BRN-BST,Brain-Stem,NONE,19493,19493.0,BRN-BST-GRP,brainstem,1
IXI345,UNesT,0.2.7,BRN-CAU,Caudate,RIGHT,3597,3597.0,BRN-DGM,deep_gray_matter,1
IXI345,UNesT,0.2.7,BRN-CAU,Caudate,LEFT,3778,3778.0,BRN-DGM,deep_gray_matter,1
IXI345,UNesT,0.2.7,BRN-CB-EXT,Cerebellum-Exterior,RIGHT,78530,78530.0,BRN-CBL,anatomical_structure,1
IXI345,UNesT,0.2.7,BRN-CB-EXT,Cerebellum-Exterior,LEFT,69319,69319.0,BRN-CBL,anatomical_structure,1
IXI345,UNesT,0.2.7,BRN-CB-WM,Cerebellum-White-Matter,RIGHT,4458,4458.0,BRN-CBL,anatomical_structure,1
IXI345,UNesT,0.2.7,BRN-CB-WM,Cerebellum-White-Matter,LEFT,9221,9221.0,BRN-CBL,anatomical_structure,1
IXI345,UNesT,0.2.7,BRN-CER-WM,Cerebral-White-Matter,RIGHT,227298,227298.0,BRN-WM,anatomical_structure,1
IXI345,UNesT,0.2.7,BRN-CER-WM,Cerebral-White-Matter,LEFT,267541,267541.0,BRN-WM,anatomical_structure,1
IXI345,UNesT,0.2.7,BRN-HIP,Hippocampus,RIGHT,5462,5462.0,BRN-LIM,deep_gray_matter,1
IXI345,UNesT,0.2.7,BRN-HIP,Hippocampus,LEFT,4871,4871.0,BRN-LIM,deep_gray_matter,1
IXI345,UNesT,0.2.7,BRN-INF-LAT-V,Inf-Lat-Vent,RIGHT,674,674.0,BRN-VEN,anatomical_structure,1
IXI345,UNesT,0.2.7,BRN-INF-LAT-V,Inf-Lat-Vent,LEFT,264,264.0,BRN-VEN,anatomical_structure,1
IXI345,UNesT,0.2.7,BRN-LAT-V,Lateral-Ventricle,RIGHT,21159,21159.0,BRN-VEN,anatomical_structure,1
IXI345,UNesT,0.2.7,BRN-LAT-V,Lateral-Ventricle,LEFT,25975,25975.0,BRN-VEN,anatomical_structure,1
IXI345,UNesT,0.2.7,BRN-PAL,Pallidum,RIGHT,1605,1605.0,BRN-DGM,deep_gray_matter,1
IXI345,UNesT,0.2.7,BRN-PAL,Pallidum,LEFT,1898,1898.0,BRN-DGM,deep_gray_matter,1
IXI345,UNesT,0.2.7,BRN-PUT,Putamen,RIGHT,4850,4850.0,BRN-DGM,deep_gray_matter,1
IXI345,UNesT,0.2.7,BRN-PUT,Putamen,LEFT,4132,4132.0,BRN-DGM,deep_gray_matter,1
IXI345,UNesT,0.2.7,BRN-THA,Thalamus-Proper,RIGHT,9048,9048.0,BRN-DGM,deep_gray_matter,1
IXI345,UNesT,0.2.7,BRN-THA,Thalamus-Proper,LEFT,9796,9796.0,BRN-DGM,deep_gray_matter,1
IXI345,UNesT,0.2.7,BRN-VDC,Ventral-DC,RIGHT,5968,5968.0,BRN-DGM,anatomical_structure,1
IXI345,UNesT,0.2.7,BRN-VDC,Ventral-DC,LEFT,6002,6002.0,BRN-DGM,anatomical_structure,1
IXI345,UNesT,0.2.7,BRN-CEREBELLAR-VERMAL-LOBULES-I-V,Cerebellar-Vermal-Lobules-I-V,NONE,7827,7827.0,BRN-CBL,anatomical_structure,1
IXI345,UNesT,0.2.7,BRN-CEREBELLAR-VERMAL-LOBULES-VI-VII,Cerebellar-Vermal-Lobules-VI-VII,NONE,3556,3556.0,BRN-CBL,anatomical_structure,1
IXI345,UNesT,0.2.7,BRN-CEREBELLAR-VERMAL-LOBULES-VIII-X,Cerebellar-Vermal-Lobules-VIII-X,NONE,3756,3756.0,BRN-CBL,anatomical_structure,1
IXI345,UNesT,0.2.7,BRN-BASAL-FOREBRAIN,Basal-Forebrain,LEFT,845,845.0,BRN-DGM,anatomical_structure,1
IXI345,UNesT,0.2.7,BRN-BASAL-FOREBRAIN,Basal-Forebrain,RIGHT,665,665.0,BRN-DGM,anatomical_structure,1
IXI345,UNesT,0.2.7,BRN-ANTERIOR-CINGULATE-GYRUS,ACgG--anterior-cingulate-gyrus,RIGHT,7520,7520.0,BRN-LIM,anatomical_structure,4
IXI345,UNesT,0.2.7,BRN-ANTERIOR-CINGULATE-GYRUS,ACgG--anterior-cingulate-gyrus,LEFT,7623,7623.0,BRN-LIM,anatomical_structure,4
IXI345,UNesT,0.2.7,BRN-ANTERIOR-INSULA,AIns--anterior-insula,RIGHT,4947,4947.0,BRN-INS,anatomical_structure,4
IXI345,UNesT,0.2.7,BRN-ANTERIOR-INSULA,AIns--anterior-insula,LEFT,4727,4727.0,BRN-INS,anatomical_structure,4
IXI345,UNesT,0.2.7,BRN-ANTERIOR-ORBITAL-GYRUS,AOrG--anterior-orbital-gyrus,RIGHT,3495,3495.0,BRN-FRO,anatomical_structure,4
IXI345,UNesT,0.2.7,BRN-ANTERIOR-ORBITAL-GYRUS,AOrG--anterior-orbital-gyrus,LEFT,2225,2225.0,BRN-FRO,anatomical_structure,4
IXI345,UNesT,0.2.7,BRN-ANGULAR-GYRUS,AnG---angular-gyrus,RIGHT,16472,16472.0,BRN-PAR,anatomical_structure,4
IXI345,UNesT,0.2.7,BRN-ANGULAR-GYRUS,AnG---angular-gyrus,LEFT,12055,12055.0,BRN-PAR,anatomical_structure,4
IXI345,UNesT,0.2.7,BRN-CALCARINE-CORTEX,Calc--calcarine-cortex,RIGHT,3659,3659.0,BRN-OCC,anatomical_structure,4
IXI345,UNesT,0.2.7,BRN-CALCARINE-CORTEX,Calc--calcarine-cortex,LEFT,4443,4443.0,BRN-OCC,anatomical_structure,4
IXI345,UNesT,0.2.7,BRN-CENTRAL-OPERCULUM,CO----central-operculum,RIGHT,6873,6873.0,BRN-CER-COR,anatomical_structure,3
IXI345,UNesT,0.2.7,BRN-CENTRAL-OPERCULUM,CO----central-operculum,LEFT,7346,7346.0,BRN-CER-COR,anatomical_structure,3
IXI345,UNesT,0.2.7,BRN-CUNEUS,Cun---cuneus,RIGHT,6150,6150.0,BRN-CER-COR,anatomical_structure,1
IXI345,UNesT,0.2.7,BRN-CUNEUS,Cun---cuneus,LEFT,5080,5080.0,BRN-CER-COR,anatomical_structure,1
IXI345,UNesT,0.2.7,BRN-ENTORHINAL-AREA,Ent---entorhinal-area,RIGHT,3498,3498.0,BRN-LIM,anatomical_structure,1
IXI345,UNesT,0.2.7,BRN-ENTORHINAL-AREA,Ent---entorhinal-area,LEFT,2785,2785.0,BRN-LIM,anatomical_structure,1
IXI345,UNesT,0.2.7,BRN-FRONTAL-OPERCULUM,FO----frontal-operculum,RIGHT,2808,2808.0,BRN-FRO,anatomical_structure,4
IXI345,UNesT,0.2.7,BRN-FRONTAL-OPERCULUM,FO----frontal-operculum,LEFT,2056,2056.0,BRN-FRO,anatomical_structure,4
IXI345,UNesT,0.2.7,BRN-FRONTAL-POLE,FRP---frontal-pole,RIGHT,5860,5860.0,BRN-FRO,anatomical_structure,4
IXI345,UNesT,0.2.7,BRN-FRONTAL-POLE,FRP---frontal-pole,LEFT,5451,5451.0,BRN-FRO,anatomical_structure,4
IXI345,UNesT,0.2.7,BRN-FUSIFORM-GYRUS,FuG---fusiform-gyrus,RIGHT,9981,9981.0,BRN-TEM,anatomical_structure,4
IXI345,UNesT,0.2.7,BRN-FUSIFORM-GYRUS,FuG---fusiform-gyrus,LEFT,9428,9428.0,BRN-TEM,anatomical_structure,4
IXI345,UNesT,0.2.7,BRN-GYRUS-RECTUS,GRe---gyrus-rectus,RIGHT,3104,3104.0,BRN-FRO,anatomical_structure,4
IXI345,UNesT,0.2.7,BRN-GYRUS-RECTUS,GRe---gyrus-rectus,LEFT,3835,3835.0,BRN-FRO,anatomical_structure,4
IXI345,UNesT,0.2.7,BRN-INFERIOR-OCCIPITAL-GYRUS,IOG---inferior-occipital-gyrus,RIGHT,9862,9862.0,BRN-OCC,anatomical_structure,4
IXI345,UNesT,0.2.7,BRN-INFERIOR-OCCIPITAL-GYRUS,IOG---inferior-occipital-gyrus,LEFT,8954,8954.0,BRN-OCC,anatomical_structure,4
IXI345,UNesT,0.2.7,BRN-INFERIOR-TEMPORAL-GYRUS,ITG---inferior-temporal-gyrus,RIGHT,18236,18236.0,BRN-TEM,anatomical_structure,4
IXI345,UNesT,0.2.7,BRN-INFERIOR-TEMPORAL-GYRUS,ITG---inferior-temporal-gyrus,LEFT,20688,20688.0,BRN-TEM,anatomical_structure,4
IXI345,UNesT,0.2.7,BRN-LINGUAL-GYRUS,LiG---lingual-gyrus,RIGHT,13655,13655.0,BRN-OCC,anatomical_structure,4
IXI345,UNesT,0.2.7,BRN-LINGUAL-GYRUS,LiG---lingual-gyrus,LEFT,12399,12399.0,BRN-OCC,anatomical_structure,4
IXI345,UNesT,0.2.7,BRN-LATERAL-ORBITAL-GYRUS,LOrG--lateral-orbital-gyrus,RIGHT,4412,4412.0,BRN-FRO,anatomical_structure,4
IXI345,UNesT,0.2.7,BRN-LATERAL-ORBITAL-GYRUS,LOrG--lateral-orbital-gyrus,LEFT,3313,3313.0,BRN-FRO,anatomical_structure,4
IXI345,UNesT,0.2.7,BRN-MIDDLE-CINGULATE-GYRUS,MCgG--middle-cingulate-gyrus,RIGHT,7985,7985.0,BRN-LIM,anatomical_structure,4
IXI345,UNesT,0.2.7,BRN-MIDDLE-CINGULATE-GYRUS,MCgG--middle-cingulate-gyrus,LEFT,6146,6146.0,BRN-LIM,anatomical_structure,4
IXI345,UNesT,0.2.7,BRN-MEDIAL-FRONTAL-CORTEX,MFC---medial-frontal-cortex,RIGHT,3353,3353.0,BRN-FRO,anatomical_structure,4
IXI345,UNesT,0.2.7,BRN-MEDIAL-FRONTAL-CORTEX,MFC---medial-frontal-cortex,LEFT,2858,2858.0,BRN-FRO,anatomical_structure,4
IXI345,UNesT,0.2.7,BRN-MIDDLE-FRONTAL-GYRUS,MFG---middle-frontal-gyrus,RIGHT,30671,30671.0,BRN-FRO,anatomical_structure,4
IXI345,UNesT,0.2.7,BRN-MIDDLE-FRONTAL-GYRUS,MFG---middle-frontal-gyrus,LEFT,32774,32774.0,BRN-FRO,anatomical_structure,4
IXI345,UNesT,0.2.7,BRN-MIDDLE-OCCIPITAL-GYRUS,MOG---middle-occipital-gyrus,RIGHT,5953,5953.0,BRN-OCC,anatomical_structure,4
IXI345,UNesT,0.2.7,BRN-MIDDLE-OCCIPITAL-GYRUS,MOG---middle-occipital-gyrus,LEFT,6182,6182.0,BRN-OCC,anatomical_structure,4
IXI345,UNesT,0.2.7,BRN-MEDIAL-ORBITAL-GYRUS,MOrG--medial-orbital-gyrus,RIGHT,5228,5228.0,BRN-FRO,anatomical_structure,4
IXI345,UNesT,0.2.7,BRN-MEDIAL-ORBITAL-GYRUS,MOrG--medial-orbital-gyrus,LEFT,5685,5685.0,BRN-FRO,anatomical_structure,4
IXI345,UNesT,0.2.7,BRN-POG-MED,"Postcentral Gyrus, Medial Segment",RIGHT,1817,1817.0,BRN-PAR,cortical_subregion,4
IXI345,UNesT,0.2.7,BRN-POG-MED,"Postcentral Gyrus, Medial Segment",LEFT,1816,1816.0,BRN-PAR,cortical_subregion,4
IXI345,UNesT,0.2.7,BRN-PRG-MED,"Precentral Gyrus, Medial Segment",RIGHT,3287,3287.0,BRN-FRO,cortical_subregion,4
IXI345,UNesT,0.2.7,BRN-PRG-MED,"Precentral Gyrus, Medial Segment",LEFT,3687,3687.0,BRN-FRO,cortical_subregion,4
IXI345,UNesT,0.2.7,BRN-SUPERIOR-FRONTAL-GYRUS,MSFG--superior-frontal-gyrus,RIGHT,33802,33802.0,BRN-FRO,anatomical_structure,4
IXI345,UNesT,0.2.7,BRN-SUPERIOR-FRONTAL-GYRUS,MSFG--superior-frontal-gyrus,LEFT,30601,30601.0,BRN-FRO,anatomical_structure,4
IXI345,UNesT,0.2.7,BRN-MIDDLE-TEMPORAL-GYRUS,MTG---middle-temporal-gyrus,RIGHT,23275,23275.0,BRN-TEM,anatomical_structure,4
IXI345,UNesT,0.2.7,BRN-MIDDLE-TEMPORAL-GYRUS,MTG---middle-temporal-gyrus,LEFT,18082,18082.0,BRN-TEM,anatomical_structure,4
IXI345,UNesT,0.2.7,BRN-OCCIPITAL-POLE,OCP---occipital-pole,RIGHT,4536,4536.0,BRN-OCC,anatomical_structure,4
IXI345,UNesT,0.2.7,BRN-OCCIPITAL-POLE,OCP---occipital-pole,LEFT,5129,5129.0,BRN-OCC,anatomical_structure,4
IXI345,UNesT,0.2.7,BRN-OCCIPITAL-FUSIFORM-GYRUS,OFuG--occipital-fusiform-gyrus,RIGHT,7917,7917.0,BRN-OCC,anatomical_structure,4
IXI345,UNesT,0.2.7,BRN-OCCIPITAL-FUSIFORM-GYRUS,OFuG--occipital-fusiform-gyrus,LEFT,6200,6200.0,BRN-OCC,anatomical_structure,4
IXI345,UNesT,0.2.7,BRN-OPIFG-OPERCULAR-PART-OF-THE-IFG,OpIFG-opercular-part-of-the-IFG,RIGHT,5092,5092.0,BRN-CER-COR,anatomical_structure,1
IXI345,UNesT,0.2.7,BRN-OPIFG-OPERCULAR-PART-OF-THE-IFG,OpIFG-opercular-part-of-the-IFG,LEFT,4008,4008.0,BRN-CER-COR,anatomical_structure,1
IXI345,UNesT,0.2.7,BRN-ORIFG-ORBITAL-PART-OF-THE-IFG,OrIFG-orbital-part-of-the-IFG,RIGHT,2105,2105.0,BRN-CER-COR,anatomical_structure,1
IXI345,UNesT,0.2.7,BRN-ORIFG-ORBITAL-PART-OF-THE-IFG,OrIFG-orbital-part-of-the-IFG,LEFT,2557,2557.0,BRN-CER-COR,anatomical_structure,1
IXI345,UNesT,0.2.7,BRN-POSTERIOR-CINGULATE-GYRUS,PCgG--posterior-cingulate-gyrus,RIGHT,5976,5976.0,BRN-LIM,anatomical_structure,4
IXI345,UNesT,0.2.7,BRN-POSTERIOR-CINGULATE-GYRUS,PCgG--posterior-cingulate-gyrus,LEFT,4825,4825.0,BRN-LIM,anatomical_structure,4
IXI345,UNesT,0.2.7,BRN-PCU,PCu---precuneus,RIGHT,12488,12488.0,BRN-PAR,cortical_structure,4
IXI345,UNesT,0.2.7,BRN-PCU,PCu---precuneus,LEFT,11146,11146.0,BRN-PAR,cortical_structure,4
IXI345,UNesT,0.2.7,BRN-PARAHIPPOCAMPAL-GYRUS,PHG---parahippocampal-gyrus,RIGHT,4051,4051.0,BRN-LIM,anatomical_structure,4
IXI345,UNesT,0.2.7,BRN-PARAHIPPOCAMPAL-GYRUS,PHG---parahippocampal-gyrus,LEFT,3973,3973.0,BRN-LIM,anatomical_structure,4
IXI345,UNesT,0.2.7,BRN-POSTERIOR-INSULA,PIns--posterior-insula,RIGHT,4403,4403.0,BRN-INS,anatomical_structure,4
IXI345,UNesT,0.2.7,BRN-POSTERIOR-INSULA,PIns--posterior-insula,LEFT,3564,3564.0,BRN-INS,anatomical_structure,4
IXI345,UNesT,0.2.7,BRN-PARIETAL-OPERCULUM,PO----parietal-operculum,RIGHT,3925,3925.0,BRN-PAR,anatomical_structure,4
IXI345,UNesT,0.2.7,BRN-PARIETAL-OPERCULUM,PO----parietal-operculum,LEFT,4125,4125.0,BRN-PAR,anatomical_structure,4
IXI345,UNesT,0.2.7,BRN-POG,MPoG--postcentral-gyrus,RIGHT,15808,15808.0,BRN-PAR,cortical_structure,4
IXI345,UNesT,0.2.7,BRN-POG,MPoG--postcentral-gyrus,LEFT,16054,16054.0,BRN-PAR,cortical_structure,4
IXI345,UNesT,0.2.7,BRN-POSTERIOR-ORBITAL-GYRUS,POrG--posterior-orbital-gyrus,RIGHT,4027,4027.0,BRN-FRO,anatomical_structure,4
IXI345,UNesT,0.2.7,BRN-POSTERIOR-ORBITAL-GYRUS,POrG--posterior-orbital-gyrus,LEFT,4573,4573.0,BRN-FRO,anatomical_structure,4
IXI345,UNesT,0.2.7,BRN-PLANUM-POLARE,PP----planum-polare,RIGHT,3528,3528.0,BRN-TEM,anatomical_structure,4
IXI345,UNesT,0.2.7,BRN-PLANUM-POLARE,PP----planum-polare,LEFT,4256,4256.0,BRN-TEM,anatomical_structure,4
IXI345,UNesT,0.2.7,BRN-PRG,MPrG--precentral-gyrus,RIGHT,19491,19491.0,BRN-FRO,cortical_structure,4
IXI345,UNesT,0.2.7,BRN-PRG,MPrG--precentral-gyrus,LEFT,19162,19162.0,BRN-FRO,cortical_structure,4
IXI345,UNesT,0.2.7,BRN-PLANUM-TEMPORALE,PT----planum-temporale,RIGHT,3220,3220.0,BRN-TEM,anatomical_structure,4
IXI345,UNesT,0.2.7,BRN-PLANUM-TEMPORALE,PT----planum-temporale,LEFT,3201,3201.0,BRN-TEM,anatomical_structure,4
IXI345,UNesT,0.2.7,BRN-SUBCALLOSAL-AREA,SCA---subcallosal-area,RIGHT,1908,1908.0,BRN-LIM,anatomical_structure,4
IXI345,UNesT,0.2.7,BRN-SUBCALLOSAL-AREA,SCA---subcallosal-area,LEFT,2388,2388.0,BRN-LIM,anatomical_structure,4
IXI345,UNesT,0.2.7,BRN-SUPPLEMENTARY-MOTOR-CORTEX,SMC---supplementary-motor-cortex,RIGHT,7722,7722.0,BRN-FRO,anatomical_structure,4
IXI345,UNesT,0.2.7,BRN-SUPPLEMENTARY-MOTOR-CORTEX,SMC---supplementary-motor-cortex,LEFT,9772,9772.0,BRN-FRO,anatomical_structure,4
IXI345,UNesT,0.2.7,BRN-SUPRAMARGINAL-GYRUS,SMG---supramarginal-gyrus,RIGHT,10263,10263.0,BRN-PAR,anatomical_structure,4
IXI345,UNesT,0.2.7,BRN-SUPRAMARGINAL-GYRUS,SMG---supramarginal-gyrus,LEFT,10515,10515.0,BRN-PAR,anatomical_structure,4
IXI345,UNesT,0.2.7,BRN-SUPERIOR-OCCIPITAL-GYRUS,SOG---superior-occipital-gyrus,RIGHT,5155,5155.0,BRN-OCC,anatomical_structure,4
IXI345,UNesT,0.2.7,BRN-SUPERIOR-OCCIPITAL-GYRUS,SOG---superior-occipital-gyrus,LEFT,4637,4637.0,BRN-OCC,anatomical_structure,4
IXI345,UNesT,0.2.7,BRN-SUPERIOR-PARIETAL-LOBULE,SPL---superior-parietal-lobule,RIGHT,14510,14510.0,BRN-CER-COR,anatomical_structure,1
IXI345,UNesT,0.2.7,BRN-SUPERIOR-PARIETAL-LOBULE,SPL---superior-parietal-lobule,LEFT,15104,15104.0,BRN-CER-COR,anatomical_structure,1
IXI345,UNesT,0.2.7,BRN-SUPERIOR-TEMPORAL-GYRUS,STG---superior-temporal-gyrus,RIGHT,10010,10010.0,BRN-TEM,anatomical_structure,4
IXI345,UNesT,0.2.7,BRN-SUPERIOR-TEMPORAL-GYRUS,STG---superior-temporal-gyrus,LEFT,10429,10429.0,BRN-TEM,anatomical_structure,4
IXI345,UNesT,0.2.7,BRN-TEMPORAL-POLE,TMP---temporal-pole,RIGHT,13973,13973.0,BRN-TEM,anatomical_structure,4
IXI345,UNesT,0.2.7,BRN-TEMPORAL-POLE,TMP---temporal-pole,LEFT,13200,13200.0,BRN-TEM,anatomical_structure,4
IXI345,UNesT,0.2.7,BRN-TRIFG-TRIANGULAR-PART-OF-THE-IFG,TrIFG-triangular-part-of-the-IFG,RIGHT,4925,4925.0,BRN-CER-COR,anatomical_structure,1
IXI345,UNesT,0.2.7,BRN-TRIFG-TRIANGULAR-PART-OF-THE-IFG,TrIFG-triangular-part-of-the-IFG,LEFT,4755,4755.0,BRN-CER-COR,anatomical_structure,1
IXI345,UNesT,0.2.7,BRN-TRANSVERSE-TEMPORAL-GYRUS,TTG---transverse-temporal-gyrus,RIGHT,2892,2892.0,BRN-TEM,anatomical_structure,4
IXI345,UNesT,0.2.7,BRN-TRANSVERSE-TEMPORAL-GYRUS,TTG---transverse-temporal-gyrus,LEFT,3033,3033.0,BRN-TEM,anatomical_structure,4
IXI348,UNesT,0.2.7,BRN-3RD-VENTRICLE,3rd-Ventricle,NONE,2279,2279.0,BRN-VEN,anatomical_structure,1
IXI348,UNesT,0.2.7,BRN-4TH-VENTRICLE,4th-Ventricle,NONE,2046,2046.0,BRN-VEN,anatomical_structure,1
IXI348,UNesT,0.2.7,BRN-ACC,Accumbens-Area,RIGHT,555,555.0,BRN-DGM,anatomical_structure,1
IXI348,UNesT,0.2.7,BRN-ACC,Accumbens-Area,LEFT,618,618.0,BRN-DGM,anatomical_structure,1
IXI348,UNesT,0.2.7,BRN-AMY,Amygdala,RIGHT,1578,1578.0,BRN-DGM,deep_gray_matter,1
IXI348,UNesT,0.2.7,BRN-AMY,Amygdala,LEFT,1414,1414.0,BRN-DGM,deep_gray_matter,1
IXI348,UNesT,0.2.7,BRN-BST,Brain-Stem,NONE,23553,23553.0,BRN-BST-GRP,brainstem,1
IXI348,UNesT,0.2.7,BRN-CAU,Caudate,RIGHT,4239,4239.0,BRN-DGM,deep_gray_matter,1
IXI348,UNesT,0.2.7,BRN-CAU,Caudate,LEFT,4233,4233.0,BRN-DGM,deep_gray_matter,1
IXI348,UNesT,0.2.7,BRN-CB-EXT,Cerebellum-Exterior,RIGHT,67343,67343.0,BRN-CBL,anatomical_structure,1
IXI348,UNesT,0.2.7,BRN-CB-EXT,Cerebellum-Exterior,LEFT,66227,66227.0,BRN-CBL,anatomical_structure,1
IXI348,UNesT,0.2.7,BRN-CB-WM,Cerebellum-White-Matter,RIGHT,18150,18150.0,BRN-CBL,anatomical_structure,1
IXI348,UNesT,0.2.7,BRN-CB-WM,Cerebellum-White-Matter,LEFT,16667,16667.0,BRN-CBL,anatomical_structure,1
IXI348,UNesT,0.2.7,BRN-CER-WM,Cerebral-White-Matter,RIGHT,289460,289460.0,BRN-WM,anatomical_structure,1
IXI348,UNesT,0.2.7,BRN-CER-WM,Cerebral-White-Matter,LEFT,253442,253442.0,BRN-WM,anatomical_structure,1
IXI348,UNesT,0.2.7,BRN-HIP,Hippocampus,RIGHT,4463,4463.0,BRN-LIM,deep_gray_matter,1
IXI348,UNesT,0.2.7,BRN-HIP,Hippocampus,LEFT,4317,4317.0,BRN-LIM,deep_gray_matter,1
IXI348,UNesT,0.2.7,BRN-INF-LAT-V,Inf-Lat-Vent,RIGHT,460,460.0,BRN-VEN,anatomical_structure,1
IXI348,UNesT,0.2.7,BRN-INF-LAT-V,Inf-Lat-Vent,LEFT,709,709.0,BRN-VEN,anatomical_structure,1
IXI348,UNesT,0.2.7,BRN-LAT-V,Lateral-Ventricle,RIGHT,15028,15028.0,BRN-VEN,anatomical_structure,1
IXI348,UNesT,0.2.7,BRN-LAT-V,Lateral-Ventricle,LEFT,13802,13802.0,BRN-VEN,anatomical_structure,1
IXI348,UNesT,0.2.7,BRN-PAL,Pallidum,RIGHT,2275,2275.0,BRN-DGM,deep_gray_matter,1
IXI348,UNesT,0.2.7,BRN-PAL,Pallidum,LEFT,2021,2021.0,BRN-DGM,deep_gray_matter,1
IXI348,UNesT,0.2.7,BRN-PUT,Putamen,RIGHT,5820,5820.0,BRN-DGM,deep_gray_matter,1
IXI348,UNesT,0.2.7,BRN-PUT,Putamen,LEFT,5927,5927.0,BRN-DGM,deep_gray_matter,1
IXI348,UNesT,0.2.7,BRN-THA,Thalamus-Proper,RIGHT,8423,8423.0,BRN-DGM,deep_gray_matter,1
IXI348,UNesT,0.2.7,BRN-THA,Thalamus-Proper,LEFT,9055,9055.0,BRN-DGM,deep_gray_matter,1
IXI348,UNesT,0.2.7,BRN-VDC,Ventral-DC,RIGHT,6374,6374.0,BRN-DGM,anatomical_structure,1
IXI348,UNesT,0.2.7,BRN-VDC,Ventral-DC,LEFT,6471,6471.0,BRN-DGM,anatomical_structure,1
IXI348,UNesT,0.2.7,BRN-CEREBELLAR-VERMAL-LOBULES-I-V,Cerebellar-Vermal-Lobules-I-V,NONE,6929,6929.0,BRN-CBL,anatomical_structure,1
IXI348,UNesT,0.2.7,BRN-CEREBELLAR-VERMAL-LOBULES-VI-VII,Cerebellar-Vermal-Lobules-VI-VII,NONE,3449,3449.0,BRN-CBL,anatomical_structure,1
IXI348,UNesT,0.2.7,BRN-CEREBELLAR-VERMAL-LOBULES-VIII-X,Cerebellar-Vermal-Lobules-VIII-X,NONE,4376,4376.0,BRN-CBL,anatomical_structure,1
IXI348,UNesT,0.2.7,BRN-BASAL-FOREBRAIN,Basal-Forebrain,LEFT,751,751.0,BRN-DGM,anatomical_structure,1
IXI348,UNesT,0.2.7,BRN-BASAL-FOREBRAIN,Basal-Forebrain,RIGHT,599,599.0,BRN-DGM,anatomical_structure,1
IXI348,UNesT,0.2.7,BRN-ANTERIOR-CINGULATE-GYRUS,ACgG--anterior-cingulate-gyrus,RIGHT,6686,6686.0,BRN-LIM,anatomical_structure,4
IXI348,UNesT,0.2.7,BRN-ANTERIOR-CINGULATE-GYRUS,ACgG--anterior-cingulate-gyrus,LEFT,6091,6091.0,BRN-LIM,anatomical_structure,4
IXI348,UNesT,0.2.7,BRN-ANTERIOR-INSULA,AIns--anterior-insula,RIGHT,5580,5580.0,BRN-INS,anatomical_structure,4
IXI348,UNesT,0.2.7,BRN-ANTERIOR-INSULA,AIns--anterior-insula,LEFT,5177,5177.0,BRN-INS,anatomical_structure,4
IXI348,UNesT,0.2.7,BRN-ANTERIOR-ORBITAL-GYRUS,AOrG--anterior-orbital-gyrus,RIGHT,2692,2692.0,BRN-FRO,anatomical_structure,4
IXI348,UNesT,0.2.7,BRN-ANTERIOR-ORBITAL-GYRUS,AOrG--anterior-orbital-gyrus,LEFT,3015,3015.0,BRN-FRO,anatomical_structure,4
IXI348,UNesT,0.2.7,BRN-ANGULAR-GYRUS,AnG---angular-gyrus,RIGHT,15154,15154.0,BRN-PAR,anatomical_structure,4
IXI348,UNesT,0.2.7,BRN-ANGULAR-GYRUS,AnG---angular-gyrus,LEFT,10649,10649.0,BRN-PAR,anatomical_structure,4
IXI348,UNesT,0.2.7,BRN-CALCARINE-CORTEX,Calc--calcarine-cortex,RIGHT,4172,4172.0,BRN-OCC,anatomical_structure,4
IXI348,UNesT,0.2.7,BRN-CALCARINE-CORTEX,Calc--calcarine-cortex,LEFT,4294,4294.0,BRN-OCC,anatomical_structure,4
IXI348,UNesT,0.2.7,BRN-CENTRAL-OPERCULUM,CO----central-operculum,RIGHT,5693,5693.0,BRN-CER-COR,anatomical_structure,3
IXI348,UNesT,0.2.7,BRN-CENTRAL-OPERCULUM,CO----central-operculum,LEFT,5949,5949.0,BRN-CER-COR,anatomical_structure,3
IXI348,UNesT,0.2.7,BRN-CUNEUS,Cun---cuneus,RIGHT,5549,5549.0,BRN-CER-COR,anatomical_structure,1
IXI348,UNesT,0.2.7,BRN-CUNEUS,Cun---cuneus,LEFT,6321,6321.0,BRN-CER-COR,anatomical_structure,1
IXI348,UNesT,0.2.7,BRN-ENTORHINAL-AREA,Ent---entorhinal-area,RIGHT,3249,3249.0,BRN-LIM,anatomical_structure,1
IXI348,UNesT,0.2.7,BRN-ENTORHINAL-AREA,Ent---entorhinal-area,LEFT,2781,2781.0,BRN-LIM,anatomical_structure,1
IXI348,UNesT,0.2.7,BRN-FRONTAL-OPERCULUM,FO----frontal-operculum,RIGHT,2622,2622.0,BRN-FRO,anatomical_structure,4
IXI348,UNesT,0.2.7,BRN-FRONTAL-OPERCULUM,FO----frontal-operculum,LEFT,2522,2522.0,BRN-FRO,anatomical_structure,4
IXI348,UNesT,0.2.7,BRN-FRONTAL-POLE,FRP---frontal-pole,RIGHT,5088,5088.0,BRN-FRO,anatomical_structure,4
IXI348,UNesT,0.2.7,BRN-FRONTAL-POLE,FRP---frontal-pole,LEFT,4024,4024.0,BRN-FRO,anatomical_structure,4
IXI348,UNesT,0.2.7,BRN-FUSIFORM-GYRUS,FuG---fusiform-gyrus,RIGHT,10586,10586.0,BRN-TEM,anatomical_structure,4
IXI348,UNesT,0.2.7,BRN-FUSIFORM-GYRUS,FuG---fusiform-gyrus,LEFT,11444,11444.0,BRN-TEM,anatomical_structure,4
IXI348,UNesT,0.2.7,BRN-GYRUS-RECTUS,GRe---gyrus-rectus,RIGHT,3204,3204.0,BRN-FRO,anatomical_structure,4
IXI348,UNesT,0.2.7,BRN-GYRUS-RECTUS,GRe---gyrus-rectus,LEFT,2986,2986.0,BRN-FRO,anatomical_structure,4
IXI348,UNesT,0.2.7,BRN-INFERIOR-OCCIPITAL-GYRUS,IOG---inferior-occipital-gyrus,RIGHT,9128,9128.0,BRN-OCC,anatomical_structure,4
IXI348,UNesT,0.2.7,BRN-INFERIOR-OCCIPITAL-GYRUS,IOG---inferior-occipital-gyrus,LEFT,7515,7515.0,BRN-OCC,anatomical_structure,4
IXI348,UNesT,0.2.7,BRN-INFERIOR-TEMPORAL-GYRUS,ITG---inferior-temporal-gyrus,RIGHT,17161,17161.0,BRN-TEM,anatomical_structure,4
IXI348,UNesT,0.2.7,BRN-INFERIOR-TEMPORAL-GYRUS,ITG---inferior-temporal-gyrus,LEFT,16710,16710.0,BRN-TEM,anatomical_structure,4
IXI348,UNesT,0.2.7,BRN-LINGUAL-GYRUS,LiG---lingual-gyrus,RIGHT,12234,12234.0,BRN-OCC,anatomical_structure,4
IXI348,UNesT,0.2.7,BRN-LINGUAL-GYRUS,LiG---lingual-gyrus,LEFT,12826,12826.0,BRN-OCC,anatomical_structure,4
IXI348,UNesT,0.2.7,BRN-LATERAL-ORBITAL-GYRUS,LOrG--lateral-orbital-gyrus,RIGHT,3589,3589.0,BRN-FRO,anatomical_structure,4
IXI348,UNesT,0.2.7,BRN-LATERAL-ORBITAL-GYRUS,LOrG--lateral-orbital-gyrus,LEFT,2649,2649.0,BRN-FRO,anatomical_structure,4
IXI348,UNesT,0.2.7,BRN-MIDDLE-CINGULATE-GYRUS,MCgG--middle-cingulate-gyrus,RIGHT,7017,7017.0,BRN-LIM,anatomical_structure,4
IXI348,UNesT,0.2.7,BRN-MIDDLE-CINGULATE-GYRUS,MCgG--middle-cingulate-gyrus,LEFT,6472,6472.0,BRN-LIM,anatomical_structure,4
IXI348,UNesT,0.2.7,BRN-MEDIAL-FRONTAL-CORTEX,MFC---medial-frontal-cortex,RIGHT,2823,2823.0,BRN-FRO,anatomical_structure,4
IXI348,UNesT,0.2.7,BRN-MEDIAL-FRONTAL-CORTEX,MFC---medial-frontal-cortex,LEFT,2672,2672.0,BRN-FRO,anatomical_structure,4
IXI348,UNesT,0.2.7,BRN-MIDDLE-FRONTAL-GYRUS,MFG---middle-frontal-gyrus,RIGHT,30672,30672.0,BRN-FRO,anatomical_structure,4
IXI348,UNesT,0.2.7,BRN-MIDDLE-FRONTAL-GYRUS,MFG---middle-frontal-gyrus,LEFT,31467,31467.0,BRN-FRO,anatomical_structure,4
IXI348,UNesT,0.2.7,BRN-MIDDLE-OCCIPITAL-GYRUS,MOG---middle-occipital-gyrus,RIGHT,6458,6458.0,BRN-OCC,anatomical_structure,4
IXI348,UNesT,0.2.7,BRN-MIDDLE-OCCIPITAL-GYRUS,MOG---middle-occipital-gyrus,LEFT,6494,6494.0,BRN-OCC,anatomical_structure,4
IXI348,UNesT,0.2.7,BRN-MEDIAL-ORBITAL-GYRUS,MOrG--medial-orbital-gyrus,RIGHT,5752,5752.0,BRN-FRO,anatomical_structure,4
IXI348,UNesT,0.2.7,BRN-MEDIAL-ORBITAL-GYRUS,MOrG--medial-orbital-gyrus,LEFT,5457,5457.0,BRN-FRO,anatomical_structure,4
IXI348,UNesT,0.2.7,BRN-POG-MED,"Postcentral Gyrus, Medial Segment",RIGHT,2580,2580.0,BRN-PAR,cortical_subregion,4
IXI348,UNesT,0.2.7,BRN-POG-MED,"Postcentral Gyrus, Medial Segment",LEFT,1221,1221.0,BRN-PAR,cortical_subregion,4
IXI348,UNesT,0.2.7,BRN-PRG-MED,"Precentral Gyrus, Medial Segment",RIGHT,4317,4317.0,BRN-FRO,cortical_subregion,4
IXI348,UNesT,0.2.7,BRN-PRG-MED,"Precentral Gyrus, Medial Segment",LEFT,3680,3680.0,BRN-FRO,cortical_subregion,4
IXI348,UNesT,0.2.7,BRN-SUPERIOR-FRONTAL-GYRUS,MSFG--superior-frontal-gyrus,RIGHT,35411,35411.0,BRN-FRO,anatomical_structure,4
IXI348,UNesT,0.2.7,BRN-SUPERIOR-FRONTAL-GYRUS,MSFG--superior-frontal-gyrus,LEFT,29543,29543.0,BRN-FRO,anatomical_structure,4
IXI348,UNesT,0.2.7,BRN-MIDDLE-TEMPORAL-GYRUS,MTG---middle-temporal-gyrus,RIGHT,16886,16886.0,BRN-TEM,anatomical_structure,4
IXI348,UNesT,0.2.7,BRN-MIDDLE-TEMPORAL-GYRUS,MTG---middle-temporal-gyrus,LEFT,16695,16695.0,BRN-TEM,anatomical_structure,4
IXI348,UNesT,0.2.7,BRN-OCCIPITAL-POLE,OCP---occipital-pole,RIGHT,3625,3625.0,BRN-OCC,anatomical_structure,4
IXI348,UNesT,0.2.7,BRN-OCCIPITAL-POLE,OCP---occipital-pole,LEFT,4956,4956.0,BRN-OCC,anatomical_structure,4
IXI348,UNesT,0.2.7,BRN-OCCIPITAL-FUSIFORM-GYRUS,OFuG--occipital-fusiform-gyrus,RIGHT,5693,5693.0,BRN-OCC,anatomical_structure,4
IXI348,UNesT,0.2.7,BRN-OCCIPITAL-FUSIFORM-GYRUS,OFuG--occipital-fusiform-gyrus,LEFT,6945,6945.0,BRN-OCC,anatomical_structure,4
IXI348,UNesT,0.2.7,BRN-OPIFG-OPERCULAR-PART-OF-THE-IFG,OpIFG-opercular-part-of-the-IFG,RIGHT,5700,5700.0,BRN-CER-COR,anatomical_structure,1
IXI348,UNesT,0.2.7,BRN-OPIFG-OPERCULAR-PART-OF-THE-IFG,OpIFG-opercular-part-of-the-IFG,LEFT,5308,5308.0,BRN-CER-COR,anatomical_structure,1
IXI348,UNesT,0.2.7,BRN-ORIFG-ORBITAL-PART-OF-THE-IFG,OrIFG-orbital-part-of-the-IFG,RIGHT,2160,2160.0,BRN-CER-COR,anatomical_structure,1
IXI348,UNesT,0.2.7,BRN-ORIFG-ORBITAL-PART-OF-THE-IFG,OrIFG-orbital-part-of-the-IFG,LEFT,2633,2633.0,BRN-CER-COR,anatomical_structure,1
IXI348,UNesT,0.2.7,BRN-POSTERIOR-CINGULATE-GYRUS,PCgG--posterior-cingulate-gyrus,RIGHT,5750,5750.0,BRN-LIM,anatomical_structure,4
IXI348,UNesT,0.2.7,BRN-POSTERIOR-CINGULATE-GYRUS,PCgG--posterior-cingulate-gyrus,LEFT,5332,5332.0,BRN-LIM,anatomical_structure,4
IXI348,UNesT,0.2.7,BRN-PCU,PCu---precuneus,RIGHT,15424,15424.0,BRN-PAR,cortical_structure,4
IXI348,UNesT,0.2.7,BRN-PCU,PCu---precuneus,LEFT,14403,14403.0,BRN-PAR,cortical_structure,4
IXI348,UNesT,0.2.7,BRN-PARAHIPPOCAMPAL-GYRUS,PHG---parahippocampal-gyrus,RIGHT,3311,3311.0,BRN-LIM,anatomical_structure,4
IXI348,UNesT,0.2.7,BRN-PARAHIPPOCAMPAL-GYRUS,PHG---parahippocampal-gyrus,LEFT,3569,3569.0,BRN-LIM,anatomical_structure,4
IXI348,UNesT,0.2.7,BRN-POSTERIOR-INSULA,PIns--posterior-insula,RIGHT,3118,3118.0,BRN-INS,anatomical_structure,4
IXI348,UNesT,0.2.7,BRN-POSTERIOR-INSULA,PIns--posterior-insula,LEFT,3347,3347.0,BRN-INS,anatomical_structure,4
IXI348,UNesT,0.2.7,BRN-PARIETAL-OPERCULUM,PO----parietal-operculum,RIGHT,3303,3303.0,BRN-PAR,anatomical_structure,4
IXI348,UNesT,0.2.7,BRN-PARIETAL-OPERCULUM,PO----parietal-operculum,LEFT,4012,4012.0,BRN-PAR,anatomical_structure,4
IXI348,UNesT,0.2.7,BRN-POG,MPoG--postcentral-gyrus,RIGHT,17212,17212.0,BRN-PAR,cortical_structure,4
IXI348,UNesT,0.2.7,BRN-POG,MPoG--postcentral-gyrus,LEFT,14946,14946.0,BRN-PAR,cortical_structure,4
IXI348,UNesT,0.2.7,BRN-POSTERIOR-ORBITAL-GYRUS,POrG--posterior-orbital-gyrus,RIGHT,4870,4870.0,BRN-FRO,anatomical_structure,4
IXI348,UNesT,0.2.7,BRN-POSTERIOR-ORBITAL-GYRUS,POrG--posterior-orbital-gyrus,LEFT,5156,5156.0,BRN-FRO,anatomical_structure,4
IXI348,UNesT,0.2.7,BRN-PLANUM-POLARE,PP----planum-polare,RIGHT,2548,2548.0,BRN-TEM,anatomical_structure,4
IXI348,UNesT,0.2.7,BRN-PLANUM-POLARE,PP----planum-polare,LEFT,3182,3182.0,BRN-TEM,anatomical_structure,4
IXI348,UNesT,0.2.7,BRN-PRG,MPrG--precentral-gyrus,RIGHT,19033,19033.0,BRN-FRO,cortical_structure,4
IXI348,UNesT,0.2.7,BRN-PRG,MPrG--precentral-gyrus,LEFT,24080,24080.0,BRN-FRO,cortical_structure,4
IXI348,UNesT,0.2.7,BRN-PLANUM-TEMPORALE,PT----planum-temporale,RIGHT,2513,2513.0,BRN-TEM,anatomical_structure,4
IXI348,UNesT,0.2.7,BRN-PLANUM-TEMPORALE,PT----planum-temporale,LEFT,3141,3141.0,BRN-TEM,anatomical_structure,4
IXI348,UNesT,0.2.7,BRN-SUBCALLOSAL-AREA,SCA---subcallosal-area,RIGHT,1240,1240.0,BRN-LIM,anatomical_structure,4
IXI348,UNesT,0.2.7,BRN-SUBCALLOSAL-AREA,SCA---subcallosal-area,LEFT,1590,1590.0,BRN-LIM,anatomical_structure,4
IXI348,UNesT,0.2.7,BRN-SUPPLEMENTARY-MOTOR-CORTEX,SMC---supplementary-motor-cortex,RIGHT,7631,7631.0,BRN-FRO,anatomical_structure,4
IXI348,UNesT,0.2.7,BRN-SUPPLEMENTARY-MOTOR-CORTEX,SMC---supplementary-motor-cortex,LEFT,8368,8368.0,BRN-FRO,anatomical_structure,4
IXI348,UNesT,0.2.7,BRN-SUPRAMARGINAL-GYRUS,SMG---supramarginal-gyrus,RIGHT,11796,11796.0,BRN-PAR,anatomical_structure,4
IXI348,UNesT,0.2.7,BRN-SUPRAMARGINAL-GYRUS,SMG---supramarginal-gyrus,LEFT,10473,10473.0,BRN-PAR,anatomical_structure,4
IXI348,UNesT,0.2.7,BRN-SUPERIOR-OCCIPITAL-GYRUS,SOG---superior-occipital-gyrus,RIGHT,5270,5270.0,BRN-OCC,anatomical_structure,4
IXI348,UNesT,0.2.7,BRN-SUPERIOR-OCCIPITAL-GYRUS,SOG---superior-occipital-gyrus,LEFT,3412,3412.0,BRN-OCC,anatomical_structure,4
IXI348,UNesT,0.2.7,BRN-SUPERIOR-PARIETAL-LOBULE,SPL---superior-parietal-lobule,RIGHT,17355,17355.0,BRN-CER-COR,anatomical_structure,1
IXI348,UNesT,0.2.7,BRN-SUPERIOR-PARIETAL-LOBULE,SPL---superior-parietal-lobule,LEFT,16080,16080.0,BRN-CER-COR,anatomical_structure,1
IXI348,UNesT,0.2.7,BRN-SUPERIOR-TEMPORAL-GYRUS,STG---superior-temporal-gyrus,RIGHT,9632,9632.0,BRN-TEM,anatomical_structure,4
IXI348,UNesT,0.2.7,BRN-SUPERIOR-TEMPORAL-GYRUS,STG---superior-temporal-gyrus,LEFT,8053,8053.0,BRN-TEM,anatomical_structure,4
IXI348,UNesT,0.2.7,BRN-TEMPORAL-POLE,TMP---temporal-pole,RIGHT,11491,11491.0,BRN-TEM,anatomical_structure,4
IXI348,UNesT,0.2.7,BRN-TEMPORAL-POLE,TMP---temporal-pole,LEFT,10252,10252.0,BRN-TEM,anatomical_structure,4
IXI348,UNesT,0.2.7,BRN-TRIFG-TRIANGULAR-PART-OF-THE-IFG,TrIFG-triangular-part-of-the-IFG,RIGHT,5792,5792.0,BRN-CER-COR,anatomical_structure,1
IXI348,UNesT,0.2.7,BRN-TRIFG-TRIANGULAR-PART-OF-THE-IFG,TrIFG-triangular-part-of-the-IFG,LEFT,3912,3912.0,BRN-CER-COR,anatomical_structure,1
IXI348,UNesT,0.2.7,BRN-TRANSVERSE-TEMPORAL-GYRUS,TTG---transverse-temporal-gyrus,RIGHT,2371,2371.0,BRN-TEM,anatomical_structure,4
IXI348,UNesT,0.2.7,BRN-TRANSVERSE-TEMPORAL-GYRUS,TTG---transverse-temporal-gyrus,LEFT,3062,3062.0,BRN-TEM,anatomical_structure,4
IXI306,UNesT,0.2.7,BRN-3RD-VENTRICLE,3rd-Ventricle,NONE,1418,1418.0,BRN-VEN,anatomical_structure,1
IXI306,UNesT,0.2.7,BRN-4TH-VENTRICLE,4th-Ventricle,NONE,1809,1809.0,BRN-VEN,anatomical_structure,1
IXI306,UNesT,0.2.7,BRN-ACC,Accumbens-Area,RIGHT,741,741.0,BRN-DGM,anatomical_structure,1
IXI306,UNesT,0.2.7,BRN-ACC,Accumbens-Area,LEFT,701,701.0,BRN-DGM,anatomical_structure,1
IXI306,UNesT,0.2.7,BRN-AMY,Amygdala,RIGHT,1328,1328.0,BRN-DGM,deep_gray_matter,1
IXI306,UNesT,0.2.7,BRN-AMY,Amygdala,LEFT,1124,1124.0,BRN-DGM,deep_gray_matter,1
IXI306,UNesT,0.2.7,BRN-BST,Brain-Stem,NONE,19095,19095.0,BRN-BST-GRP,brainstem,1
IXI306,UNesT,0.2.7,BRN-CAU,Caudate,RIGHT,4239,4239.0,BRN-DGM,deep_gray_matter,1
IXI306,UNesT,0.2.7,BRN-CAU,Caudate,LEFT,4315,4315.0,BRN-DGM,deep_gray_matter,1
IXI306,UNesT,0.2.7,BRN-CB-EXT,Cerebellum-Exterior,RIGHT,65681,65681.0,BRN-CBL,anatomical_structure,1
IXI306,UNesT,0.2.7,BRN-CB-EXT,Cerebellum-Exterior,LEFT,66565,66565.0,BRN-CBL,anatomical_structure,1
IXI306,UNesT,0.2.7,BRN-CB-WM,Cerebellum-White-Matter,RIGHT,5668,5668.0,BRN-CBL,anatomical_structure,1
IXI306,UNesT,0.2.7,BRN-CB-WM,Cerebellum-White-Matter,LEFT,9366,9366.0,BRN-CBL,anatomical_structure,1
IXI306,UNesT,0.2.7,BRN-CER-WM,Cerebral-White-Matter,RIGHT,274049,274049.0,BRN-WM,anatomical_structure,1
IXI306,UNesT,0.2.7,BRN-CER-WM,Cerebral-White-Matter,LEFT,297276,297276.0,BRN-WM,anatomical_structure,1
IXI306,UNesT,0.2.7,BRN-HIP,Hippocampus,RIGHT,5334,5334.0,BRN-LIM,deep_gray_matter,1
IXI306,UNesT,0.2.7,BRN-HIP,Hippocampus,LEFT,4948,4948.0,BRN-LIM,deep_gray_matter,1
IXI306,UNesT,0.2.7,BRN-INF-LAT-V,Inf-Lat-Vent,RIGHT,336,336.0,BRN-VEN,anatomical_structure,1
IXI306,UNesT,0.2.7,BRN-INF-LAT-V,Inf-Lat-Vent,LEFT,423,423.0,BRN-VEN,anatomical_structure,1
IXI306,UNesT,0.2.7,BRN-LAT-V,Lateral-Ventricle,RIGHT,15312,15312.0,BRN-VEN,anatomical_structure,1
IXI306,UNesT,0.2.7,BRN-LAT-V,Lateral-Ventricle,LEFT,14377,14377.0,BRN-VEN,anatomical_structure,1
IXI306,UNesT,0.2.7,BRN-PAL,Pallidum,RIGHT,1948,1948.0,BRN-DGM,deep_gray_matter,1
IXI306,UNesT,0.2.7,BRN-PAL,Pallidum,LEFT,2067,2067.0,BRN-DGM,deep_gray_matter,1
IXI306,UNesT,0.2.7,BRN-PUT,Putamen,RIGHT,5320,5320.0,BRN-DGM,deep_gray_matter,1
IXI306,UNesT,0.2.7,BRN-PUT,Putamen,LEFT,5244,5244.0,BRN-DGM,deep_gray_matter,1
IXI306,UNesT,0.2.7,BRN-THA,Thalamus-Proper,RIGHT,9833,9833.0,BRN-DGM,deep_gray_matter,1
IXI306,UNesT,0.2.7,BRN-THA,Thalamus-Proper,LEFT,10471,10471.0,BRN-DGM,deep_gray_matter,1
IXI306,UNesT,0.2.7,BRN-VDC,Ventral-DC,RIGHT,6892,6892.0,BRN-DGM,anatomical_structure,1
IXI306,UNesT,0.2.7,BRN-VDC,Ventral-DC,LEFT,6920,6920.0,BRN-DGM,anatomical_structure,1
IXI306,UNesT,0.2.7,BRN-CEREBELLAR-VERMAL-LOBULES-I-V,Cerebellar-Vermal-Lobules-I-V,NONE,7948,7948.0,BRN-CBL,anatomical_structure,1
IXI306,UNesT,0.2.7,BRN-CEREBELLAR-VERMAL-LOBULES-VI-VII,Cerebellar-Vermal-Lobules-VI-VII,NONE,3806,3806.0,BRN-CBL,anatomical_structure,1
IXI306,UNesT,0.2.7,BRN-CEREBELLAR-VERMAL-LOBULES-VIII-X,Cerebellar-Vermal-Lobules-VIII-X,NONE,3764,3764.0,BRN-CBL,anatomical_structure,1
IXI306,UNesT,0.2.7,BRN-BASAL-FOREBRAIN,Basal-Forebrain,LEFT,994,994.0,BRN-DGM,anatomical_structure,1
IXI306,UNesT,0.2.7,BRN-BASAL-FOREBRAIN,Basal-Forebrain,RIGHT,810,810.0,BRN-DGM,anatomical_structure,1
IXI306,UNesT,0.2.7,BRN-ANTERIOR-CINGULATE-GYRUS,ACgG--anterior-cingulate-gyrus,RIGHT,8234,8234.0,BRN-LIM,anatomical_structure,4
IXI306,UNesT,0.2.7,BRN-ANTERIOR-CINGULATE-GYRUS,ACgG--anterior-cingulate-gyrus,LEFT,9497,9497.0,BRN-LIM,anatomical_structure,4
IXI306,UNesT,0.2.7,BRN-ANTERIOR-INSULA,AIns--anterior-insula,RIGHT,6444,6444.0,BRN-INS,anatomical_structure,4
IXI306,UNesT,0.2.7,BRN-ANTERIOR-INSULA,AIns--anterior-insula,LEFT,6544,6544.0,BRN-INS,anatomical_structure,4
IXI306,UNesT,0.2.7,BRN-ANTERIOR-ORBITAL-GYRUS,AOrG--anterior-orbital-gyrus,RIGHT,3839,3839.0,BRN-FRO,anatomical_structure,4
IXI306,UNesT,0.2.7,BRN-ANTERIOR-ORBITAL-GYRUS,AOrG--anterior-orbital-gyrus,LEFT,2419,2419.0,BRN-FRO,anatomical_structure,4
IXI306,UNesT,0.2.7,BRN-ANGULAR-GYRUS,AnG---angular-gyrus,RIGHT,17073,17073.0,BRN-PAR,anatomical_structure,4
IXI306,UNesT,0.2.7,BRN-ANGULAR-GYRUS,AnG---angular-gyrus,LEFT,15455,15455.0,BRN-PAR,anatomical_structure,4
IXI306,UNesT,0.2.7,BRN-CALCARINE-CORTEX,Calc--calcarine-cortex,RIGHT,3935,3935.0,BRN-OCC,anatomical_structure,4
IXI306,UNesT,0.2.7,BRN-CALCARINE-CORTEX,Calc--calcarine-cortex,LEFT,4988,4988.0,BRN-OCC,anatomical_structure,4
IXI306,UNesT,0.2.7,BRN-CENTRAL-OPERCULUM,CO----central-operculum,RIGHT,8168,8168.0,BRN-CER-COR,anatomical_structure,3
IXI306,UNesT,0.2.7,BRN-CENTRAL-OPERCULUM,CO----central-operculum,LEFT,8176,8176.0,BRN-CER-COR,anatomical_structure,3
IXI306,UNesT,0.2.7,BRN-CUNEUS,Cun---cuneus,RIGHT,6624,6624.0,BRN-CER-COR,anatomical_structure,1
IXI306,UNesT,0.2.7,BRN-CUNEUS,Cun---cuneus,LEFT,4221,4221.0,BRN-CER-COR,anatomical_structure,1
IXI306,UNesT,0.2.7,BRN-ENTORHINAL-AREA,Ent---entorhinal-area,RIGHT,3279,3279.0,BRN-LIM,anatomical_structure,1
IXI306,UNesT,0.2.7,BRN-ENTORHINAL-AREA,Ent---entorhinal-area,LEFT,2871,2871.0,BRN-LIM,anatomical_structure,1
IXI306,UNesT,0.2.7,BRN-FRONTAL-OPERCULUM,FO----frontal-operculum,RIGHT,2789,2789.0,BRN-FRO,anatomical_structure,4
IXI306,UNesT,0.2.7,BRN-FRONTAL-OPERCULUM,FO----frontal-operculum,LEFT,2410,2410.0,BRN-FRO,anatomical_structure,4
IXI306,UNesT,0.2.7,BRN-FRONTAL-POLE,FRP---frontal-pole,RIGHT,6069,6069.0,BRN-FRO,anatomical_structure,4
IXI306,UNesT,0.2.7,BRN-FRONTAL-POLE,FRP---frontal-pole,LEFT,5048,5048.0,BRN-FRO,anatomical_structure,4
IXI306,UNesT,0.2.7,BRN-FUSIFORM-GYRUS,FuG---fusiform-gyrus,RIGHT,10589,10589.0,BRN-TEM,anatomical_structure,4
IXI306,UNesT,0.2.7,BRN-FUSIFORM-GYRUS,FuG---fusiform-gyrus,LEFT,9691,9691.0,BRN-TEM,anatomical_structure,4
IXI306,UNesT,0.2.7,BRN-GYRUS-RECTUS,GRe---gyrus-rectus,RIGHT,3680,3680.0,BRN-FRO,anatomical_structure,4
IXI306,UNesT,0.2.7,BRN-GYRUS-RECTUS,GRe---gyrus-rectus,LEFT,3818,3818.0,BRN-FRO,anatomical_structure,4
IXI306,UNesT,0.2.7,BRN-INFERIOR-OCCIPITAL-GYRUS,IOG---inferior-occipital-gyrus,RIGHT,11494,11494.0,BRN-OCC,anatomical_structure,4
IXI306,UNesT,0.2.7,BRN-INFERIOR-OCCIPITAL-GYRUS,IOG---inferior-occipital-gyrus,LEFT,9122,9122.0,BRN-OCC,anatomical_structure,4
IXI306,UNesT,0.2.7,BRN-INFERIOR-TEMPORAL-GYRUS,ITG---inferior-temporal-gyrus,RIGHT,16614,16614.0,BRN-TEM,anatomical_structure,4
IXI306,UNesT,0.2.7,BRN-INFERIOR-TEMPORAL-GYRUS,ITG---inferior-temporal-gyrus,LEFT,20680,20680.0,BRN-TEM,anatomical_structure,4
IXI306,UNesT,0.2.7,BRN-LINGUAL-GYRUS,LiG---lingual-gyrus,RIGHT,12596,12596.0,BRN-OCC,anatomical_structure,4
IXI306,UNesT,0.2.7,BRN-LINGUAL-GYRUS,LiG---lingual-gyrus,LEFT,11195,11195.0,BRN-OCC,anatomical_structure,4
IXI306,UNesT,0.2.7,BRN-LATERAL-ORBITAL-GYRUS,LOrG--lateral-orbital-gyrus,RIGHT,4902,4902.0,BRN-FRO,anatomical_structure,4
IXI306,UNesT,0.2.7,BRN-LATERAL-ORBITAL-GYRUS,LOrG--lateral-orbital-gyrus,LEFT,4601,4601.0,BRN-FRO,anatomical_structure,4
IXI306,UNesT,0.2.7,BRN-MIDDLE-CINGULATE-GYRUS,MCgG--middle-cingulate-gyrus,RIGHT,8544,8544.0,BRN-LIM,anatomical_structure,4
IXI306,UNesT,0.2.7,BRN-MIDDLE-CINGULATE-GYRUS,MCgG--middle-cingulate-gyrus,LEFT,8560,8560.0,BRN-LIM,anatomical_structure,4
IXI306,UNesT,0.2.7,BRN-MEDIAL-FRONTAL-CORTEX,MFC---medial-frontal-cortex,RIGHT,4265,4265.0,BRN-FRO,anatomical_structure,4
IXI306,UNesT,0.2.7,BRN-MEDIAL-FRONTAL-CORTEX,MFC---medial-frontal-cortex,LEFT,3890,3890.0,BRN-FRO,anatomical_structure,4
IXI306,UNesT,0.2.7,BRN-MIDDLE-FRONTAL-GYRUS,MFG---middle-frontal-gyrus,RIGHT,42553,42553.0,BRN-FRO,anatomical_structure,4
IXI306,UNesT,0.2.7,BRN-MIDDLE-FRONTAL-GYRUS,MFG---middle-frontal-gyrus,LEFT,41112,41112.0,BRN-FRO,anatomical_structure,4
IXI306,UNesT,0.2.7,BRN-MIDDLE-OCCIPITAL-GYRUS,MOG---middle-occipital-gyrus,RIGHT,7144,7144.0,BRN-OCC,anatomical_structure,4
IXI306,UNesT,0.2.7,BRN-MIDDLE-OCCIPITAL-GYRUS,MOG---middle-occipital-gyrus,LEFT,7526,7526.0,BRN-OCC,anatomical_structure,4
IXI306,UNesT,0.2.7,BRN-MEDIAL-ORBITAL-GYRUS,MOrG--medial-orbital-gyrus,RIGHT,6151,6151.0,BRN-FRO,anatomical_structure,4
IXI306,UNesT,0.2.7,BRN-MEDIAL-ORBITAL-GYRUS,MOrG--medial-orbital-gyrus,LEFT,6835,6835.0,BRN-FRO,anatomical_structure,4
IXI306,UNesT,0.2.7,BRN-POG-MED,"Postcentral Gyrus, Medial Segment",RIGHT,1819,1819.0,BRN-PAR,cortical_subregion,4
IXI306,UNesT,0.2.7,BRN-POG-MED,"Postcentral Gyrus, Medial Segment",LEFT,2270,2270.0,BRN-PAR,cortical_subregion,4
IXI306,UNesT,0.2.7,BRN-PRG-MED,"Precentral Gyrus, Medial Segment",RIGHT,4702,4702.0,BRN-FRO,cortical_subregion,4
IXI306,UNesT,0.2.7,BRN-PRG-MED,"Precentral Gyrus, Medial Segment",LEFT,4224,4224.0,BRN-FRO,cortical_subregion,4
IXI306,UNesT,0.2.7,BRN-SUPERIOR-FRONTAL-GYRUS,MSFG--superior-frontal-gyrus,RIGHT,42191,42191.0,BRN-FRO,anatomical_structure,4
IXI306,UNesT,0.2.7,BRN-SUPERIOR-FRONTAL-GYRUS,MSFG--superior-frontal-gyrus,LEFT,41946,41946.0,BRN-FRO,anatomical_structure,4
IXI306,UNesT,0.2.7,BRN-MIDDLE-TEMPORAL-GYRUS,MTG---middle-temporal-gyrus,RIGHT,27309,27309.0,BRN-TEM,anatomical_structure,4
IXI306,UNesT,0.2.7,BRN-MIDDLE-TEMPORAL-GYRUS,MTG---middle-temporal-gyrus,LEFT,22209,22209.0,BRN-TEM,anatomical_structure,4
IXI306,UNesT,0.2.7,BRN-OCCIPITAL-POLE,OCP---occipital-pole,RIGHT,4660,4660.0,BRN-OCC,anatomical_structure,4
IXI306,UNesT,0.2.7,BRN-OCCIPITAL-POLE,OCP---occipital-pole,LEFT,4757,4757.0,BRN-OCC,anatomical_structure,4
IXI306,UNesT,0.2.7,BRN-OCCIPITAL-FUSIFORM-GYRUS,OFuG--occipital-fusiform-gyrus,RIGHT,8273,8273.0,BRN-OCC,anatomical_structure,4
IXI306,UNesT,0.2.7,BRN-OCCIPITAL-FUSIFORM-GYRUS,OFuG--occipital-fusiform-gyrus,LEFT,6430,6430.0,BRN-OCC,anatomical_structure,4
IXI306,UNesT,0.2.7,BRN-OPIFG-OPERCULAR-PART-OF-THE-IFG,OpIFG-opercular-part-of-the-IFG,RIGHT,4568,4568.0,BRN-CER-COR,anatomical_structure,1
IXI306,UNesT,0.2.7,BRN-OPIFG-OPERCULAR-PART-OF-THE-IFG,OpIFG-opercular-part-of-the-IFG,LEFT,4816,4816.0,BRN-CER-COR,anatomical_structure,1
IXI306,UNesT,0.2.7,BRN-ORIFG-ORBITAL-PART-OF-THE-IFG,OrIFG-orbital-part-of-the-IFG,RIGHT,2290,2290.0,BRN-CER-COR,anatomical_structure,1
IXI306,UNesT,0.2.7,BRN-ORIFG-ORBITAL-PART-OF-THE-IFG,OrIFG-orbital-part-of-the-IFG,LEFT,4261,4261.0,BRN-CER-COR,anatomical_structure,1
IXI306,UNesT,0.2.7,BRN-POSTERIOR-CINGULATE-GYRUS,PCgG--posterior-cingulate-gyrus,RIGHT,6838,6838.0,BRN-LIM,anatomical_structure,4
IXI306,UNesT,0.2.7,BRN-POSTERIOR-CINGULATE-GYRUS,PCgG--posterior-cingulate-gyrus,LEFT,6358,6358.0,BRN-LIM,anatomical_structure,4
IXI306,UNesT,0.2.7,BRN-PCU,PCu---precuneus,RIGHT,14061,14061.0,BRN-PAR,cortical_structure,4
IXI306,UNesT,0.2.7,BRN-PCU,PCu---precuneus,LEFT,15068,15068.0,BRN-PAR,cortical_structure,4
IXI306,UNesT,0.2.7,BRN-PARAHIPPOCAMPAL-GYRUS,PHG---parahippocampal-gyrus,RIGHT,4509,4509.0,BRN-LIM,anatomical_structure,4
IXI306,UNesT,0.2.7,BRN-PARAHIPPOCAMPAL-GYRUS,PHG---parahippocampal-gyrus,LEFT,4451,4451.0,BRN-LIM,anatomical_structure,4
IXI306,UNesT,0.2.7,BRN-POSTERIOR-INSULA,PIns--posterior-insula,RIGHT,4492,4492.0,BRN-INS,anatomical_structure,4
IXI306,UNesT,0.2.7,BRN-POSTERIOR-INSULA,PIns--posterior-insula,LEFT,3799,3799.0,BRN-INS,anatomical_structure,4
IXI306,UNesT,0.2.7,BRN-PARIETAL-OPERCULUM,PO----parietal-operculum,RIGHT,3577,3577.0,BRN-PAR,anatomical_structure,4
IXI306,UNesT,0.2.7,BRN-PARIETAL-OPERCULUM,PO----parietal-operculum,LEFT,4532,4532.0,BRN-PAR,anatomical_structure,4
IXI306,UNesT,0.2.7,BRN-POG,MPoG--postcentral-gyrus,RIGHT,18469,18469.0,BRN-PAR,cortical_structure,4
IXI306,UNesT,0.2.7,BRN-POG,MPoG--postcentral-gyrus,LEFT,22804,22804.0,BRN-PAR,cortical_structure,4
IXI306,UNesT,0.2.7,BRN-POSTERIOR-ORBITAL-GYRUS,POrG--posterior-orbital-gyrus,RIGHT,4545,4545.0,BRN-FRO,anatomical_structure,4
IXI306,UNesT,0.2.7,BRN-POSTERIOR-ORBITAL-GYRUS,POrG--posterior-orbital-gyrus,LEFT,4921,4921.0,BRN-FRO,anatomical_structure,4
IXI306,UNesT,0.2.7,BRN-PLANUM-POLARE,PP----planum-polare,RIGHT,4104,4104.0,BRN-TEM,anatomical_structure,4
IXI306,UNesT,0.2.7,BRN-PLANUM-POLARE,PP----planum-polare,LEFT,4745,4745.0,BRN-TEM,anatomical_structure,4
IXI306,UNesT,0.2.7,BRN-PRG,MPrG--precentral-gyrus,RIGHT,25590,25590.0,BRN-FRO,cortical_structure,4
IXI306,UNesT,0.2.7,BRN-PRG,MPrG--precentral-gyrus,LEFT,25868,25868.0,BRN-FRO,cortical_structure,4
IXI306,UNesT,0.2.7,BRN-PLANUM-TEMPORALE,PT----planum-temporale,RIGHT,2254,2254.0,BRN-TEM,anatomical_structure,4
IXI306,UNesT,0.2.7,BRN-PLANUM-TEMPORALE,PT----planum-temporale,LEFT,3326,3326.0,BRN-TEM,anatomical_structure,4
IXI306,UNesT,0.2.7,BRN-SUBCALLOSAL-AREA,SCA---subcallosal-area,RIGHT,1929,1929.0,BRN-LIM,anatomical_structure,4
IXI306,UNesT,0.2.7,BRN-SUBCALLOSAL-AREA,SCA---subcallosal-area,LEFT,1713,1713.0,BRN-LIM,anatomical_structure,4
IXI306,UNesT,0.2.7,BRN-SUPPLEMENTARY-MOTOR-CORTEX,SMC---supplementary-motor-cortex,RIGHT,9338,9338.0,BRN-FRO,anatomical_structure,4
IXI306,UNesT,0.2.7,BRN-SUPPLEMENTARY-MOTOR-CORTEX,SMC---supplementary-motor-cortex,LEFT,10408,10408.0,BRN-FRO,anatomical_structure,4
IXI306,UNesT,0.2.7,BRN-SUPRAMARGINAL-GYRUS,SMG---supramarginal-gyrus,RIGHT,13651,13651.0,BRN-PAR,anatomical_structure,4
IXI306,UNesT,0.2.7,BRN-SUPRAMARGINAL-GYRUS,SMG---supramarginal-gyrus,LEFT,16450,16450.0,BRN-PAR,anatomical_structure,4
IXI306,UNesT,0.2.7,BRN-SUPERIOR-OCCIPITAL-GYRUS,SOG---superior-occipital-gyrus,RIGHT,5040,5040.0,BRN-OCC,anatomical_structure,4
IXI306,UNesT,0.2.7,BRN-SUPERIOR-OCCIPITAL-GYRUS,SOG---superior-occipital-gyrus,LEFT,3655,3655.0,BRN-OCC,anatomical_structure,4
IXI306,UNesT,0.2.7,BRN-SUPERIOR-PARIETAL-LOBULE,SPL---superior-parietal-lobule,RIGHT,19568,19568.0,BRN-CER-COR,anatomical_structure,1
IXI306,UNesT,0.2.7,BRN-SUPERIOR-PARIETAL-LOBULE,SPL---superior-parietal-lobule,LEFT,16349,16349.0,BRN-CER-COR,anatomical_structure,1
IXI306,UNesT,0.2.7,BRN-SUPERIOR-TEMPORAL-GYRUS,STG---superior-temporal-gyrus,RIGHT,11653,11653.0,BRN-TEM,anatomical_structure,4
IXI306,UNesT,0.2.7,BRN-SUPERIOR-TEMPORAL-GYRUS,STG---superior-temporal-gyrus,LEFT,11862,11862.0,BRN-TEM,anatomical_structure,4
IXI306,UNesT,0.2.7,BRN-TEMPORAL-POLE,TMP---temporal-pole,RIGHT,11542,11542.0,BRN-TEM,anatomical_structure,4
IXI306,UNesT,0.2.7,BRN-TEMPORAL-POLE,TMP---temporal-pole,LEFT,11825,11825.0,BRN-TEM,anatomical_structure,4
IXI306,UNesT,0.2.7,BRN-TRIFG-TRIANGULAR-PART-OF-THE-IFG,TrIFG-triangular-part-of-the-IFG,RIGHT,4804,4804.0,BRN-CER-COR,anatomical_structure,1
IXI306,UNesT,0.2.7,BRN-TRIFG-TRIANGULAR-PART-OF-THE-IFG,TrIFG-triangular-part-of-the-IFG,LEFT,5777,5777.0,BRN-CER-COR,anatomical_structure,1
IXI306,UNesT,0.2.7,BRN-TRANSVERSE-TEMPORAL-GYRUS,TTG---transverse-temporal-gyrus,RIGHT,2842,2842.0,BRN-TEM,anatomical_structure,4
IXI306,UNesT,0.2.7,BRN-TRANSVERSE-TEMPORAL-GYRUS,TTG---transverse-temporal-gyrus,LEFT,2734,2734.0,BRN-TEM,anatomical_structure,4
IXI353,UNesT,0.2.7,BRN-3RD-VENTRICLE,3rd-Ventricle,NONE,2110,2110.0,BRN-VEN,anatomical_structure,1
IXI353,UNesT,0.2.7,BRN-4TH-VENTRICLE,4th-Ventricle,NONE,1788,1788.0,BRN-VEN,anatomical_structure,1
IXI353,UNesT,0.2.7,BRN-ACC,Accumbens-Area,RIGHT,78,78.0,BRN-DGM,anatomical_structure,1
IXI353,UNesT,0.2.7,BRN-ACC,Accumbens-Area,LEFT,38,38.0,BRN-DGM,anatomical_structure,1
IXI353,UNesT,0.2.7,BRN-AMY,Amygdala,RIGHT,1249,1249.0,BRN-DGM,deep_gray_matter,1
IXI353,UNesT,0.2.7,BRN-AMY,Amygdala,LEFT,1041,1041.0,BRN-DGM,deep_gray_matter,1
IXI353,UNesT,0.2.7,BRN-BST,Brain-Stem,NONE,19796,19796.0,BRN-BST-GRP,brainstem,1
IXI353,UNesT,0.2.7,BRN-CAU,Caudate,RIGHT,3388,3388.0,BRN-DGM,deep_gray_matter,1
IXI353,UNesT,0.2.7,BRN-CAU,Caudate,LEFT,2276,2276.0,BRN-DGM,deep_gray_matter,1
IXI353,UNesT,0.2.7,BRN-CB-EXT,Cerebellum-Exterior,RIGHT,62255,62255.0,BRN-CBL,anatomical_structure,1
IXI353,UNesT,0.2.7,BRN-CB-EXT,Cerebellum-Exterior,LEFT,61982,61982.0,BRN-CBL,anatomical_structure,1
IXI353,UNesT,0.2.7,BRN-CB-WM,Cerebellum-White-Matter,RIGHT,16341,16341.0,BRN-CBL,anatomical_structure,1
IXI353,UNesT,0.2.7,BRN-CB-WM,Cerebellum-White-Matter,LEFT,15258,15258.0,BRN-CBL,anatomical_structure,1
IXI353,UNesT,0.2.7,BRN-CER-WM,Cerebral-White-Matter,RIGHT,222586,222586.0,BRN-WM,anatomical_structure,1
IXI353,UNesT,0.2.7,BRN-CER-WM,Cerebral-White-Matter,LEFT,217824,217824.0,BRN-WM,anatomical_structure,1
IXI353,UNesT,0.2.7,BRN-HIP,Hippocampus,RIGHT,4414,4414.0,BRN-LIM,deep_gray_matter,1
IXI353,UNesT,0.2.7,BRN-HIP,Hippocampus,LEFT,4354,4354.0,BRN-LIM,deep_gray_matter,1
IXI353,UNesT,0.2.7,BRN-INF-LAT-V,Inf-Lat-Vent,RIGHT,485,485.0,BRN-VEN,anatomical_structure,1
IXI353,UNesT,0.2.7,BRN-INF-LAT-V,Inf-Lat-Vent,LEFT,328,328.0,BRN-VEN,anatomical_structure,1
IXI353,UNesT,0.2.7,BRN-LAT-V,Lateral-Ventricle,RIGHT,11178,11178.0,BRN-VEN,anatomical_structure,1
IXI353,UNesT,0.2.7,BRN-LAT-V,Lateral-Ventricle,LEFT,9239,9239.0,BRN-VEN,anatomical_structure,1
IXI353,UNesT,0.2.7,BRN-PAL,Pallidum,RIGHT,1700,1700.0,BRN-DGM,deep_gray_matter,1
IXI353,UNesT,0.2.7,BRN-PAL,Pallidum,LEFT,1168,1168.0,BRN-DGM,deep_gray_matter,1
IXI353,UNesT,0.2.7,BRN-PUT,Putamen,RIGHT,4995,4995.0,BRN-DGM,deep_gray_matter,1
IXI353,UNesT,0.2.7,BRN-PUT,Putamen,LEFT,3555,3555.0,BRN-DGM,deep_gray_matter,1
IXI353,UNesT,0.2.7,BRN-THA,Thalamus-Proper,RIGHT,7697,7697.0,BRN-DGM,deep_gray_matter,1
IXI353,UNesT,0.2.7,BRN-THA,Thalamus-Proper,LEFT,7607,7607.0,BRN-DGM,deep_gray_matter,1
IXI353,UNesT,0.2.7,BRN-VDC,Ventral-DC,RIGHT,5142,5142.0,BRN-DGM,anatomical_structure,1
IXI353,UNesT,0.2.7,BRN-VDC,Ventral-DC,LEFT,5698,5698.0,BRN-DGM,anatomical_structure,1
IXI353,UNesT,0.2.7,BRN-CEREBELLAR-VERMAL-LOBULES-I-V,Cerebellar-Vermal-Lobules-I-V,NONE,7755,7755.0,BRN-CBL,anatomical_structure,1
IXI353,UNesT,0.2.7,BRN-CEREBELLAR-VERMAL-LOBULES-VI-VII,Cerebellar-Vermal-Lobules-VI-VII,NONE,4395,4395.0,BRN-CBL,anatomical_structure,1
IXI353,UNesT,0.2.7,BRN-CEREBELLAR-VERMAL-LOBULES-VIII-X,Cerebellar-Vermal-Lobules-VIII-X,NONE,3853,3853.0,BRN-CBL,anatomical_structure,1
IXI353,UNesT,0.2.7,BRN-BASAL-FOREBRAIN,Basal-Forebrain,LEFT,424,424.0,BRN-DGM,anatomical_structure,1
IXI353,UNesT,0.2.7,BRN-BASAL-FOREBRAIN,Basal-Forebrain,RIGHT,244,244.0,BRN-DGM,anatomical_structure,1
IXI353,UNesT,0.2.7,BRN-ANTERIOR-CINGULATE-GYRUS,ACgG--anterior-cingulate-gyrus,RIGHT,6792,6792.0,BRN-LIM,anatomical_structure,4
IXI353,UNesT,0.2.7,BRN-ANTERIOR-CINGULATE-GYRUS,ACgG--anterior-cingulate-gyrus,LEFT,7408,7408.0,BRN-LIM,anatomical_structure,4
IXI353,UNesT,0.2.7,BRN-ANTERIOR-INSULA,AIns--anterior-insula,RIGHT,5741,5741.0,BRN-INS,anatomical_structure,4
IXI353,UNesT,0.2.7,BRN-ANTERIOR-INSULA,AIns--anterior-insula,LEFT,6224,6224.0,BRN-INS,anatomical_structure,4
IXI353,UNesT,0.2.7,BRN-ANTERIOR-ORBITAL-GYRUS,AOrG--anterior-orbital-gyrus,RIGHT,2785,2785.0,BRN-FRO,anatomical_structure,4
IXI353,UNesT,0.2.7,BRN-ANTERIOR-ORBITAL-GYRUS,AOrG--anterior-orbital-gyrus,LEFT,3019,3019.0,BRN-FRO,anatomical_structure,4
IXI353,UNesT,0.2.7,BRN-ANGULAR-GYRUS,AnG---angular-gyrus,RIGHT,15835,15835.0,BRN-PAR,anatomical_structure,4
IXI353,UNesT,0.2.7,BRN-ANGULAR-GYRUS,AnG---angular-gyrus,LEFT,14322,14322.0,BRN-PAR,anatomical_structure,4
IXI353,UNesT,0.2.7,BRN-CALCARINE-CORTEX,Calc--calcarine-cortex,RIGHT,4658,4658.0,BRN-OCC,anatomical_structure,4
IXI353,UNesT,0.2.7,BRN-CALCARINE-CORTEX,Calc--calcarine-cortex,LEFT,5369,5369.0,BRN-OCC,anatomical_structure,4
IXI353,UNesT,0.2.7,BRN-CENTRAL-OPERCULUM,CO----central-operculum,RIGHT,6500,6500.0,BRN-CER-COR,anatomical_structure,3
IXI353,UNesT,0.2.7,BRN-CENTRAL-OPERCULUM,CO----central-operculum,LEFT,6155,6155.0,BRN-CER-COR,anatomical_structure,3
IXI353,UNesT,0.2.7,BRN-CUNEUS,Cun---cuneus,RIGHT,7840,7840.0,BRN-CER-COR,anatomical_structure,1
IXI353,UNesT,0.2.7,BRN-CUNEUS,Cun---cuneus,LEFT,8527,8527.0,BRN-CER-COR,anatomical_structure,1
IXI353,UNesT,0.2.7,BRN-ENTORHINAL-AREA,Ent---entorhinal-area,RIGHT,3018,3018.0,BRN-LIM,anatomical_structure,1
IXI353,UNesT,0.2.7,BRN-ENTORHINAL-AREA,Ent---entorhinal-area,LEFT,2270,2270.0,BRN-LIM,anatomical_structure,1
IXI353,UNesT,0.2.7,BRN-FRONTAL-OPERCULUM,FO----frontal-operculum,RIGHT,2749,2749.0,BRN-FRO,anatomical_structure,4
IXI353,UNesT,0.2.7,BRN-FRONTAL-OPERCULUM,FO----frontal-operculum,LEFT,3218,3218.0,BRN-FRO,anatomical_structure,4
IXI353,UNesT,0.2.7,BRN-FRONTAL-POLE,FRP---frontal-pole,RIGHT,3812,3812.0,BRN-FRO,anatomical_structure,4
IXI353,UNesT,0.2.7,BRN-FRONTAL-POLE,FRP---frontal-pole,LEFT,4040,4040.0,BRN-FRO,anatomical_structure,4
IXI353,UNesT,0.2.7,BRN-FUSIFORM-GYRUS,FuG---fusiform-gyrus,RIGHT,9268,9268.0,BRN-TEM,anatomical_structure,4
IXI353,UNesT,0.2.7,BRN-FUSIFORM-GYRUS,FuG---fusiform-gyrus,LEFT,10273,10273.0,BRN-TEM,anatomical_structure,4
IXI353,UNesT,0.2.7,BRN-GYRUS-RECTUS,GRe---gyrus-rectus,RIGHT,2457,2457.0,BRN-FRO,anatomical_structure,4
IXI353,UNesT,0.2.7,BRN-GYRUS-RECTUS,GRe---gyrus-rectus,LEFT,2354,2354.0,BRN-FRO,anatomical_structure,4
IXI353,UNesT,0.2.7,BRN-INFERIOR-OCCIPITAL-GYRUS,IOG---inferior-occipital-gyrus,RIGHT,9568,9568.0,BRN-OCC,anatomical_structure,4
IXI353,UNesT,0.2.7,BRN-INFERIOR-OCCIPITAL-GYRUS,IOG---inferior-occipital-gyrus,LEFT,9483,9483.0,BRN-OCC,anatomical_structure,4
IXI353,UNesT,0.2.7,BRN-INFERIOR-TEMPORAL-GYRUS,ITG---inferior-temporal-gyrus,RIGHT,16233,16233.0,BRN-TEM,anatomical_structure,4
IXI353,UNesT,0.2.7,BRN-INFERIOR-TEMPORAL-GYRUS,ITG---inferior-temporal-gyrus,LEFT,21466,21466.0,BRN-TEM,anatomical_structure,4
IXI353,UNesT,0.2.7,BRN-LINGUAL-GYRUS,LiG---lingual-gyrus,RIGHT,13007,13007.0,BRN-OCC,anatomical_structure,4
IXI353,UNesT,0.2.7,BRN-LINGUAL-GYRUS,LiG---lingual-gyrus,LEFT,12291,12291.0,BRN-OCC,anatomical_structure,4
IXI353,UNesT,0.2.7,BRN-LATERAL-ORBITAL-GYRUS,LOrG--lateral-orbital-gyrus,RIGHT,3889,3889.0,BRN-FRO,anatomical_structure,4
IXI353,UNesT,0.2.7,BRN-LATERAL-ORBITAL-GYRUS,LOrG--lateral-orbital-gyrus,LEFT,3134,3134.0,BRN-FRO,anatomical_structure,4
IXI353,UNesT,0.2.7,BRN-MIDDLE-CINGULATE-GYRUS,MCgG--middle-cingulate-gyrus,RIGHT,7994,7994.0,BRN-LIM,anatomical_structure,4
IXI353,UNesT,0.2.7,BRN-MIDDLE-CINGULATE-GYRUS,MCgG--middle-cingulate-gyrus,LEFT,7525,7525.0,BRN-LIM,anatomical_structure,4
IXI353,UNesT,0.2.7,BRN-MEDIAL-FRONTAL-CORTEX,MFC---medial-frontal-cortex,RIGHT,2905,2905.0,BRN-FRO,anatomical_structure,4
IXI353,UNesT,0.2.7,BRN-MEDIAL-FRONTAL-CORTEX,MFC---medial-frontal-cortex,LEFT,2808,2808.0,BRN-FRO,anatomical_structure,4
IXI353,UNesT,0.2.7,BRN-MIDDLE-FRONTAL-GYRUS,MFG---middle-frontal-gyrus,RIGHT,33452,33452.0,BRN-FRO,anatomical_structure,4
IXI353,UNesT,0.2.7,BRN-MIDDLE-FRONTAL-GYRUS,MFG---middle-frontal-gyrus,LEFT,30354,30354.0,BRN-FRO,anatomical_structure,4
IXI353,UNesT,0.2.7,BRN-MIDDLE-OCCIPITAL-GYRUS,MOG---middle-occipital-gyrus,RIGHT,8262,8262.0,BRN-OCC,anatomical_structure,4
IXI353,UNesT,0.2.7,BRN-MIDDLE-OCCIPITAL-GYRUS,MOG---middle-occipital-gyrus,LEFT,8375,8375.0,BRN-OCC,anatomical_structure,4
IXI353,UNesT,0.2.7,BRN-MEDIAL-ORBITAL-GYRUS,MOrG--medial-orbital-gyrus,RIGHT,4481,4481.0,BRN-FRO,anatomical_structure,4
IXI353,UNesT,0.2.7,BRN-MEDIAL-ORBITAL-GYRUS,MOrG--medial-orbital-gyrus,LEFT,4549,4549.0,BRN-FRO,anatomical_structure,4
IXI353,UNesT,0.2.7,BRN-POG-MED,"Postcentral Gyrus, Medial Segment",RIGHT,1850,1850.0,BRN-PAR,cortical_subregion,4
IXI353,UNesT,0.2.7,BRN-POG-MED,"Postcentral Gyrus, Medial Segment",LEFT,2345,2345.0,BRN-PAR,cortical_subregion,4
IXI353,UNesT,0.2.7,BRN-PRG-MED,"Precentral Gyrus, Medial Segment",RIGHT,5070,5070.0,BRN-FRO,cortical_subregion,4
IXI353,UNesT,0.2.7,BRN-PRG-MED,"Precentral Gyrus, Medial Segment",LEFT,4494,4494.0,BRN-FRO,cortical_subregion,4
IXI353,UNesT,0.2.7,BRN-SUPERIOR-FRONTAL-GYRUS,MSFG--superior-frontal-gyrus,RIGHT,38283,38283.0,BRN-FRO,anatomical_structure,4
IXI353,UNesT,0.2.7,BRN-SUPERIOR-FRONTAL-GYRUS,MSFG--superior-frontal-gyrus,LEFT,38323,38323.0,BRN-FRO,anatomical_structure,4
IXI353,UNesT,0.2.7,BRN-MIDDLE-TEMPORAL-GYRUS,MTG---middle-temporal-gyrus,RIGHT,21362,21362.0,BRN-TEM,anatomical_structure,4
IXI353,UNesT,0.2.7,BRN-MIDDLE-TEMPORAL-GYRUS,MTG---middle-temporal-gyrus,LEFT,18796,18796.0,BRN-TEM,anatomical_structure,4
IXI353,UNesT,0.2.7,BRN-OCCIPITAL-POLE,OCP---occipital-pole,RIGHT,5359,5359.0,BRN-OCC,anatomical_structure,4
IXI353,UNesT,0.2.7,BRN-OCCIPITAL-POLE,OCP---occipital-pole,LEFT,5292,5292.0,BRN-OCC,anatomical_structure,4
IXI353,UNesT,0.2.7,BRN-OCCIPITAL-FUSIFORM-GYRUS,OFuG--occipital-fusiform-gyrus,RIGHT,6538,6538.0,BRN-OCC,anatomical_structure,4
IXI353,UNesT,0.2.7,BRN-OCCIPITAL-FUSIFORM-GYRUS,OFuG--occipital-fusiform-gyrus,LEFT,6384,6384.0,BRN-OCC,anatomical_structure,4
IXI353,UNesT,0.2.7,BRN-OPIFG-OPERCULAR-PART-OF-THE-IFG,OpIFG-opercular-part-of-the-IFG,RIGHT,6359,6359.0,BRN-CER-COR,anatomical_structure,1
IXI353,UNesT,0.2.7,BRN-OPIFG-OPERCULAR-PART-OF-THE-IFG,OpIFG-opercular-part-of-the-IFG,LEFT,4177,4177.0,BRN-CER-COR,anatomical_structure,1
IXI353,UNesT,0.2.7,BRN-ORIFG-ORBITAL-PART-OF-THE-IFG,OrIFG-orbital-part-of-the-IFG,RIGHT,1617,1617.0,BRN-CER-COR,anatomical_structure,1
IXI353,UNesT,0.2.7,BRN-ORIFG-ORBITAL-PART-OF-THE-IFG,OrIFG-orbital-part-of-the-IFG,LEFT,1814,1814.0,BRN-CER-COR,anatomical_structure,1
IXI353,UNesT,0.2.7,BRN-POSTERIOR-CINGULATE-GYRUS,PCgG--posterior-cingulate-gyrus,RIGHT,5712,5712.0,BRN-LIM,anatomical_structure,4
IXI353,UNesT,0.2.7,BRN-POSTERIOR-CINGULATE-GYRUS,PCgG--posterior-cingulate-gyrus,LEFT,5474,5474.0,BRN-LIM,anatomical_structure,4
IXI353,UNesT,0.2.7,BRN-PCU,PCu---precuneus,RIGHT,15620,15620.0,BRN-PAR,cortical_structure,4
IXI353,UNesT,0.2.7,BRN-PCU,PCu---precuneus,LEFT,16951,16951.0,BRN-PAR,cortical_structure,4
IXI353,UNesT,0.2.7,BRN-PARAHIPPOCAMPAL-GYRUS,PHG---parahippocampal-gyrus,RIGHT,2862,2862.0,BRN-LIM,anatomical_structure,4
IXI353,UNesT,0.2.7,BRN-PARAHIPPOCAMPAL-GYRUS,PHG---parahippocampal-gyrus,LEFT,2981,2981.0,BRN-LIM,anatomical_structure,4
IXI353,UNesT,0.2.7,BRN-POSTERIOR-INSULA,PIns--posterior-insula,RIGHT,3132,3132.0,BRN-INS,anatomical_structure,4
IXI353,UNesT,0.2.7,BRN-POSTERIOR-INSULA,PIns--posterior-insula,LEFT,2332,2332.0,BRN-INS,anatomical_structure,4
IXI353,UNesT,0.2.7,BRN-PARIETAL-OPERCULUM,PO----parietal-operculum,RIGHT,4406,4406.0,BRN-PAR,anatomical_structure,4
IXI353,UNesT,0.2.7,BRN-PARIETAL-OPERCULUM,PO----parietal-operculum,LEFT,2862,2862.0,BRN-PAR,anatomical_structure,4
IXI353,UNesT,0.2.7,BRN-POG,MPoG--postcentral-gyrus,RIGHT,19095,19095.0,BRN-PAR,cortical_structure,4
IXI353,UNesT,0.2.7,BRN-POG,MPoG--postcentral-gyrus,LEFT,20309,20309.0,BRN-PAR,cortical_structure,4
IXI353,UNesT,0.2.7,BRN-POSTERIOR-ORBITAL-GYRUS,POrG--posterior-orbital-gyrus,RIGHT,3700,3700.0,BRN-FRO,anatomical_structure,4
IXI353,UNesT,0.2.7,BRN-POSTERIOR-ORBITAL-GYRUS,POrG--posterior-orbital-gyrus,LEFT,3954,3954.0,BRN-FRO,anatomical_structure,4
IXI353,UNesT,0.2.7,BRN-PLANUM-POLARE,PP----planum-polare,RIGHT,2476,2476.0,BRN-TEM,anatomical_structure,4
IXI353,UNesT,0.2.7,BRN-PLANUM-POLARE,PP----planum-polare,LEFT,3225,3225.0,BRN-TEM,anatomical_structure,4
IXI353,UNesT,0.2.7,BRN-PRG,MPrG--precentral-gyrus,RIGHT,22877,22877.0,BRN-FRO,cortical_structure,4
IXI353,UNesT,0.2.7,BRN-PRG,MPrG--precentral-gyrus,LEFT,25777,25777.0,BRN-FRO,cortical_structure,4
IXI353,UNesT,0.2.7,BRN-PLANUM-TEMPORALE,PT----planum-temporale,RIGHT,3173,3173.0,BRN-TEM,anatomical_structure,4
IXI353,UNesT,0.2.7,BRN-PLANUM-TEMPORALE,PT----planum-temporale,LEFT,3014,3014.0,BRN-TEM,anatomical_structure,4
IXI353,UNesT,0.2.7,BRN-SUBCALLOSAL-AREA,SCA---subcallosal-area,RIGHT,817,817.0,BRN-LIM,anatomical_structure,4
IXI353,UNesT,0.2.7,BRN-SUBCALLOSAL-AREA,SCA---subcallosal-area,LEFT,524,524.0,BRN-LIM,anatomical_structure,4
IXI353,UNesT,0.2.7,BRN-SUPPLEMENTARY-MOTOR-CORTEX,SMC---supplementary-motor-cortex,RIGHT,7466,7466.0,BRN-FRO,anatomical_structure,4
IXI353,UNesT,0.2.7,BRN-SUPPLEMENTARY-MOTOR-CORTEX,SMC---supplementary-motor-cortex,LEFT,9246,9246.0,BRN-FRO,anatomical_structure,4
IXI353,UNesT,0.2.7,BRN-SUPRAMARGINAL-GYRUS,SMG---supramarginal-gyrus,RIGHT,12347,12347.0,BRN-PAR,anatomical_structure,4
IXI353,UNesT,0.2.7,BRN-SUPRAMARGINAL-GYRUS,SMG---supramarginal-gyrus,LEFT,18195,18195.0,BRN-PAR,anatomical_structure,4
IXI353,UNesT,0.2.7,BRN-SUPERIOR-OCCIPITAL-GYRUS,SOG---superior-occipital-gyrus,RIGHT,8290,8290.0,BRN-OCC,anatomical_structure,4
IXI353,UNesT,0.2.7,BRN-SUPERIOR-OCCIPITAL-GYRUS,SOG---superior-occipital-gyrus,LEFT,6179,6179.0,BRN-OCC,anatomical_structure,4
IXI353,UNesT,0.2.7,BRN-SUPERIOR-PARIETAL-LOBULE,SPL---superior-parietal-lobule,RIGHT,20535,20535.0,BRN-CER-COR,anatomical_structure,1
IXI353,UNesT,0.2.7,BRN-SUPERIOR-PARIETAL-LOBULE,SPL---superior-parietal-lobule,LEFT,18749,18749.0,BRN-CER-COR,anatomical_structure,1
IXI353,UNesT,0.2.7,BRN-SUPERIOR-TEMPORAL-GYRUS,STG---superior-temporal-gyrus,RIGHT,10644,10644.0,BRN-TEM,anatomical_structure,4
IXI353,UNesT,0.2.7,BRN-SUPERIOR-TEMPORAL-GYRUS,STG---superior-temporal-gyrus,LEFT,11184,11184.0,BRN-TEM,anatomical_structure,4
IXI353,UNesT,0.2.7,BRN-TEMPORAL-POLE,TMP---temporal-pole,RIGHT,13134,13134.0,BRN-TEM,anatomical_structure,4
IXI353,UNesT,0.2.7,BRN-TEMPORAL-POLE,TMP---temporal-pole,LEFT,12199,12199.0,BRN-TEM,anatomical_structure,4
IXI353,UNesT,0.2.7,BRN-TRIFG-TRIANGULAR-PART-OF-THE-IFG,TrIFG-triangular-part-of-the-IFG,RIGHT,5526,5526.0,BRN-CER-COR,anatomical_structure,1
IXI353,UNesT,0.2.7,BRN-TRIFG-TRIANGULAR-PART-OF-THE-IFG,TrIFG-triangular-part-of-the-IFG,LEFT,4986,4986.0,BRN-CER-COR,anatomical_structure,1
IXI353,UNesT,0.2.7,BRN-TRANSVERSE-TEMPORAL-GYRUS,TTG---transverse-temporal-gyrus,RIGHT,3022,3022.0,BRN-TEM,anatomical_structure,4
IXI353,UNesT,0.2.7,BRN-TRANSVERSE-TEMPORAL-GYRUS,TTG---transverse-temporal-gyrus,LEFT,3114,3114.0,BRN-TEM,anatomical_structure,4
IXI329,UNesT,0.2.7,BRN-3RD-VENTRICLE,3rd-Ventricle,NONE,1333,1333.0,BRN-VEN,anatomical_structure,1
IXI329,UNesT,0.2.7,BRN-4TH-VENTRICLE,4th-Ventricle,NONE,1041,1041.0,BRN-VEN,anatomical_structure,1
IXI329,UNesT,0.2.7,BRN-ACC,Accumbens-Area,RIGHT,20,20.0,BRN-DGM,anatomical_structure,1
IXI329,UNesT,0.2.7,BRN-AMY,Amygdala,RIGHT,83,83.0,BRN-DGM,deep_gray_matter,1
IXI329,UNesT,0.2.7,BRN-AMY,Amygdala,LEFT,175,175.0,BRN-DGM,deep_gray_matter,1
IXI329,UNesT,0.2.7,BRN-BST,Brain-Stem,NONE,11633,11633.0,BRN-BST-GRP,brainstem,1
IXI329,UNesT,0.2.7,BRN-CAU,Caudate,RIGHT,1492,1492.0,BRN-DGM,deep_gray_matter,1
IXI329,UNesT,0.2.7,BRN-CAU,Caudate,LEFT,1364,1364.0,BRN-DGM,deep_gray_matter,1
IXI329,UNesT,0.2.7,BRN-CB-EXT,Cerebellum-Exterior,RIGHT,36371,36371.0,BRN-CBL,anatomical_structure,1
IXI329,UNesT,0.2.7,BRN-CB-EXT,Cerebellum-Exterior,LEFT,36332,36332.0,BRN-CBL,anatomical_structure,1
IXI329,UNesT,0.2.7,BRN-CB-WM,Cerebellum-White-Matter,RIGHT,12364,12364.0,BRN-CBL,anatomical_structure,1
IXI329,UNesT,0.2.7,BRN-CB-WM,Cerebellum-White-Matter,LEFT,11132,11132.0,BRN-CBL,anatomical_structure,1
IXI329,UNesT,0.2.7,BRN-CER-WM,Cerebral-White-Matter,RIGHT,165634,165634.0,BRN-WM,anatomical_structure,1
IXI329,UNesT,0.2.7,BRN-CER-WM,Cerebral-White-Matter,LEFT,164135,164135.0,BRN-WM,anatomical_structure,1
IXI329,UNesT,0.2.7,BRN-HIP,Hippocampus,RIGHT,1008,1008.0,BRN-LIM,deep_gray_matter,1
IXI329,UNesT,0.2.7,BRN-HIP,Hippocampus,LEFT,944,944.0,BRN-LIM,deep_gray_matter,1
IXI329,UNesT,0.2.7,BRN-INF-LAT-V,Inf-Lat-Vent,RIGHT,542,542.0,BRN-VEN,anatomical_structure,1
IXI329,UNesT,0.2.7,BRN-INF-LAT-V,Inf-Lat-Vent,LEFT,295,295.0,BRN-VEN,anatomical_structure,1
IXI329,UNesT,0.2.7,BRN-LAT-V,Lateral-Ventricle,RIGHT,8014,8014.0,BRN-VEN,anatomical_structure,1
IXI329,UNesT,0.2.7,BRN-LAT-V,Lateral-Ventricle,LEFT,8882,8882.0,BRN-VEN,anatomical_structure,1
IXI329,UNesT,0.2.7,BRN-PAL,Pallidum,RIGHT,519,519.0,BRN-DGM,deep_gray_matter,1
IXI329,UNesT,0.2.7,BRN-PAL,Pallidum,LEFT,144,144.0,BRN-DGM,deep_gray_matter,1
IXI329,UNesT,0.2.7,BRN-PUT,Putamen,RIGHT,1987,1987.0,BRN-DGM,deep_gray_matter,1
IXI329,UNesT,0.2.7,BRN-PUT,Putamen,LEFT,664,664.0,BRN-DGM,deep_gray_matter,1
IXI329,UNesT,0.2.7,BRN-THA,Thalamus-Proper,RIGHT,3002,3002.0,BRN-DGM,deep_gray_matter,1
IXI329,UNesT,0.2.7,BRN-THA,Thalamus-Proper,LEFT,3753,3753.0,BRN-DGM,deep_gray_matter,1
IXI329,UNesT,0.2.7,BRN-VDC,Ventral-DC,RIGHT,820,820.0,BRN-DGM,anatomical_structure,1
IXI329,UNesT,0.2.7,BRN-VDC,Ventral-DC,LEFT,2625,2625.0,BRN-DGM,anatomical_structure,1
IXI329,UNesT,0.2.7,BRN-CEREBELLAR-VERMAL-LOBULES-I-V,Cerebellar-Vermal-Lobules-I-V,NONE,5154,5154.0,BRN-CBL,anatomical_structure,1
IXI329,UNesT,0.2.7,BRN-CEREBELLAR-VERMAL-LOBULES-VI-VII,Cerebellar-Vermal-Lobules-VI-VII,NONE,2532,2532.0,BRN-CBL,anatomical_structure,1
IXI329,UNesT,0.2.7,BRN-CEREBELLAR-VERMAL-LOBULES-VIII-X,Cerebellar-Vermal-Lobules-VIII-X,NONE,2188,2188.0,BRN-CBL,anatomical_structure,1
IXI329,UNesT,0.2.7,BRN-BASAL-FOREBRAIN,Basal-Forebrain,LEFT,406,406.0,BRN-DGM,anatomical_structure,1
IXI329,UNesT,0.2.7,BRN-BASAL-FOREBRAIN,Basal-Forebrain,RIGHT,173,173.0,BRN-DGM,anatomical_structure,1
IXI329,UNesT,0.2.7,BRN-ANTERIOR-CINGULATE-GYRUS,ACgG--anterior-cingulate-gyrus,RIGHT,4491,4491.0,BRN-LIM,anatomical_structure,4
IXI329,UNesT,0.2.7,BRN-ANTERIOR-CINGULATE-GYRUS,ACgG--anterior-cingulate-gyrus,LEFT,4286,4286.0,BRN-LIM,anatomical_structure,4
IXI329,UNesT,0.2.7,BRN-ANTERIOR-INSULA,AIns--anterior-insula,RIGHT,3363,3363.0,BRN-INS,anatomical_structure,4
IXI329,UNesT,0.2.7,BRN-ANTERIOR-INSULA,AIns--anterior-insula,LEFT,3087,3087.0,BRN-INS,anatomical_structure,4
IXI329,UNesT,0.2.7,BRN-ANTERIOR-ORBITAL-GYRUS,AOrG--anterior-orbital-gyrus,RIGHT,1054,1054.0,BRN-FRO,anatomical_structure,4
IXI329,UNesT,0.2.7,BRN-ANTERIOR-ORBITAL-GYRUS,AOrG--anterior-orbital-gyrus,LEFT,1329,1329.0,BRN-FRO,anatomical_structure,4
IXI329,UNesT,0.2.7,BRN-ANGULAR-GYRUS,AnG---angular-gyrus,RIGHT,5719,5719.0,BRN-PAR,anatomical_structure,4
IXI329,UNesT,0.2.7,BRN-ANGULAR-GYRUS,AnG---angular-gyrus,LEFT,9352,9352.0,BRN-PAR,anatomical_structure,4
IXI329,UNesT,0.2.7,BRN-CALCARINE-CORTEX,Calc--calcarine-cortex,RIGHT,2892,2892.0,BRN-OCC,anatomical_structure,4
IXI329,UNesT,0.2.7,BRN-CALCARINE-CORTEX,Calc--calcarine-cortex,LEFT,4319,4319.0,BRN-OCC,anatomical_structure,4
IXI329,UNesT,0.2.7,BRN-CENTRAL-OPERCULUM,CO----central-operculum,RIGHT,4961,4961.0,BRN-CER-COR,anatomical_structure,3
IXI329,UNesT,0.2.7,BRN-CENTRAL-OPERCULUM,CO----central-operculum,LEFT,3334,3334.0,BRN-CER-COR,anatomical_structure,3
IXI329,UNesT,0.2.7,BRN-CUNEUS,Cun---cuneus,RIGHT,4514,4514.0,BRN-CER-COR,anatomical_structure,1
IXI329,UNesT,0.2.7,BRN-CUNEUS,Cun---cuneus,LEFT,4077,4077.0,BRN-CER-COR,anatomical_structure,1
IXI329,UNesT,0.2.7,BRN-ENTORHINAL-AREA,Ent---entorhinal-area,RIGHT,1891,1891.0,BRN-LIM,anatomical_structure,1
IXI329,UNesT,0.2.7,BRN-ENTORHINAL-AREA,Ent---entorhinal-area,LEFT,942,942.0,BRN-LIM,anatomical_structure,1
IXI329,UNesT,0.2.7,BRN-FRONTAL-OPERCULUM,FO----frontal-operculum,RIGHT,1263,1263.0,BRN-FRO,anatomical_structure,4
IXI329,UNesT,0.2.7,BRN-FRONTAL-OPERCULUM,FO----frontal-operculum,LEFT,1931,1931.0,BRN-FRO,anatomical_structure,4
IXI329,UNesT,0.2.7,BRN-FRONTAL-POLE,FRP---frontal-pole,RIGHT,2769,2769.0,BRN-FRO,anatomical_structure,4
IXI329,UNesT,0.2.7,BRN-FRONTAL-POLE,FRP---frontal-pole,LEFT,2906,2906.0,BRN-FRO,anatomical_structure,4
IXI329,UNesT,0.2.7,BRN-FUSIFORM-GYRUS,FuG---fusiform-gyrus,RIGHT,4365,4365.0,BRN-TEM,anatomical_structure,4
IXI329,UNesT,0.2.7,BRN-FUSIFORM-GYRUS,FuG---fusiform-gyrus,LEFT,5066,5066.0,BRN-TEM,anatomical_structure,4
IXI329,UNesT,0.2.7,BRN-GYRUS-RECTUS,GRe---gyrus-rectus,RIGHT,534,534.0,BRN-FRO,anatomical_structure,4
IXI329,UNesT,0.2.7,BRN-GYRUS-RECTUS,GRe---gyrus-rectus,LEFT,614,614.0,BRN-FRO,anatomical_structure,4
IXI329,UNesT,0.2.7,BRN-INFERIOR-OCCIPITAL-GYRUS,IOG---inferior-occipital-gyrus,RIGHT,8249,8249.0,BRN-OCC,anatomical_structure,4
IXI329,UNesT,0.2.7,BRN-INFERIOR-OCCIPITAL-GYRUS,IOG---inferior-occipital-gyrus,LEFT,8968,8968.0,BRN-OCC,anatomical_structure,4
IXI329,UNesT,0.2.7,BRN-INFERIOR-TEMPORAL-GYRUS,ITG---inferior-temporal-gyrus,RIGHT,8570,8570.0,BRN-TEM,anatomical_structure,4
IXI329,UNesT,0.2.7,BRN-INFERIOR-TEMPORAL-GYRUS,ITG---inferior-temporal-gyrus,LEFT,9496,9496.0,BRN-TEM,anatomical_structure,4
IXI329,UNesT,0.2.7,BRN-LINGUAL-GYRUS,LiG---lingual-gyrus,RIGHT,9848,9848.0,BRN-OCC,anatomical_structure,4
IXI329,UNesT,0.2.7,BRN-LINGUAL-GYRUS,LiG---lingual-gyrus,LEFT,9494,9494.0,BRN-OCC,anatomical_structure,4
IXI329,UNesT,0.2.7,BRN-LATERAL-ORBITAL-GYRUS,LOrG--lateral-orbital-gyrus,RIGHT,2842,2842.0,BRN-FRO,anatomical_structure,4
IXI329,UNesT,0.2.7,BRN-LATERAL-ORBITAL-GYRUS,LOrG--lateral-orbital-gyrus,LEFT,1133,1133.0,BRN-FRO,anatomical_structure,4
IXI329,UNesT,0.2.7,BRN-MIDDLE-CINGULATE-GYRUS,MCgG--middle-cingulate-gyrus,RIGHT,5344,5344.0,BRN-LIM,anatomical_structure,4
IXI329,UNesT,0.2.7,BRN-MIDDLE-CINGULATE-GYRUS,MCgG--middle-cingulate-gyrus,LEFT,5324,5324.0,BRN-LIM,anatomical_structure,4
IXI329,UNesT,0.2.7,BRN-MEDIAL-FRONTAL-CORTEX,MFC---medial-frontal-cortex,RIGHT,1936,1936.0,BRN-FRO,anatomical_structure,4
IXI329,UNesT,0.2.7,BRN-MEDIAL-FRONTAL-CORTEX,MFC---medial-frontal-cortex,LEFT,1074,1074.0,BRN-FRO,anatomical_structure,4
IXI329,UNesT,0.2.7,BRN-MIDDLE-FRONTAL-GYRUS,MFG---middle-frontal-gyrus,RIGHT,19210,19210.0,BRN-FRO,anatomical_structure,4
IXI329,UNesT,0.2.7,BRN-MIDDLE-FRONTAL-GYRUS,MFG---middle-frontal-gyrus,LEFT,19994,19994.0,BRN-FRO,anatomical_structure,4
IXI329,UNesT,0.2.7,BRN-MIDDLE-OCCIPITAL-GYRUS,MOG---middle-occipital-gyrus,RIGHT,6674,6674.0,BRN-OCC,anatomical_structure,4
IXI329,UNesT,0.2.7,BRN-MIDDLE-OCCIPITAL-GYRUS,MOG---middle-occipital-gyrus,LEFT,7287,7287.0,BRN-OCC,anatomical_structure,4
IXI329,UNesT,0.2.7,BRN-MEDIAL-ORBITAL-GYRUS,MOrG--medial-orbital-gyrus,RIGHT,1126,1126.0,BRN-FRO,anatomical_structure,4
IXI329,UNesT,0.2.7,BRN-MEDIAL-ORBITAL-GYRUS,MOrG--medial-orbital-gyrus,LEFT,1422,1422.0,BRN-FRO,anatomical_structure,4
IXI329,UNesT,0.2.7,BRN-POG-MED,"Postcentral Gyrus, Medial Segment",RIGHT,695,695.0,BRN-PAR,cortical_subregion,4
IXI329,UNesT,0.2.7,BRN-POG-MED,"Postcentral Gyrus, Medial Segment",LEFT,744,744.0,BRN-PAR,cortical_subregion,4
IXI329,UNesT,0.2.7,BRN-PRG-MED,"Precentral Gyrus, Medial Segment",RIGHT,3320,3320.0,BRN-FRO,cortical_subregion,4
IXI329,UNesT,0.2.7,BRN-PRG-MED,"Precentral Gyrus, Medial Segment",LEFT,3550,3550.0,BRN-FRO,cortical_subregion,4
IXI329,UNesT,0.2.7,BRN-SUPERIOR-FRONTAL-GYRUS,MSFG--superior-frontal-gyrus,RIGHT,18807,18807.0,BRN-FRO,anatomical_structure,4
IXI329,UNesT,0.2.7,BRN-SUPERIOR-FRONTAL-GYRUS,MSFG--superior-frontal-gyrus,LEFT,17168,17168.0,BRN-FRO,anatomical_structure,4
IXI329,UNesT,0.2.7,BRN-MIDDLE-TEMPORAL-GYRUS,MTG---middle-temporal-gyrus,RIGHT,13344,13344.0,BRN-TEM,anatomical_structure,4
IXI329,UNesT,0.2.7,BRN-MIDDLE-TEMPORAL-GYRUS,MTG---middle-temporal-gyrus,LEFT,9315,9315.0,BRN-TEM,anatomical_structure,4
IXI329,UNesT,0.2.7,BRN-OCCIPITAL-POLE,OCP---occipital-pole,RIGHT,3561,3561.0,BRN-OCC,anatomical_structure,4
IXI329,UNesT,0.2.7,BRN-OCCIPITAL-POLE,OCP---occipital-pole,LEFT,3971,3971.0,BRN-OCC,anatomical_structure,4
IXI329,UNesT,0.2.7,BRN-OCCIPITAL-FUSIFORM-GYRUS,OFuG--occipital-fusiform-gyrus,RIGHT,5566,5566.0,BRN-OCC,anatomical_structure,4
IXI329,UNesT,0.2.7,BRN-OCCIPITAL-FUSIFORM-GYRUS,OFuG--occipital-fusiform-gyrus,LEFT,3803,3803.0,BRN-OCC,anatomical_structure,4
IXI329,UNesT,0.2.7,BRN-OPIFG-OPERCULAR-PART-OF-THE-IFG,OpIFG-opercular-part-of-the-IFG,RIGHT,4978,4978.0,BRN-CER-COR,anatomical_structure,1
IXI329,UNesT,0.2.7,BRN-OPIFG-OPERCULAR-PART-OF-THE-IFG,OpIFG-opercular-part-of-the-IFG,LEFT,3920,3920.0,BRN-CER-COR,anatomical_structure,1
IXI329,UNesT,0.2.7,BRN-ORIFG-ORBITAL-PART-OF-THE-IFG,OrIFG-orbital-part-of-the-IFG,RIGHT,90,90.0,BRN-CER-COR,anatomical_structure,1
IXI329,UNesT,0.2.7,BRN-ORIFG-ORBITAL-PART-OF-THE-IFG,OrIFG-orbital-part-of-the-IFG,LEFT,1048,1048.0,BRN-CER-COR,anatomical_structure,1
IXI329,UNesT,0.2.7,BRN-POSTERIOR-CINGULATE-GYRUS,PCgG--posterior-cingulate-gyrus,RIGHT,4105,4105.0,BRN-LIM,anatomical_structure,4
IXI329,UNesT,0.2.7,BRN-POSTERIOR-CINGULATE-GYRUS,PCgG--posterior-cingulate-gyrus,LEFT,3657,3657.0,BRN-LIM,anatomical_structure,4
IXI329,UNesT,0.2.7,BRN-PCU,PCu---precuneus,RIGHT,8550,8550.0,BRN-PAR,cortical_structure,4
IXI329,UNesT,0.2.7,BRN-PCU,PCu---precuneus,LEFT,11946,11946.0,BRN-PAR,cortical_structure,4
IXI329,UNesT,0.2.7,BRN-PARAHIPPOCAMPAL-GYRUS,PHG---parahippocampal-gyrus,RIGHT,2131,2131.0,BRN-LIM,anatomical_structure,4
IXI329,UNesT,0.2.7,BRN-PARAHIPPOCAMPAL-GYRUS,PHG---parahippocampal-gyrus,LEFT,1932,1932.0,BRN-LIM,anatomical_structure,4
IXI329,UNesT,0.2.7,BRN-POSTERIOR-INSULA,PIns--posterior-insula,RIGHT,1897,1897.0,BRN-INS,anatomical_structure,4
IXI329,UNesT,0.2.7,BRN-POSTERIOR-INSULA,PIns--posterior-insula,LEFT,1316,1316.0,BRN-INS,anatomical_structure,4
IXI329,UNesT,0.2.7,BRN-PARIETAL-OPERCULUM,PO----parietal-operculum,RIGHT,2810,2810.0,BRN-PAR,anatomical_structure,4
IXI329,UNesT,0.2.7,BRN-PARIETAL-OPERCULUM,PO----parietal-operculum,LEFT,2556,2556.0,BRN-PAR,anatomical_structure,4
IXI329,UNesT,0.2.7,BRN-POG,MPoG--postcentral-gyrus,RIGHT,13778,13778.0,BRN-PAR,cortical_structure,4
IXI329,UNesT,0.2.7,BRN-POG,MPoG--postcentral-gyrus,LEFT,9090,9090.0,BRN-PAR,cortical_structure,4
IXI329,UNesT,0.2.7,BRN-POSTERIOR-ORBITAL-GYRUS,POrG--posterior-orbital-gyrus,RIGHT,831,831.0,BRN-FRO,anatomical_structure,4
IXI329,UNesT,0.2.7,BRN-POSTERIOR-ORBITAL-GYRUS,POrG--posterior-orbital-gyrus,LEFT,1476,1476.0,BRN-FRO,anatomical_structure,4
IXI329,UNesT,0.2.7,BRN-PLANUM-POLARE,PP----planum-polare,RIGHT,2209,2209.0,BRN-TEM,anatomical_structure,4
IXI329,UNesT,0.2.7,BRN-PLANUM-POLARE,PP----planum-polare,LEFT,1772,1772.0,BRN-TEM,anatomical_structure,4
IXI329,UNesT,0.2.7,BRN-PRG,MPrG--precentral-gyrus,RIGHT,10473,10473.0,BRN-FRO,cortical_structure,4
IXI329,UNesT,0.2.7,BRN-PRG,MPrG--precentral-gyrus,LEFT,14354,14354.0,BRN-FRO,cortical_structure,4
IXI329,UNesT,0.2.7,BRN-PLANUM-TEMPORALE,PT----planum-temporale,RIGHT,2061,2061.0,BRN-TEM,anatomical_structure,4
IXI329,UNesT,0.2.7,BRN-PLANUM-TEMPORALE,PT----planum-temporale,LEFT,1627,1627.0,BRN-TEM,anatomical_structure,4
IXI329,UNesT,0.2.7,BRN-SUBCALLOSAL-AREA,SCA---subcallosal-area,RIGHT,55,55.0,BRN-LIM,anatomical_structure,4
IXI329,UNesT,0.2.7,BRN-SUBCALLOSAL-AREA,SCA---subcallosal-area,LEFT,337,337.0,BRN-LIM,anatomical_structure,4
IXI329,UNesT,0.2.7,BRN-SUPPLEMENTARY-MOTOR-CORTEX,SMC---supplementary-motor-cortex,RIGHT,4608,4608.0,BRN-FRO,anatomical_structure,4
IXI329,UNesT,0.2.7,BRN-SUPPLEMENTARY-MOTOR-CORTEX,SMC---supplementary-motor-cortex,LEFT,5557,5557.0,BRN-FRO,anatomical_structure,4
IXI329,UNesT,0.2.7,BRN-SUPRAMARGINAL-GYRUS,SMG---supramarginal-gyrus,RIGHT,8582,8582.0,BRN-PAR,anatomical_structure,4
IXI329,UNesT,0.2.7,BRN-SUPRAMARGINAL-GYRUS,SMG---supramarginal-gyrus,LEFT,11082,11082.0,BRN-PAR,anatomical_structure,4
IXI329,UNesT,0.2.7,BRN-SUPERIOR-OCCIPITAL-GYRUS,SOG---superior-occipital-gyrus,RIGHT,5843,5843.0,BRN-OCC,anatomical_structure,4
IXI329,UNesT,0.2.7,BRN-SUPERIOR-OCCIPITAL-GYRUS,SOG---superior-occipital-gyrus,LEFT,4831,4831.0,BRN-OCC,anatomical_structure,4
IXI329,UNesT,0.2.7,BRN-SUPERIOR-PARIETAL-LOBULE,SPL---superior-parietal-lobule,RIGHT,11658,11658.0,BRN-CER-COR,anatomical_structure,1
IXI329,UNesT,0.2.7,BRN-SUPERIOR-PARIETAL-LOBULE,SPL---superior-parietal-lobule,LEFT,14356,14356.0,BRN-CER-COR,anatomical_structure,1
IXI329,UNesT,0.2.7,BRN-SUPERIOR-TEMPORAL-GYRUS,STG---superior-temporal-gyrus,RIGHT,6490,6490.0,BRN-TEM,anatomical_structure,4
IXI329,UNesT,0.2.7,BRN-SUPERIOR-TEMPORAL-GYRUS,STG---superior-temporal-gyrus,LEFT,8466,8466.0,BRN-TEM,anatomical_structure,4
IXI329,UNesT,0.2.7,BRN-TEMPORAL-POLE,TMP---temporal-pole,RIGHT,8511,8511.0,BRN-TEM,anatomical_structure,4
IXI329,UNesT,0.2.7,BRN-TEMPORAL-POLE,TMP---temporal-pole,LEFT,5750,5750.0,BRN-TEM,anatomical_structure,4
IXI329,UNesT,0.2.7,BRN-TRIFG-TRIANGULAR-PART-OF-THE-IFG,TrIFG-triangular-part-of-the-IFG,RIGHT,3466,3466.0,BRN-CER-COR,anatomical_structure,1
IXI329,UNesT,0.2.7,BRN-TRIFG-TRIANGULAR-PART-OF-THE-IFG,TrIFG-triangular-part-of-the-IFG,LEFT,2977,2977.0,BRN-CER-COR,anatomical_structure,1
IXI329,UNesT,0.2.7,BRN-TRANSVERSE-TEMPORAL-GYRUS,TTG---transverse-temporal-gyrus,RIGHT,1217,1217.0,BRN-TEM,anatomical_structure,4
IXI329,UNesT,0.2.7,BRN-TRANSVERSE-TEMPORAL-GYRUS,TTG---transverse-temporal-gyrus,LEFT,873,873.0,BRN-TEM,anatomical_structure,4
IXI319,UNesT,0.2.7,BRN-3RD-VENTRICLE,3rd-Ventricle,NONE,4212,4212.0,BRN-VEN,anatomical_structure,1
IXI319,UNesT,0.2.7,BRN-4TH-VENTRICLE,4th-Ventricle,NONE,4490,4490.0,BRN-VEN,anatomical_structure,1
IXI319,UNesT,0.2.7,BRN-ACC,Accumbens-Area,RIGHT,465,465.0,BRN-DGM,anatomical_structure,1
IXI319,UNesT,0.2.7,BRN-ACC,Accumbens-Area,LEFT,496,496.0,BRN-DGM,anatomical_structure,1
IXI319,UNesT,0.2.7,BRN-AMY,Amygdala,RIGHT,1501,1501.0,BRN-DGM,deep_gray_matter,1
IXI319,UNesT,0.2.7,BRN-AMY,Amygdala,LEFT,1405,1405.0,BRN-DGM,deep_gray_matter,1
IXI319,UNesT,0.2.7,BRN-BST,Brain-Stem,NONE,23966,23966.0,BRN-BST-GRP,brainstem,1
IXI319,UNesT,0.2.7,BRN-CAU,Caudate,RIGHT,3357,3357.0,BRN-DGM,deep_gray_matter,1
IXI319,UNesT,0.2.7,BRN-CAU,Caudate,LEFT,3238,3238.0,BRN-DGM,deep_gray_matter,1
IXI319,UNesT,0.2.7,BRN-CB-EXT,Cerebellum-Exterior,RIGHT,69377,69377.0,BRN-CBL,anatomical_structure,1
IXI319,UNesT,0.2.7,BRN-CB-EXT,Cerebellum-Exterior,LEFT,69509,69509.0,BRN-CBL,anatomical_structure,1
IXI319,UNesT,0.2.7,BRN-CB-WM,Cerebellum-White-Matter,RIGHT,18047,18047.0,BRN-CBL,anatomical_structure,1
IXI319,UNesT,0.2.7,BRN-CB-WM,Cerebellum-White-Matter,LEFT,17053,17053.0,BRN-CBL,anatomical_structure,1
IXI319,UNesT,0.2.7,BRN-CER-WM,Cerebral-White-Matter,RIGHT,278573,278573.0,BRN-WM,anatomical_structure,1
IXI319,UNesT,0.2.7,BRN-CER-WM,Cerebral-White-Matter,LEFT,252411,252411.0,BRN-WM,anatomical_structure,1
IXI319,UNesT,0.2.7,BRN-HIP,Hippocampus,RIGHT,4602,4602.0,BRN-LIM,deep_gray_matter,1
IXI319,UNesT,0.2.7,BRN-HIP,Hippocampus,LEFT,4518,4518.0,BRN-LIM,deep_gray_matter,1
IXI319,UNesT,0.2.7,BRN-INF-LAT-V,Inf-Lat-Vent,RIGHT,1289,1289.0,BRN-VEN,anatomical_structure,1
IXI319,UNesT,0.2.7,BRN-INF-LAT-V,Inf-Lat-Vent,LEFT,1081,1081.0,BRN-VEN,anatomical_structure,1
IXI319,UNesT,0.2.7,BRN-LAT-V,Lateral-Ventricle,RIGHT,27823,27823.0,BRN-VEN,anatomical_structure,1
IXI319,UNesT,0.2.7,BRN-LAT-V,Lateral-Ventricle,LEFT,22565,22565.0,BRN-VEN,anatomical_structure,1
IXI319,UNesT,0.2.7,BRN-PAL,Pallidum,RIGHT,1962,1962.0,BRN-DGM,deep_gray_matter,1
IXI319,UNesT,0.2.7,BRN-PAL,Pallidum,LEFT,1964,1964.0,BRN-DGM,deep_gray_matter,1
IXI319,UNesT,0.2.7,BRN-PUT,Putamen,RIGHT,5168,5168.0,BRN-DGM,deep_gray_matter,1
IXI319,UNesT,0.2.7,BRN-PUT,Putamen,LEFT,5421,5421.0,BRN-DGM,deep_gray_matter,1
IXI319,UNesT,0.2.7,BRN-THA,Thalamus-Proper,RIGHT,9626,9626.0,BRN-DGM,deep_gray_matter,1
IXI319,UNesT,0.2.7,BRN-THA,Thalamus-Proper,LEFT,10059,10059.0,BRN-DGM,deep_gray_matter,1
IXI319,UNesT,0.2.7,BRN-VDC,Ventral-DC,RIGHT,6447,6447.0,BRN-DGM,anatomical_structure,1
IXI319,UNesT,0.2.7,BRN-VDC,Ventral-DC,LEFT,6365,6365.0,BRN-DGM,anatomical_structure,1
IXI319,UNesT,0.2.7,BRN-CEREBELLAR-VERMAL-LOBULES-I-V,Cerebellar-Vermal-Lobules-I-V,NONE,8214,8214.0,BRN-CBL,anatomical_structure,1
IXI319,UNesT,0.2.7,BRN-CEREBELLAR-VERMAL-LOBULES-VI-VII,Cerebellar-Vermal-Lobules-VI-VII,NONE,3887,3887.0,BRN-CBL,anatomical_structure,1
IXI319,UNesT,0.2.7,BRN-CEREBELLAR-VERMAL-LOBULES-VIII-X,Cerebellar-Vermal-Lobules-VIII-X,NONE,4384,4384.0,BRN-CBL,anatomical_structure,1
IXI319,UNesT,0.2.7,BRN-BASAL-FOREBRAIN,Basal-Forebrain,LEFT,746,746.0,BRN-DGM,anatomical_structure,1
IXI319,UNesT,0.2.7,BRN-BASAL-FOREBRAIN,Basal-Forebrain,RIGHT,715,715.0,BRN-DGM,anatomical_structure,1
IXI319,UNesT,0.2.7,BRN-ANTERIOR-CINGULATE-GYRUS,ACgG--anterior-cingulate-gyrus,RIGHT,6825,6825.0,BRN-LIM,anatomical_structure,4
IXI319,UNesT,0.2.7,BRN-ANTERIOR-CINGULATE-GYRUS,ACgG--anterior-cingulate-gyrus,LEFT,8994,8994.0,BRN-LIM,anatomical_structure,4
IXI319,UNesT,0.2.7,BRN-ANTERIOR-INSULA,AIns--anterior-insula,RIGHT,5682,5682.0,BRN-INS,anatomical_structure,4
IXI319,UNesT,0.2.7,BRN-ANTERIOR-INSULA,AIns--anterior-insula,LEFT,6200,6200.0,BRN-INS,anatomical_structure,4
IXI319,UNesT,0.2.7,BRN-ANTERIOR-ORBITAL-GYRUS,AOrG--anterior-orbital-gyrus,RIGHT,2951,2951.0,BRN-FRO,anatomical_structure,4
IXI319,UNesT,0.2.7,BRN-ANTERIOR-ORBITAL-GYRUS,AOrG--anterior-orbital-gyrus,LEFT,2468,2468.0,BRN-FRO,anatomical_structure,4
IXI319,UNesT,0.2.7,BRN-ANGULAR-GYRUS,AnG---angular-gyrus,RIGHT,15406,15406.0,BRN-PAR,anatomical_structure,4
IXI319,UNesT,0.2.7,BRN-ANGULAR-GYRUS,AnG---angular-gyrus,LEFT,15218,15218.0,BRN-PAR,anatomical_structure,4
IXI319,UNesT,0.2.7,BRN-CALCARINE-CORTEX,Calc--calcarine-cortex,RIGHT,4313,4313.0,BRN-OCC,anatomical_structure,4
IXI319,UNesT,0.2.7,BRN-CALCARINE-CORTEX,Calc--calcarine-cortex,LEFT,5331,5331.0,BRN-OCC,anatomical_structure,4
IXI319,UNesT,0.2.7,BRN-CENTRAL-OPERCULUM,CO----central-operculum,RIGHT,5561,5561.0,BRN-CER-COR,anatomical_structure,3
IXI319,UNesT,0.2.7,BRN-CENTRAL-OPERCULUM,CO----central-operculum,LEFT,6330,6330.0,BRN-CER-COR,anatomical_structure,3
IXI319,UNesT,0.2.7,BRN-CUNEUS,Cun---cuneus,RIGHT,6032,6032.0,BRN-CER-COR,anatomical_structure,1
IXI319,UNesT,0.2.7,BRN-CUNEUS,Cun---cuneus,LEFT,4890,4890.0,BRN-CER-COR,anatomical_structure,1
IXI319,UNesT,0.2.7,BRN-ENTORHINAL-AREA,Ent---entorhinal-area,RIGHT,2774,2774.0,BRN-LIM,anatomical_structure,1
IXI319,UNesT,0.2.7,BRN-ENTORHINAL-AREA,Ent---entorhinal-area,LEFT,3001,3001.0,BRN-LIM,anatomical_structure,1
IXI319,UNesT,0.2.7,BRN-FRONTAL-OPERCULUM,FO----frontal-operculum,RIGHT,2737,2737.0,BRN-FRO,anatomical_structure,4
IXI319,UNesT,0.2.7,BRN-FRONTAL-OPERCULUM,FO----frontal-operculum,LEFT,3059,3059.0,BRN-FRO,anatomical_structure,4
IXI319,UNesT,0.2.7,BRN-FRONTAL-POLE,FRP---frontal-pole,RIGHT,4784,4784.0,BRN-FRO,anatomical_structure,4
IXI319,UNesT,0.2.7,BRN-FRONTAL-POLE,FRP---frontal-pole,LEFT,4435,4435.0,BRN-FRO,anatomical_structure,4
IXI319,UNesT,0.2.7,BRN-FUSIFORM-GYRUS,FuG---fusiform-gyrus,RIGHT,10053,10053.0,BRN-TEM,anatomical_structure,4
IXI319,UNesT,0.2.7,BRN-FUSIFORM-GYRUS,FuG---fusiform-gyrus,LEFT,11630,11630.0,BRN-TEM,anatomical_structure,4
IXI319,UNesT,0.2.7,BRN-GYRUS-RECTUS,GRe---gyrus-rectus,RIGHT,2592,2592.0,BRN-FRO,anatomical_structure,4
IXI319,UNesT,0.2.7,BRN-GYRUS-RECTUS,GRe---gyrus-rectus,LEFT,3027,3027.0,BRN-FRO,anatomical_structure,4
IXI319,UNesT,0.2.7,BRN-INFERIOR-OCCIPITAL-GYRUS,IOG---inferior-occipital-gyrus,RIGHT,9359,9359.0,BRN-OCC,anatomical_structure,4
IXI319,UNesT,0.2.7,BRN-INFERIOR-OCCIPITAL-GYRUS,IOG---inferior-occipital-gyrus,LEFT,11380,11380.0,BRN-OCC,anatomical_structure,4
IXI319,UNesT,0.2.7,BRN-INFERIOR-TEMPORAL-GYRUS,ITG---inferior-temporal-gyrus,RIGHT,17400,17400.0,BRN-TEM,anatomical_structure,4
IXI319,UNesT,0.2.7,BRN-INFERIOR-TEMPORAL-GYRUS,ITG---inferior-temporal-gyrus,LEFT,19002,19002.0,BRN-TEM,anatomical_structure,4
IXI319,UNesT,0.2.7,BRN-LINGUAL-GYRUS,LiG---lingual-gyrus,RIGHT,13559,13559.0,BRN-OCC,anatomical_structure,4
IXI319,UNesT,0.2.7,BRN-LINGUAL-GYRUS,LiG---lingual-gyrus,LEFT,11135,11135.0,BRN-OCC,anatomical_structure,4
IXI319,UNesT,0.2.7,BRN-LATERAL-ORBITAL-GYRUS,LOrG--lateral-orbital-gyrus,RIGHT,3139,3139.0,BRN-FRO,anatomical_structure,4
IXI319,UNesT,0.2.7,BRN-LATERAL-ORBITAL-GYRUS,LOrG--lateral-orbital-gyrus,LEFT,3829,3829.0,BRN-FRO,anatomical_structure,4
IXI319,UNesT,0.2.7,BRN-MIDDLE-CINGULATE-GYRUS,MCgG--middle-cingulate-gyrus,RIGHT,6888,6888.0,BRN-LIM,anatomical_structure,4
IXI319,UNesT,0.2.7,BRN-MIDDLE-CINGULATE-GYRUS,MCgG--middle-cingulate-gyrus,LEFT,6575,6575.0,BRN-LIM,anatomical_structure,4
IXI319,UNesT,0.2.7,BRN-MEDIAL-FRONTAL-CORTEX,MFC---medial-frontal-cortex,RIGHT,2361,2361.0,BRN-FRO,anatomical_structure,4
IXI319,UNesT,0.2.7,BRN-MEDIAL-FRONTAL-CORTEX,MFC---medial-frontal-cortex,LEFT,2397,2397.0,BRN-FRO,anatomical_structure,4
IXI319,UNesT,0.2.7,BRN-MIDDLE-FRONTAL-GYRUS,MFG---middle-frontal-gyrus,RIGHT,32767,32767.0,BRN-FRO,anatomical_structure,4
IXI319,UNesT,0.2.7,BRN-MIDDLE-FRONTAL-GYRUS,MFG---middle-frontal-gyrus,LEFT,31241,31241.0,BRN-FRO,anatomical_structure,4
IXI319,UNesT,0.2.7,BRN-MIDDLE-OCCIPITAL-GYRUS,MOG---middle-occipital-gyrus,RIGHT,6571,6571.0,BRN-OCC,anatomical_structure,4
IXI319,UNesT,0.2.7,BRN-MIDDLE-OCCIPITAL-GYRUS,MOG---middle-occipital-gyrus,LEFT,6920,6920.0,BRN-OCC,anatomical_structure,4
IXI319,UNesT,0.2.7,BRN-MEDIAL-ORBITAL-GYRUS,MOrG--medial-orbital-gyrus,RIGHT,6288,6288.0,BRN-FRO,anatomical_structure,4
IXI319,UNesT,0.2.7,BRN-MEDIAL-ORBITAL-GYRUS,MOrG--medial-orbital-gyrus,LEFT,6385,6385.0,BRN-FRO,anatomical_structure,4
IXI319,UNesT,0.2.7,BRN-POG-MED,"Postcentral Gyrus, Medial Segment",RIGHT,2213,2213.0,BRN-PAR,cortical_subregion,4
IXI319,UNesT,0.2.7,BRN-POG-MED,"Postcentral Gyrus, Medial Segment",LEFT,2059,2059.0,BRN-PAR,cortical_subregion,4
IXI319,UNesT,0.2.7,BRN-PRG-MED,"Precentral Gyrus, Medial Segment",RIGHT,5071,5071.0,BRN-FRO,cortical_subregion,4
IXI319,UNesT,0.2.7,BRN-PRG-MED,"Precentral Gyrus, Medial Segment",LEFT,3878,3878.0,BRN-FRO,cortical_subregion,4
IXI319,UNesT,0.2.7,BRN-SUPERIOR-FRONTAL-GYRUS,MSFG--superior-frontal-gyrus,RIGHT,30377,30377.0,BRN-FRO,anatomical_structure,4
IXI319,UNesT,0.2.7,BRN-SUPERIOR-FRONTAL-GYRUS,MSFG--superior-frontal-gyrus,LEFT,29592,29592.0,BRN-FRO,anatomical_structure,4
IXI319,UNesT,0.2.7,BRN-MIDDLE-TEMPORAL-GYRUS,MTG---middle-temporal-gyrus,RIGHT,18611,18611.0,BRN-TEM,anatomical_structure,4
IXI319,UNesT,0.2.7,BRN-MIDDLE-TEMPORAL-GYRUS,MTG---middle-temporal-gyrus,LEFT,19499,19499.0,BRN-TEM,anatomical_structure,4
IXI319,UNesT,0.2.7,BRN-OCCIPITAL-POLE,OCP---occipital-pole,RIGHT,5822,5822.0,BRN-OCC,anatomical_structure,4
IXI319,UNesT,0.2.7,BRN-OCCIPITAL-POLE,OCP---occipital-pole,LEFT,4414,4414.0,BRN-OCC,anatomical_structure,4
IXI319,UNesT,0.2.7,BRN-OCCIPITAL-FUSIFORM-GYRUS,OFuG--occipital-fusiform-gyrus,RIGHT,7641,7641.0,BRN-OCC,anatomical_structure,4
IXI319,UNesT,0.2.7,BRN-OCCIPITAL-FUSIFORM-GYRUS,OFuG--occipital-fusiform-gyrus,LEFT,7240,7240.0,BRN-OCC,anatomical_structure,4
IXI319,UNesT,0.2.7,BRN-OPIFG-OPERCULAR-PART-OF-THE-IFG,OpIFG-opercular-part-of-the-IFG,RIGHT,3994,3994.0,BRN-CER-COR,anatomical_structure,1
IXI319,UNesT,0.2.7,BRN-OPIFG-OPERCULAR-PART-OF-THE-IFG,OpIFG-opercular-part-of-the-IFG,LEFT,3773,3773.0,BRN-CER-COR,anatomical_structure,1
IXI319,UNesT,0.2.7,BRN-ORIFG-ORBITAL-PART-OF-THE-IFG,OrIFG-orbital-part-of-the-IFG,RIGHT,2093,2093.0,BRN-CER-COR,anatomical_structure,1
IXI319,UNesT,0.2.7,BRN-ORIFG-ORBITAL-PART-OF-THE-IFG,OrIFG-orbital-part-of-the-IFG,LEFT,2566,2566.0,BRN-CER-COR,anatomical_structure,1
IXI319,UNesT,0.2.7,BRN-POSTERIOR-CINGULATE-GYRUS,PCgG--posterior-cingulate-gyrus,RIGHT,7169,7169.0,BRN-LIM,anatomical_structure,4
IXI319,UNesT,0.2.7,BRN-POSTERIOR-CINGULATE-GYRUS,PCgG--posterior-cingulate-gyrus,LEFT,6549,6549.0,BRN-LIM,anatomical_structure,4
IXI319,UNesT,0.2.7,BRN-PCU,PCu---precuneus,RIGHT,15583,15583.0,BRN-PAR,cortical_structure,4
IXI319,UNesT,0.2.7,BRN-PCU,PCu---precuneus,LEFT,17702,17702.0,BRN-PAR,cortical_structure,4
IXI319,UNesT,0.2.7,BRN-PARAHIPPOCAMPAL-GYRUS,PHG---parahippocampal-gyrus,RIGHT,3367,3367.0,BRN-LIM,anatomical_structure,4
IXI319,UNesT,0.2.7,BRN-PARAHIPPOCAMPAL-GYRUS,PHG---parahippocampal-gyrus,LEFT,3939,3939.0,BRN-LIM,anatomical_structure,4
IXI319,UNesT,0.2.7,BRN-POSTERIOR-INSULA,PIns--posterior-insula,RIGHT,3223,3223.0,BRN-INS,anatomical_structure,4
IXI319,UNesT,0.2.7,BRN-POSTERIOR-INSULA,PIns--posterior-insula,LEFT,3006,3006.0,BRN-INS,anatomical_structure,4
IXI319,UNesT,0.2.7,BRN-PARIETAL-OPERCULUM,PO----parietal-operculum,RIGHT,3252,3252.0,BRN-PAR,anatomical_structure,4
IXI319,UNesT,0.2.7,BRN-PARIETAL-OPERCULUM,PO----parietal-operculum,LEFT,3681,3681.0,BRN-PAR,anatomical_structure,4
IXI319,UNesT,0.2.7,BRN-POG,MPoG--postcentral-gyrus,RIGHT,18067,18067.0,BRN-PAR,cortical_structure,4
IXI319,UNesT,0.2.7,BRN-POG,MPoG--postcentral-gyrus,LEFT,19421,19421.0,BRN-PAR,cortical_structure,4
IXI319,UNesT,0.2.7,BRN-POSTERIOR-ORBITAL-GYRUS,POrG--posterior-orbital-gyrus,RIGHT,4009,4009.0,BRN-FRO,anatomical_structure,4
IXI319,UNesT,0.2.7,BRN-POSTERIOR-ORBITAL-GYRUS,POrG--posterior-orbital-gyrus,LEFT,4968,4968.0,BRN-FRO,anatomical_structure,4
IXI319,UNesT,0.2.7,BRN-PLANUM-POLARE,PP----planum-polare,RIGHT,2469,2469.0,BRN-TEM,anatomical_structure,4
IXI319,UNesT,0.2.7,BRN-PLANUM-POLARE,PP----planum-polare,LEFT,3086,3086.0,BRN-TEM,anatomical_structure,4
IXI319,UNesT,0.2.7,BRN-PRG,MPrG--precentral-gyrus,RIGHT,23062,23062.0,BRN-FRO,cortical_structure,4
IXI319,UNesT,0.2.7,BRN-PRG,MPrG--precentral-gyrus,LEFT,26112,26112.0,BRN-FRO,cortical_structure,4
IXI319,UNesT,0.2.7,BRN-PLANUM-TEMPORALE,PT----planum-temporale,RIGHT,2092,2092.0,BRN-TEM,anatomical_structure,4
IXI319,UNesT,0.2.7,BRN-PLANUM-TEMPORALE,PT----planum-temporale,LEFT,2960,2960.0,BRN-TEM,anatomical_structure,4
IXI319,UNesT,0.2.7,BRN-SUBCALLOSAL-AREA,SCA---subcallosal-area,RIGHT,1808,1808.0,BRN-LIM,anatomical_structure,4
IXI319,UNesT,0.2.7,BRN-SUBCALLOSAL-AREA,SCA---subcallosal-area,LEFT,1757,1757.0,BRN-LIM,anatomical_structure,4
IXI319,UNesT,0.2.7,BRN-SUPPLEMENTARY-MOTOR-CORTEX,SMC---supplementary-motor-cortex,RIGHT,8319,8319.0,BRN-FRO,anatomical_structure,4
IXI319,UNesT,0.2.7,BRN-SUPPLEMENTARY-MOTOR-CORTEX,SMC---supplementary-motor-cortex,LEFT,8992,8992.0,BRN-FRO,anatomical_structure,4
IXI319,UNesT,0.2.7,BRN-SUPRAMARGINAL-GYRUS,SMG---supramarginal-gyrus,RIGHT,13607,13607.0,BRN-PAR,anatomical_structure,4
IXI319,UNesT,0.2.7,BRN-SUPRAMARGINAL-GYRUS,SMG---supramarginal-gyrus,LEFT,13857,13857.0,BRN-PAR,anatomical_structure,4
IXI319,UNesT,0.2.7,BRN-SUPERIOR-OCCIPITAL-GYRUS,SOG---superior-occipital-gyrus,RIGHT,7165,7165.0,BRN-OCC,anatomical_structure,4
IXI319,UNesT,0.2.7,BRN-SUPERIOR-OCCIPITAL-GYRUS,SOG---superior-occipital-gyrus,LEFT,6131,6131.0,BRN-OCC,anatomical_structure,4
IXI319,UNesT,0.2.7,BRN-SUPERIOR-PARIETAL-LOBULE,SPL---superior-parietal-lobule,RIGHT,16566,16566.0,BRN-CER-COR,anatomical_structure,1
IXI319,UNesT,0.2.7,BRN-SUPERIOR-PARIETAL-LOBULE,SPL---superior-parietal-lobule,LEFT,20385,20385.0,BRN-CER-COR,anatomical_structure,1
IXI319,UNesT,0.2.7,BRN-SUPERIOR-TEMPORAL-GYRUS,STG---superior-temporal-gyrus,RIGHT,9561,9561.0,BRN-TEM,anatomical_structure,4
IXI319,UNesT,0.2.7,BRN-SUPERIOR-TEMPORAL-GYRUS,STG---superior-temporal-gyrus,LEFT,11026,11026.0,BRN-TEM,anatomical_structure,4
IXI319,UNesT,0.2.7,BRN-TEMPORAL-POLE,TMP---temporal-pole,RIGHT,11861,11861.0,BRN-TEM,anatomical_structure,4
IXI319,UNesT,0.2.7,BRN-TEMPORAL-POLE,TMP---temporal-pole,LEFT,11474,11474.0,BRN-TEM,anatomical_structure,4
IXI319,UNesT,0.2.7,BRN-TRIFG-TRIANGULAR-PART-OF-THE-IFG,TrIFG-triangular-part-of-the-IFG,RIGHT,3972,3972.0,BRN-CER-COR,anatomical_structure,1
IXI319,UNesT,0.2.7,BRN-TRIFG-TRIANGULAR-PART-OF-THE-IFG,TrIFG-triangular-part-of-the-IFG,LEFT,4919,4919.0,BRN-CER-COR,anatomical_structure,1
IXI319,UNesT,0.2.7,BRN-TRANSVERSE-TEMPORAL-GYRUS,TTG---transverse-temporal-gyrus,RIGHT,2473,2473.0,BRN-TEM,anatomical_structure,4
IXI319,UNesT,0.2.7,BRN-TRANSVERSE-TEMPORAL-GYRUS,TTG---transverse-temporal-gyrus,LEFT,3225,3225.0,BRN-TEM,anatomical_structure,4
IXI320,UNesT,0.2.7,BRN-3RD-VENTRICLE,3rd-Ventricle,NONE,2406,2406.0,BRN-VEN,anatomical_structure,1
IXI320,UNesT,0.2.7,BRN-4TH-VENTRICLE,4th-Ventricle,NONE,2821,2821.0,BRN-VEN,anatomical_structure,1
IXI320,UNesT,0.2.7,BRN-ACC,Accumbens-Area,RIGHT,588,588.0,BRN-DGM,anatomical_structure,1
IXI320,UNesT,0.2.7,BRN-ACC,Accumbens-Area,LEFT,687,687.0,BRN-DGM,anatomical_structure,1
IXI320,UNesT,0.2.7,BRN-AMY,Amygdala,RIGHT,1711,1711.0,BRN-DGM,deep_gray_matter,1
IXI320,UNesT,0.2.7,BRN-AMY,Amygdala,LEFT,1490,1490.0,BRN-DGM,deep_gray_matter,1
IXI320,UNesT,0.2.7,BRN-BST,Brain-Stem,NONE,22810,22810.0,BRN-BST-GRP,brainstem,1
IXI320,UNesT,0.2.7,BRN-CAU,Caudate,RIGHT,4435,4435.0,BRN-DGM,deep_gray_matter,1
IXI320,UNesT,0.2.7,BRN-CAU,Caudate,LEFT,4486,4486.0,BRN-DGM,deep_gray_matter,1
IXI320,UNesT,0.2.7,BRN-CB-EXT,Cerebellum-Exterior,RIGHT,72698,72698.0,BRN-CBL,anatomical_structure,1
IXI320,UNesT,0.2.7,BRN-CB-EXT,Cerebellum-Exterior,LEFT,76040,76040.0,BRN-CBL,anatomical_structure,1
IXI320,UNesT,0.2.7,BRN-CB-WM,Cerebellum-White-Matter,RIGHT,17287,17287.0,BRN-CBL,anatomical_structure,1
IXI320,UNesT,0.2.7,BRN-CB-WM,Cerebellum-White-Matter,LEFT,14546,14546.0,BRN-CBL,anatomical_structure,1
IXI320,UNesT,0.2.7,BRN-CER-WM,Cerebral-White-Matter,RIGHT,275871,275871.0,BRN-WM,anatomical_structure,1
IXI320,UNesT,0.2.7,BRN-CER-WM,Cerebral-White-Matter,LEFT,248402,248402.0,BRN-WM,anatomical_structure,1
IXI320,UNesT,0.2.7,BRN-HIP,Hippocampus,RIGHT,5348,5348.0,BRN-LIM,deep_gray_matter,1
IXI320,UNesT,0.2.7,BRN-HIP,Hippocampus,LEFT,5028,5028.0,BRN-LIM,deep_gray_matter,1
IXI320,UNesT,0.2.7,BRN-INF-LAT-V,Inf-Lat-Vent,RIGHT,899,899.0,BRN-VEN,anatomical_structure,1
IXI320,UNesT,0.2.7,BRN-INF-LAT-V,Inf-Lat-Vent,LEFT,651,651.0,BRN-VEN,anatomical_structure,1
IXI320,UNesT,0.2.7,BRN-LAT-V,Lateral-Ventricle,RIGHT,8006,8006.0,BRN-VEN,anatomical_structure,1
IXI320,UNesT,0.2.7,BRN-LAT-V,Lateral-Ventricle,LEFT,12118,12118.0,BRN-VEN,anatomical_structure,1
IXI320,UNesT,0.2.7,BRN-PAL,Pallidum,RIGHT,2041,2041.0,BRN-DGM,deep_gray_matter,1
IXI320,UNesT,0.2.7,BRN-PAL,Pallidum,LEFT,1983,1983.0,BRN-DGM,deep_gray_matter,1
IXI320,UNesT,0.2.7,BRN-PUT,Putamen,RIGHT,5621,5621.0,BRN-DGM,deep_gray_matter,1
IXI320,UNesT,0.2.7,BRN-PUT,Putamen,LEFT,6003,6003.0,BRN-DGM,deep_gray_matter,1
IXI320,UNesT,0.2.7,BRN-THA,Thalamus-Proper,RIGHT,9794,9794.0,BRN-DGM,deep_gray_matter,1
IXI320,UNesT,0.2.7,BRN-THA,Thalamus-Proper,LEFT,10344,10344.0,BRN-DGM,deep_gray_matter,1
IXI320,UNesT,0.2.7,BRN-VDC,Ventral-DC,RIGHT,6284,6284.0,BRN-DGM,anatomical_structure,1
IXI320,UNesT,0.2.7,BRN-VDC,Ventral-DC,LEFT,6476,6476.0,BRN-DGM,anatomical_structure,1
IXI320,UNesT,0.2.7,BRN-CEREBELLAR-VERMAL-LOBULES-I-V,Cerebellar-Vermal-Lobules-I-V,NONE,6635,6635.0,BRN-CBL,anatomical_structure,1
IXI320,UNesT,0.2.7,BRN-CEREBELLAR-VERMAL-LOBULES-VI-VII,Cerebellar-Vermal-Lobules-VI-VII,NONE,3712,3712.0,BRN-CBL,anatomical_structure,1
IXI320,UNesT,0.2.7,BRN-CEREBELLAR-VERMAL-LOBULES-VIII-X,Cerebellar-Vermal-Lobules-VIII-X,NONE,4313,4313.0,BRN-CBL,anatomical_structure,1
IXI320,UNesT,0.2.7,BRN-BASAL-FOREBRAIN,Basal-Forebrain,LEFT,796,796.0,BRN-DGM,anatomical_structure,1
IXI320,UNesT,0.2.7,BRN-BASAL-FOREBRAIN,Basal-Forebrain,RIGHT,712,712.0,BRN-DGM,anatomical_structure,1
IXI320,UNesT,0.2.7,BRN-ANTERIOR-CINGULATE-GYRUS,ACgG--anterior-cingulate-gyrus,RIGHT,7136,7136.0,BRN-LIM,anatomical_structure,4
IXI320,UNesT,0.2.7,BRN-ANTERIOR-CINGULATE-GYRUS,ACgG--anterior-cingulate-gyrus,LEFT,7379,7379.0,BRN-LIM,anatomical_structure,4
IXI320,UNesT,0.2.7,BRN-ANTERIOR-INSULA,AIns--anterior-insula,RIGHT,6454,6454.0,BRN-INS,anatomical_structure,4
IXI320,UNesT,0.2.7,BRN-ANTERIOR-INSULA,AIns--anterior-insula,LEFT,6554,6554.0,BRN-INS,anatomical_structure,4
IXI320,UNesT,0.2.7,BRN-ANTERIOR-ORBITAL-GYRUS,AOrG--anterior-orbital-gyrus,RIGHT,3469,3469.0,BRN-FRO,anatomical_structure,4
IXI320,UNesT,0.2.7,BRN-ANTERIOR-ORBITAL-GYRUS,AOrG--anterior-orbital-gyrus,LEFT,3515,3515.0,BRN-FRO,anatomical_structure,4
IXI320,UNesT,0.2.7,BRN-ANGULAR-GYRUS,AnG---angular-gyrus,RIGHT,20917,20917.0,BRN-PAR,anatomical_structure,4
IXI320,UNesT,0.2.7,BRN-ANGULAR-GYRUS,AnG---angular-gyrus,LEFT,18054,18054.0,BRN-PAR,anatomical_structure,4
IXI320,UNesT,0.2.7,BRN-CALCARINE-CORTEX,Calc--calcarine-cortex,RIGHT,5059,5059.0,BRN-OCC,anatomical_structure,4
IXI320,UNesT,0.2.7,BRN-CALCARINE-CORTEX,Calc--calcarine-cortex,LEFT,5026,5026.0,BRN-OCC,anatomical_structure,4
IXI320,UNesT,0.2.7,BRN-CENTRAL-OPERCULUM,CO----central-operculum,RIGHT,6887,6887.0,BRN-CER-COR,anatomical_structure,3
IXI320,UNesT,0.2.7,BRN-CENTRAL-OPERCULUM,CO----central-operculum,LEFT,7221,7221.0,BRN-CER-COR,anatomical_structure,3
IXI320,UNesT,0.2.7,BRN-CUNEUS,Cun---cuneus,RIGHT,7634,7634.0,BRN-CER-COR,anatomical_structure,1
IXI320,UNesT,0.2.7,BRN-CUNEUS,Cun---cuneus,LEFT,6679,6679.0,BRN-CER-COR,anatomical_structure,1
IXI320,UNesT,0.2.7,BRN-ENTORHINAL-AREA,Ent---entorhinal-area,RIGHT,3052,3052.0,BRN-LIM,anatomical_structure,1
IXI320,UNesT,0.2.7,BRN-ENTORHINAL-AREA,Ent---entorhinal-area,LEFT,2648,2648.0,BRN-LIM,anatomical_structure,1
IXI320,UNesT,0.2.7,BRN-FRONTAL-OPERCULUM,FO----frontal-operculum,RIGHT,2535,2535.0,BRN-FRO,anatomical_structure,4
IXI320,UNesT,0.2.7,BRN-FRONTAL-OPERCULUM,FO----frontal-operculum,LEFT,2887,2887.0,BRN-FRO,anatomical_structure,4
IXI320,UNesT,0.2.7,BRN-FRONTAL-POLE,FRP---frontal-pole,RIGHT,5598,5598.0,BRN-FRO,anatomical_structure,4
IXI320,UNesT,0.2.7,BRN-FRONTAL-POLE,FRP---frontal-pole,LEFT,5344,5344.0,BRN-FRO,anatomical_structure,4
IXI320,UNesT,0.2.7,BRN-FUSIFORM-GYRUS,FuG---fusiform-gyrus,RIGHT,10775,10775.0,BRN-TEM,anatomical_structure,4
IXI320,UNesT,0.2.7,BRN-FUSIFORM-GYRUS,FuG---fusiform-gyrus,LEFT,11801,11801.0,BRN-TEM,anatomical_structure,4
IXI320,UNesT,0.2.7,BRN-GYRUS-RECTUS,GRe---gyrus-rectus,RIGHT,4001,4001.0,BRN-FRO,anatomical_structure,4
IXI320,UNesT,0.2.7,BRN-GYRUS-RECTUS,GRe---gyrus-rectus,LEFT,3855,3855.0,BRN-FRO,anatomical_structure,4
IXI320,UNesT,0.2.7,BRN-INFERIOR-OCCIPITAL-GYRUS,IOG---inferior-occipital-gyrus,RIGHT,8638,8638.0,BRN-OCC,anatomical_structure,4
IXI320,UNesT,0.2.7,BRN-INFERIOR-OCCIPITAL-GYRUS,IOG---inferior-occipital-gyrus,LEFT,11101,11101.0,BRN-OCC,anatomical_structure,4
IXI320,UNesT,0.2.7,BRN-INFERIOR-TEMPORAL-GYRUS,ITG---inferior-temporal-gyrus,RIGHT,18020,18020.0,BRN-TEM,anatomical_structure,4
IXI320,UNesT,0.2.7,BRN-INFERIOR-TEMPORAL-GYRUS,ITG---inferior-temporal-gyrus,LEFT,19890,19890.0,BRN-TEM,anatomical_structure,4
IXI320,UNesT,0.2.7,BRN-LINGUAL-GYRUS,LiG---lingual-gyrus,RIGHT,13657,13657.0,BRN-OCC,anatomical_structure,4
IXI320,UNesT,0.2.7,BRN-LINGUAL-GYRUS,LiG---lingual-gyrus,LEFT,11484,11484.0,BRN-OCC,anatomical_structure,4
IXI320,UNesT,0.2.7,BRN-LATERAL-ORBITAL-GYRUS,LOrG--lateral-orbital-gyrus,RIGHT,3430,3430.0,BRN-FRO,anatomical_structure,4
IXI320,UNesT,0.2.7,BRN-LATERAL-ORBITAL-GYRUS,LOrG--lateral-orbital-gyrus,LEFT,3444,3444.0,BRN-FRO,anatomical_structure,4
IXI320,UNesT,0.2.7,BRN-MIDDLE-CINGULATE-GYRUS,MCgG--middle-cingulate-gyrus,RIGHT,6151,6151.0,BRN-LIM,anatomical_structure,4
IXI320,UNesT,0.2.7,BRN-MIDDLE-CINGULATE-GYRUS,MCgG--middle-cingulate-gyrus,LEFT,6007,6007.0,BRN-LIM,anatomical_structure,4
IXI320,UNesT,0.2.7,BRN-MEDIAL-FRONTAL-CORTEX,MFC---medial-frontal-cortex,RIGHT,3345,3345.0,BRN-FRO,anatomical_structure,4
IXI320,UNesT,0.2.7,BRN-MEDIAL-FRONTAL-CORTEX,MFC---medial-frontal-cortex,LEFT,3224,3224.0,BRN-FRO,anatomical_structure,4
IXI320,UNesT,0.2.7,BRN-MIDDLE-FRONTAL-GYRUS,MFG---middle-frontal-gyrus,RIGHT,31329,31329.0,BRN-FRO,anatomical_structure,4
IXI320,UNesT,0.2.7,BRN-MIDDLE-FRONTAL-GYRUS,MFG---middle-frontal-gyrus,LEFT,35444,35444.0,BRN-FRO,anatomical_structure,4
IXI320,UNesT,0.2.7,BRN-MIDDLE-OCCIPITAL-GYRUS,MOG---middle-occipital-gyrus,RIGHT,9268,9268.0,BRN-OCC,anatomical_structure,4
IXI320,UNesT,0.2.7,BRN-MIDDLE-OCCIPITAL-GYRUS,MOG---middle-occipital-gyrus,LEFT,10193,10193.0,BRN-OCC,anatomical_structure,4
IXI320,UNesT,0.2.7,BRN-MEDIAL-ORBITAL-GYRUS,MOrG--medial-orbital-gyrus,RIGHT,5800,5800.0,BRN-FRO,anatomical_structure,4
IXI320,UNesT,0.2.7,BRN-MEDIAL-ORBITAL-GYRUS,MOrG--medial-orbital-gyrus,LEFT,6550,6550.0,BRN-FRO,anatomical_structure,4
IXI320,UNesT,0.2.7,BRN-POG-MED,"Postcentral Gyrus, Medial Segment",RIGHT,1870,1870.0,BRN-PAR,cortical_subregion,4
IXI320,UNesT,0.2.7,BRN-POG-MED,"Postcentral Gyrus, Medial Segment",LEFT,1973,1973.0,BRN-PAR,cortical_subregion,4
IXI320,UNesT,0.2.7,BRN-PRG-MED,"Precentral Gyrus, Medial Segment",RIGHT,4580,4580.0,BRN-FRO,cortical_subregion,4
IXI320,UNesT,0.2.7,BRN-PRG-MED,"Precentral Gyrus, Medial Segment",LEFT,4180,4180.0,BRN-FRO,cortical_subregion,4
IXI320,UNesT,0.2.7,BRN-SUPERIOR-FRONTAL-GYRUS,MSFG--superior-frontal-gyrus,RIGHT,38811,38811.0,BRN-FRO,anatomical_structure,4
IXI320,UNesT,0.2.7,BRN-SUPERIOR-FRONTAL-GYRUS,MSFG--superior-frontal-gyrus,LEFT,35362,35362.0,BRN-FRO,anatomical_structure,4
IXI320,UNesT,0.2.7,BRN-MIDDLE-TEMPORAL-GYRUS,MTG---middle-temporal-gyrus,RIGHT,20014,20014.0,BRN-TEM,anatomical_structure,4
IXI320,UNesT,0.2.7,BRN-MIDDLE-TEMPORAL-GYRUS,MTG---middle-temporal-gyrus,LEFT,19804,19804.0,BRN-TEM,anatomical_structure,4
IXI320,UNesT,0.2.7,BRN-OCCIPITAL-POLE,OCP---occipital-pole,RIGHT,4180,4180.0,BRN-OCC,anatomical_structure,4
IXI320,UNesT,0.2.7,BRN-OCCIPITAL-POLE,OCP---occipital-pole,LEFT,6689,6689.0,BRN-OCC,anatomical_structure,4
IXI320,UNesT,0.2.7,BRN-OCCIPITAL-FUSIFORM-GYRUS,OFuG--occipital-fusiform-gyrus,RIGHT,7424,7424.0,BRN-OCC,anatomical_structure,4
IXI320,UNesT,0.2.7,BRN-OCCIPITAL-FUSIFORM-GYRUS,OFuG--occipital-fusiform-gyrus,LEFT,8616,8616.0,BRN-OCC,anatomical_structure,4
IXI320,UNesT,0.2.7,BRN-OPIFG-OPERCULAR-PART-OF-THE-IFG,OpIFG-opercular-part-of-the-IFG,RIGHT,6301,6301.0,BRN-CER-COR,anatomical_structure,1
IXI320,UNesT,0.2.7,BRN-OPIFG-OPERCULAR-PART-OF-THE-IFG,OpIFG-opercular-part-of-the-IFG,LEFT,4641,4641.0,BRN-CER-COR,anatomical_structure,1
IXI320,UNesT,0.2.7,BRN-ORIFG-ORBITAL-PART-OF-THE-IFG,OrIFG-orbital-part-of-the-IFG,RIGHT,2882,2882.0,BRN-CER-COR,anatomical_structure,1
IXI320,UNesT,0.2.7,BRN-ORIFG-ORBITAL-PART-OF-THE-IFG,OrIFG-orbital-part-of-the-IFG,LEFT,3327,3327.0,BRN-CER-COR,anatomical_structure,1
IXI320,UNesT,0.2.7,BRN-POSTERIOR-CINGULATE-GYRUS,PCgG--posterior-cingulate-gyrus,RIGHT,7057,7057.0,BRN-LIM,anatomical_structure,4
IXI320,UNesT,0.2.7,BRN-POSTERIOR-CINGULATE-GYRUS,PCgG--posterior-cingulate-gyrus,LEFT,6952,6952.0,BRN-LIM,anatomical_structure,4
IXI320,UNesT,0.2.7,BRN-PCU,PCu---precuneus,RIGHT,17812,17812.0,BRN-PAR,cortical_structure,4
IXI320,UNesT,0.2.7,BRN-PCU,PCu---precuneus,LEFT,17794,17794.0,BRN-PAR,cortical_structure,4
IXI320,UNesT,0.2.7,BRN-PARAHIPPOCAMPAL-GYRUS,PHG---parahippocampal-gyrus,RIGHT,3390,3390.0,BRN-LIM,anatomical_structure,4
IXI320,UNesT,0.2.7,BRN-PARAHIPPOCAMPAL-GYRUS,PHG---parahippocampal-gyrus,LEFT,4006,4006.0,BRN-LIM,anatomical_structure,4
IXI320,UNesT,0.2.7,BRN-POSTERIOR-INSULA,PIns--posterior-insula,RIGHT,3819,3819.0,BRN-INS,anatomical_structure,4
IXI320,UNesT,0.2.7,BRN-POSTERIOR-INSULA,PIns--posterior-insula,LEFT,3476,3476.0,BRN-INS,anatomical_structure,4
IXI320,UNesT,0.2.7,BRN-PARIETAL-OPERCULUM,PO----parietal-operculum,RIGHT,3403,3403.0,BRN-PAR,anatomical_structure,4
IXI320,UNesT,0.2.7,BRN-PARIETAL-OPERCULUM,PO----parietal-operculum,LEFT,3552,3552.0,BRN-PAR,anatomical_structure,4
IXI320,UNesT,0.2.7,BRN-POG,MPoG--postcentral-gyrus,RIGHT,17155,17155.0,BRN-PAR,cortical_structure,4
IXI320,UNesT,0.2.7,BRN-POG,MPoG--postcentral-gyrus,LEFT,20648,20648.0,BRN-PAR,cortical_structure,4
IXI320,UNesT,0.2.7,BRN-POSTERIOR-ORBITAL-GYRUS,POrG--posterior-orbital-gyrus,RIGHT,4490,4490.0,BRN-FRO,anatomical_structure,4
IXI320,UNesT,0.2.7,BRN-POSTERIOR-ORBITAL-GYRUS,POrG--posterior-orbital-gyrus,LEFT,5972,5972.0,BRN-FRO,anatomical_structure,4
IXI320,UNesT,0.2.7,BRN-PLANUM-POLARE,PP----planum-polare,RIGHT,2821,2821.0,BRN-TEM,anatomical_structure,4
IXI320,UNesT,0.2.7,BRN-PLANUM-POLARE,PP----planum-polare,LEFT,3377,3377.0,BRN-TEM,anatomical_structure,4
IXI320,UNesT,0.2.7,BRN-PRG,MPrG--precentral-gyrus,RIGHT,22238,22238.0,BRN-FRO,cortical_structure,4
IXI320,UNesT,0.2.7,BRN-PRG,MPrG--precentral-gyrus,LEFT,25028,25028.0,BRN-FRO,cortical_structure,4
IXI320,UNesT,0.2.7,BRN-PLANUM-TEMPORALE,PT----planum-temporale,RIGHT,2092,2092.0,BRN-TEM,anatomical_structure,4
IXI320,UNesT,0.2.7,BRN-PLANUM-TEMPORALE,PT----planum-temporale,LEFT,2959,2959.0,BRN-TEM,anatomical_structure,4
IXI320,UNesT,0.2.7,BRN-SUBCALLOSAL-AREA,SCA---subcallosal-area,RIGHT,1324,1324.0,BRN-LIM,anatomical_structure,4
IXI320,UNesT,0.2.7,BRN-SUBCALLOSAL-AREA,SCA---subcallosal-area,LEFT,1664,1664.0,BRN-LIM,anatomical_structure,4
IXI320,UNesT,0.2.7,BRN-SUPPLEMENTARY-MOTOR-CORTEX,SMC---supplementary-motor-cortex,RIGHT,9316,9316.0,BRN-FRO,anatomical_structure,4
IXI320,UNesT,0.2.7,BRN-SUPPLEMENTARY-MOTOR-CORTEX,SMC---supplementary-motor-cortex,LEFT,10391,10391.0,BRN-FRO,anatomical_structure,4
IXI320,UNesT,0.2.7,BRN-SUPRAMARGINAL-GYRUS,SMG---supramarginal-gyrus,RIGHT,13259,13259.0,BRN-PAR,anatomical_structure,4
IXI320,UNesT,0.2.7,BRN-SUPRAMARGINAL-GYRUS,SMG---supramarginal-gyrus,LEFT,15520,15520.0,BRN-PAR,anatomical_structure,4
IXI320,UNesT,0.2.7,BRN-SUPERIOR-OCCIPITAL-GYRUS,SOG---superior-occipital-gyrus,RIGHT,6482,6482.0,BRN-OCC,anatomical_structure,4
IXI320,UNesT,0.2.7,BRN-SUPERIOR-OCCIPITAL-GYRUS,SOG---superior-occipital-gyrus,LEFT,7064,7064.0,BRN-OCC,anatomical_structure,4
IXI320,UNesT,0.2.7,BRN-SUPERIOR-PARIETAL-LOBULE,SPL---superior-parietal-lobule,RIGHT,21827,21827.0,BRN-CER-COR,anatomical_structure,1
IXI320,UNesT,0.2.7,BRN-SUPERIOR-PARIETAL-LOBULE,SPL---superior-parietal-lobule,LEFT,21648,21648.0,BRN-CER-COR,anatomical_structure,1
IXI320,UNesT,0.2.7,BRN-SUPERIOR-TEMPORAL-GYRUS,STG---superior-temporal-gyrus,RIGHT,10443,10443.0,BRN-TEM,anatomical_structure,4
IXI320,UNesT,0.2.7,BRN-SUPERIOR-TEMPORAL-GYRUS,STG---superior-temporal-gyrus,LEFT,11407,11407.0,BRN-TEM,anatomical_structure,4
IXI320,UNesT,0.2.7,BRN-TEMPORAL-POLE,TMP---temporal-pole,RIGHT,12421,12421.0,BRN-TEM,anatomical_structure,4
IXI320,UNesT,0.2.7,BRN-TEMPORAL-POLE,TMP---temporal-pole,LEFT,11727,11727.0,BRN-TEM,anatomical_structure,4
IXI320,UNesT,0.2.7,BRN-TRIFG-TRIANGULAR-PART-OF-THE-IFG,TrIFG-triangular-part-of-the-IFG,RIGHT,6129,6129.0,BRN-CER-COR,anatomical_structure,1
IXI320,UNesT,0.2.7,BRN-TRIFG-TRIANGULAR-PART-OF-THE-IFG,TrIFG-triangular-part-of-the-IFG,LEFT,5293,5293.0,BRN-CER-COR,anatomical_structure,1
IXI320,UNesT,0.2.7,BRN-TRANSVERSE-TEMPORAL-GYRUS,TTG---transverse-temporal-gyrus,RIGHT,2491,2491.0,BRN-TEM,anatomical_structure,4
IXI320,UNesT,0.2.7,BRN-TRANSVERSE-TEMPORAL-GYRUS,TTG---transverse-temporal-gyrus,LEFT,3298,3298.0,BRN-TEM,anatomical_structure,4
IXI354,UNesT,0.2.7,BRN-3RD-VENTRICLE,3rd-Ventricle,NONE,2211,2211.0,BRN-VEN,anatomical_structure,1
IXI354,UNesT,0.2.7,BRN-4TH-VENTRICLE,4th-Ventricle,NONE,1158,1158.0,BRN-VEN,anatomical_structure,1
IXI354,UNesT,0.2.7,BRN-ACC,Accumbens-Area,RIGHT,143,143.0,BRN-DGM,anatomical_structure,1
IXI354,UNesT,0.2.7,BRN-ACC,Accumbens-Area,LEFT,44,44.0,BRN-DGM,anatomical_structure,1
IXI354,UNesT,0.2.7,BRN-AMY,Amygdala,RIGHT,1013,1013.0,BRN-DGM,deep_gray_matter,1
IXI354,UNesT,0.2.7,BRN-AMY,Amygdala,LEFT,964,964.0,BRN-DGM,deep_gray_matter,1
IXI354,UNesT,0.2.7,BRN-BST,Brain-Stem,NONE,17847,17847.0,BRN-BST-GRP,brainstem,1
IXI354,UNesT,0.2.7,BRN-CAU,Caudate,RIGHT,3208,3208.0,BRN-DGM,deep_gray_matter,1
IXI354,UNesT,0.2.7,BRN-CAU,Caudate,LEFT,2750,2750.0,BRN-DGM,deep_gray_matter,1
IXI354,UNesT,0.2.7,BRN-CB-EXT,Cerebellum-Exterior,RIGHT,64884,64884.0,BRN-CBL,anatomical_structure,1
IXI354,UNesT,0.2.7,BRN-CB-EXT,Cerebellum-Exterior,LEFT,66335,66335.0,BRN-CBL,anatomical_structure,1
IXI354,UNesT,0.2.7,BRN-CB-WM,Cerebellum-White-Matter,RIGHT,20923,20923.0,BRN-CBL,anatomical_structure,1
IXI354,UNesT,0.2.7,BRN-CB-WM,Cerebellum-White-Matter,LEFT,19285,19285.0,BRN-CBL,anatomical_structure,1
IXI354,UNesT,0.2.7,BRN-CER-WM,Cerebral-White-Matter,RIGHT,226900,226900.0,BRN-WM,anatomical_structure,1
IXI354,UNesT,0.2.7,BRN-CER-WM,Cerebral-White-Matter,LEFT,228639,228639.0,BRN-WM,anatomical_structure,1
IXI354,UNesT,0.2.7,BRN-HIP,Hippocampus,RIGHT,3928,3928.0,BRN-LIM,deep_gray_matter,1
IXI354,UNesT,0.2.7,BRN-HIP,Hippocampus,LEFT,3832,3832.0,BRN-LIM,deep_gray_matter,1
IXI354,UNesT,0.2.7,BRN-INF-LAT-V,Inf-Lat-Vent,RIGHT,380,380.0,BRN-VEN,anatomical_structure,1
IXI354,UNesT,0.2.7,BRN-INF-LAT-V,Inf-Lat-Vent,LEFT,187,187.0,BRN-VEN,anatomical_structure,1
IXI354,UNesT,0.2.7,BRN-LAT-V,Lateral-Ventricle,RIGHT,15382,15382.0,BRN-VEN,anatomical_structure,1
IXI354,UNesT,0.2.7,BRN-LAT-V,Lateral-Ventricle,LEFT,14917,14917.0,BRN-VEN,anatomical_structure,1
IXI354,UNesT,0.2.7,BRN-PAL,Pallidum,RIGHT,1916,1916.0,BRN-DGM,deep_gray_matter,1
IXI354,UNesT,0.2.7,BRN-PAL,Pallidum,LEFT,1644,1644.0,BRN-DGM,deep_gray_matter,1
IXI354,UNesT,0.2.7,BRN-PUT,Putamen,RIGHT,5155,5155.0,BRN-DGM,deep_gray_matter,1
IXI354,UNesT,0.2.7,BRN-PUT,Putamen,LEFT,4334,4334.0,BRN-DGM,deep_gray_matter,1
IXI354,UNesT,0.2.7,BRN-THA,Thalamus-Proper,RIGHT,7818,7818.0,BRN-DGM,deep_gray_matter,1
IXI354,UNesT,0.2.7,BRN-THA,Thalamus-Proper,LEFT,8497,8497.0,BRN-DGM,deep_gray_matter,1
IXI354,UNesT,0.2.7,BRN-VDC,Ventral-DC,RIGHT,5787,5787.0,BRN-DGM,anatomical_structure,1
IXI354,UNesT,0.2.7,BRN-VDC,Ventral-DC,LEFT,5972,5972.0,BRN-DGM,anatomical_structure,1
IXI354,UNesT,0.2.7,BRN-CEREBELLAR-VERMAL-LOBULES-I-V,Cerebellar-Vermal-Lobules-I-V,NONE,7143,7143.0,BRN-CBL,anatomical_structure,1
IXI354,UNesT,0.2.7,BRN-CEREBELLAR-VERMAL-LOBULES-VI-VII,Cerebellar-Vermal-Lobules-VI-VII,NONE,4173,4173.0,BRN-CBL,anatomical_structure,1
IXI354,UNesT,0.2.7,BRN-CEREBELLAR-VERMAL-LOBULES-VIII-X,Cerebellar-Vermal-Lobules-VIII-X,NONE,4112,4112.0,BRN-CBL,anatomical_structure,1
IXI354,UNesT,0.2.7,BRN-BASAL-FOREBRAIN,Basal-Forebrain,LEFT,564,564.0,BRN-DGM,anatomical_structure,1
IXI354,UNesT,0.2.7,BRN-BASAL-FOREBRAIN,Basal-Forebrain,RIGHT,352,352.0,BRN-DGM,anatomical_structure,1
IXI354,UNesT,0.2.7,BRN-ANTERIOR-CINGULATE-GYRUS,ACgG--anterior-cingulate-gyrus,RIGHT,9154,9154.0,BRN-LIM,anatomical_structure,4
IXI354,UNesT,0.2.7,BRN-ANTERIOR-CINGULATE-GYRUS,ACgG--anterior-cingulate-gyrus,LEFT,7226,7226.0,BRN-LIM,anatomical_structure,4
IXI354,UNesT,0.2.7,BRN-ANTERIOR-INSULA,AIns--anterior-insula,RIGHT,5174,5174.0,BRN-INS,anatomical_structure,4
IXI354,UNesT,0.2.7,BRN-ANTERIOR-INSULA,AIns--anterior-insula,LEFT,5617,5617.0,BRN-INS,anatomical_structure,4
IXI354,UNesT,0.2.7,BRN-ANTERIOR-ORBITAL-GYRUS,AOrG--anterior-orbital-gyrus,RIGHT,2723,2723.0,BRN-FRO,anatomical_structure,4
IXI354,UNesT,0.2.7,BRN-ANTERIOR-ORBITAL-GYRUS,AOrG--anterior-orbital-gyrus,LEFT,2209,2209.0,BRN-FRO,anatomical_structure,4
IXI354,UNesT,0.2.7,BRN-ANGULAR-GYRUS,AnG---angular-gyrus,RIGHT,14804,14804.0,BRN-PAR,anatomical_structure,4
IXI354,UNesT,0.2.7,BRN-ANGULAR-GYRUS,AnG---angular-gyrus,LEFT,15213,15213.0,BRN-PAR,anatomical_structure,4
IXI354,UNesT,0.2.7,BRN-CALCARINE-CORTEX,Calc--calcarine-cortex,RIGHT,4127,4127.0,BRN-OCC,anatomical_structure,4
IXI354,UNesT,0.2.7,BRN-CALCARINE-CORTEX,Calc--calcarine-cortex,LEFT,5023,5023.0,BRN-OCC,anatomical_structure,4
IXI354,UNesT,0.2.7,BRN-CENTRAL-OPERCULUM,CO----central-operculum,RIGHT,5034,5034.0,BRN-CER-COR,anatomical_structure,3
IXI354,UNesT,0.2.7,BRN-CENTRAL-OPERCULUM,CO----central-operculum,LEFT,6558,6558.0,BRN-CER-COR,anatomical_structure,3
IXI354,UNesT,0.2.7,BRN-CUNEUS,Cun---cuneus,RIGHT,6310,6310.0,BRN-CER-COR,anatomical_structure,1
IXI354,UNesT,0.2.7,BRN-CUNEUS,Cun---cuneus,LEFT,7560,7560.0,BRN-CER-COR,anatomical_structure,1
IXI354,UNesT,0.2.7,BRN-ENTORHINAL-AREA,Ent---entorhinal-area,RIGHT,2701,2701.0,BRN-LIM,anatomical_structure,1
IXI354,UNesT,0.2.7,BRN-ENTORHINAL-AREA,Ent---entorhinal-area,LEFT,1799,1799.0,BRN-LIM,anatomical_structure,1
IXI354,UNesT,0.2.7,BRN-FRONTAL-OPERCULUM,FO----frontal-operculum,RIGHT,2634,2634.0,BRN-FRO,anatomical_structure,4
IXI354,UNesT,0.2.7,BRN-FRONTAL-OPERCULUM,FO----frontal-operculum,LEFT,2686,2686.0,BRN-FRO,anatomical_structure,4
IXI354,UNesT,0.2.7,BRN-FRONTAL-POLE,FRP---frontal-pole,RIGHT,4201,4201.0,BRN-FRO,anatomical_structure,4
IXI354,UNesT,0.2.7,BRN-FRONTAL-POLE,FRP---frontal-pole,LEFT,4540,4540.0,BRN-FRO,anatomical_structure,4
IXI354,UNesT,0.2.7,BRN-FUSIFORM-GYRUS,FuG---fusiform-gyrus,RIGHT,9369,9369.0,BRN-TEM,anatomical_structure,4
IXI354,UNesT,0.2.7,BRN-FUSIFORM-GYRUS,FuG---fusiform-gyrus,LEFT,10433,10433.0,BRN-TEM,anatomical_structure,4
IXI354,UNesT,0.2.7,BRN-GYRUS-RECTUS,GRe---gyrus-rectus,RIGHT,2498,2498.0,BRN-FRO,anatomical_structure,4
IXI354,UNesT,0.2.7,BRN-GYRUS-RECTUS,GRe---gyrus-rectus,LEFT,2376,2376.0,BRN-FRO,anatomical_structure,4
IXI354,UNesT,0.2.7,BRN-INFERIOR-OCCIPITAL-GYRUS,IOG---inferior-occipital-gyrus,RIGHT,8449,8449.0,BRN-OCC,anatomical_structure,4
IXI354,UNesT,0.2.7,BRN-INFERIOR-OCCIPITAL-GYRUS,IOG---inferior-occipital-gyrus,LEFT,9612,9612.0,BRN-OCC,anatomical_structure,4
IXI354,UNesT,0.2.7,BRN-INFERIOR-TEMPORAL-GYRUS,ITG---inferior-temporal-gyrus,RIGHT,16288,16288.0,BRN-TEM,anatomical_structure,4
IXI354,UNesT,0.2.7,BRN-INFERIOR-TEMPORAL-GYRUS,ITG---inferior-temporal-gyrus,LEFT,20520,20520.0,BRN-TEM,anatomical_structure,4
IXI354,UNesT,0.2.7,BRN-LINGUAL-GYRUS,LiG---lingual-gyrus,RIGHT,11663,11663.0,BRN-OCC,anatomical_structure,4
IXI354,UNesT,0.2.7,BRN-LINGUAL-GYRUS,LiG---lingual-gyrus,LEFT,12265,12265.0,BRN-OCC,anatomical_structure,4
IXI354,UNesT,0.2.7,BRN-LATERAL-ORBITAL-GYRUS,LOrG--lateral-orbital-gyrus,RIGHT,3296,3296.0,BRN-FRO,anatomical_structure,4
IXI354,UNesT,0.2.7,BRN-LATERAL-ORBITAL-GYRUS,LOrG--lateral-orbital-gyrus,LEFT,3257,3257.0,BRN-FRO,anatomical_structure,4
IXI354,UNesT,0.2.7,BRN-MIDDLE-CINGULATE-GYRUS,MCgG--middle-cingulate-gyrus,RIGHT,8748,8748.0,BRN-LIM,anatomical_structure,4
IXI354,UNesT,0.2.7,BRN-MIDDLE-CINGULATE-GYRUS,MCgG--middle-cingulate-gyrus,LEFT,8426,8426.0,BRN-LIM,anatomical_structure,4
IXI354,UNesT,0.2.7,BRN-MEDIAL-FRONTAL-CORTEX,MFC---medial-frontal-cortex,RIGHT,2561,2561.0,BRN-FRO,anatomical_structure,4
IXI354,UNesT,0.2.7,BRN-MEDIAL-FRONTAL-CORTEX,MFC---medial-frontal-cortex,LEFT,2577,2577.0,BRN-FRO,anatomical_structure,4
IXI354,UNesT,0.2.7,BRN-MIDDLE-FRONTAL-GYRUS,MFG---middle-frontal-gyrus,RIGHT,37160,37160.0,BRN-FRO,anatomical_structure,4
IXI354,UNesT,0.2.7,BRN-MIDDLE-FRONTAL-GYRUS,MFG---middle-frontal-gyrus,LEFT,33698,33698.0,BRN-FRO,anatomical_structure,4
IXI354,UNesT,0.2.7,BRN-MIDDLE-OCCIPITAL-GYRUS,MOG---middle-occipital-gyrus,RIGHT,8825,8825.0,BRN-OCC,anatomical_structure,4
IXI354,UNesT,0.2.7,BRN-MIDDLE-OCCIPITAL-GYRUS,MOG---middle-occipital-gyrus,LEFT,9146,9146.0,BRN-OCC,anatomical_structure,4
IXI354,UNesT,0.2.7,BRN-MEDIAL-ORBITAL-GYRUS,MOrG--medial-orbital-gyrus,RIGHT,4855,4855.0,BRN-FRO,anatomical_structure,4
IXI354,UNesT,0.2.7,BRN-MEDIAL-ORBITAL-GYRUS,MOrG--medial-orbital-gyrus,LEFT,4256,4256.0,BRN-FRO,anatomical_structure,4
IXI354,UNesT,0.2.7,BRN-POG-MED,"Postcentral Gyrus, Medial Segment",RIGHT,2077,2077.0,BRN-PAR,cortical_subregion,4
IXI354,UNesT,0.2.7,BRN-POG-MED,"Postcentral Gyrus, Medial Segment",LEFT,1788,1788.0,BRN-PAR,cortical_subregion,4
IXI354,UNesT,0.2.7,BRN-PRG-MED,"Precentral Gyrus, Medial Segment",RIGHT,4828,4828.0,BRN-FRO,cortical_subregion,4
IXI354,UNesT,0.2.7,BRN-PRG-MED,"Precentral Gyrus, Medial Segment",LEFT,4413,4413.0,BRN-FRO,cortical_subregion,4
IXI354,UNesT,0.2.7,BRN-SUPERIOR-FRONTAL-GYRUS,MSFG--superior-frontal-gyrus,RIGHT,33208,33208.0,BRN-FRO,anatomical_structure,4
IXI354,UNesT,0.2.7,BRN-SUPERIOR-FRONTAL-GYRUS,MSFG--superior-frontal-gyrus,LEFT,36472,36472.0,BRN-FRO,anatomical_structure,4
IXI354,UNesT,0.2.7,BRN-MIDDLE-TEMPORAL-GYRUS,MTG---middle-temporal-gyrus,RIGHT,20787,20787.0,BRN-TEM,anatomical_structure,4
IXI354,UNesT,0.2.7,BRN-MIDDLE-TEMPORAL-GYRUS,MTG---middle-temporal-gyrus,LEFT,20475,20475.0,BRN-TEM,anatomical_structure,4
IXI354,UNesT,0.2.7,BRN-OCCIPITAL-POLE,OCP---occipital-pole,RIGHT,4802,4802.0,BRN-OCC,anatomical_structure,4
IXI354,UNesT,0.2.7,BRN-OCCIPITAL-POLE,OCP---occipital-pole,LEFT,4999,4999.0,BRN-OCC,anatomical_structure,4
IXI354,UNesT,0.2.7,BRN-OCCIPITAL-FUSIFORM-GYRUS,OFuG--occipital-fusiform-gyrus,RIGHT,6834,6834.0,BRN-OCC,anatomical_structure,4
IXI354,UNesT,0.2.7,BRN-OCCIPITAL-FUSIFORM-GYRUS,OFuG--occipital-fusiform-gyrus,LEFT,6662,6662.0,BRN-OCC,anatomical_structure,4
IXI354,UNesT,0.2.7,BRN-OPIFG-OPERCULAR-PART-OF-THE-IFG,OpIFG-opercular-part-of-the-IFG,RIGHT,7652,7652.0,BRN-CER-COR,anatomical_structure,1
IXI354,UNesT,0.2.7,BRN-OPIFG-OPERCULAR-PART-OF-THE-IFG,OpIFG-opercular-part-of-the-IFG,LEFT,6239,6239.0,BRN-CER-COR,anatomical_structure,1
IXI354,UNesT,0.2.7,BRN-ORIFG-ORBITAL-PART-OF-THE-IFG,OrIFG-orbital-part-of-the-IFG,RIGHT,2521,2521.0,BRN-CER-COR,anatomical_structure,1
IXI354,UNesT,0.2.7,BRN-ORIFG-ORBITAL-PART-OF-THE-IFG,OrIFG-orbital-part-of-the-IFG,LEFT,3814,3814.0,BRN-CER-COR,anatomical_structure,1
IXI354,UNesT,0.2.7,BRN-POSTERIOR-CINGULATE-GYRUS,PCgG--posterior-cingulate-gyrus,RIGHT,5819,5819.0,BRN-LIM,anatomical_structure,4
IXI354,UNesT,0.2.7,BRN-POSTERIOR-CINGULATE-GYRUS,PCgG--posterior-cingulate-gyrus,LEFT,5568,5568.0,BRN-LIM,anatomical_structure,4
IXI354,UNesT,0.2.7,BRN-PCU,PCu---precuneus,RIGHT,14328,14328.0,BRN-PAR,cortical_structure,4
IXI354,UNesT,0.2.7,BRN-PCU,PCu---precuneus,LEFT,15257,15257.0,BRN-PAR,cortical_structure,4
IXI354,UNesT,0.2.7,BRN-PARAHIPPOCAMPAL-GYRUS,PHG---parahippocampal-gyrus,RIGHT,3225,3225.0,BRN-LIM,anatomical_structure,4
IXI354,UNesT,0.2.7,BRN-PARAHIPPOCAMPAL-GYRUS,PHG---parahippocampal-gyrus,LEFT,3052,3052.0,BRN-LIM,anatomical_structure,4
IXI354,UNesT,0.2.7,BRN-POSTERIOR-INSULA,PIns--posterior-insula,RIGHT,3124,3124.0,BRN-INS,anatomical_structure,4
IXI354,UNesT,0.2.7,BRN-POSTERIOR-INSULA,PIns--posterior-insula,LEFT,2917,2917.0,BRN-INS,anatomical_structure,4
IXI354,UNesT,0.2.7,BRN-PARIETAL-OPERCULUM,PO----parietal-operculum,RIGHT,3179,3179.0,BRN-PAR,anatomical_structure,4
IXI354,UNesT,0.2.7,BRN-PARIETAL-OPERCULUM,PO----parietal-operculum,LEFT,4736,4736.0,BRN-PAR,anatomical_structure,4
IXI354,UNesT,0.2.7,BRN-POG,MPoG--postcentral-gyrus,RIGHT,16671,16671.0,BRN-PAR,cortical_structure,4
IXI354,UNesT,0.2.7,BRN-POG,MPoG--postcentral-gyrus,LEFT,18734,18734.0,BRN-PAR,cortical_structure,4
IXI354,UNesT,0.2.7,BRN-POSTERIOR-ORBITAL-GYRUS,POrG--posterior-orbital-gyrus,RIGHT,3885,3885.0,BRN-FRO,anatomical_structure,4
IXI354,UNesT,0.2.7,BRN-POSTERIOR-ORBITAL-GYRUS,POrG--posterior-orbital-gyrus,LEFT,4506,4506.0,BRN-FRO,anatomical_structure,4
IXI354,UNesT,0.2.7,BRN-PLANUM-POLARE,PP----planum-polare,RIGHT,2492,2492.0,BRN-TEM,anatomical_structure,4
IXI354,UNesT,0.2.7,BRN-PLANUM-POLARE,PP----planum-polare,LEFT,3109,3109.0,BRN-TEM,anatomical_structure,4
IXI354,UNesT,0.2.7,BRN-PRG,MPrG--precentral-gyrus,RIGHT,26148,26148.0,BRN-FRO,cortical_structure,4
IXI354,UNesT,0.2.7,BRN-PRG,MPrG--precentral-gyrus,LEFT,27572,27572.0,BRN-FRO,cortical_structure,4
IXI354,UNesT,0.2.7,BRN-PLANUM-TEMPORALE,PT----planum-temporale,RIGHT,2632,2632.0,BRN-TEM,anatomical_structure,4
IXI354,UNesT,0.2.7,BRN-PLANUM-TEMPORALE,PT----planum-temporale,LEFT,2973,2973.0,BRN-TEM,anatomical_structure,4
IXI354,UNesT,0.2.7,BRN-SUBCALLOSAL-AREA,SCA---subcallosal-area,RIGHT,687,687.0,BRN-LIM,anatomical_structure,4
IXI354,UNesT,0.2.7,BRN-SUBCALLOSAL-AREA,SCA---subcallosal-area,LEFT,491,491.0,BRN-LIM,anatomical_structure,4
IXI354,UNesT,0.2.7,BRN-SUPPLEMENTARY-MOTOR-CORTEX,SMC---supplementary-motor-cortex,RIGHT,8258,8258.0,BRN-FRO,anatomical_structure,4
IXI354,UNesT,0.2.7,BRN-SUPPLEMENTARY-MOTOR-CORTEX,SMC---supplementary-motor-cortex,LEFT,9561,9561.0,BRN-FRO,anatomical_structure,4
IXI354,UNesT,0.2.7,BRN-SUPRAMARGINAL-GYRUS,SMG---supramarginal-gyrus,RIGHT,11869,11869.0,BRN-PAR,anatomical_structure,4
IXI354,UNesT,0.2.7,BRN-SUPRAMARGINAL-GYRUS,SMG---supramarginal-gyrus,LEFT,14541,14541.0,BRN-PAR,anatomical_structure,4
IXI354,UNesT,0.2.7,BRN-SUPERIOR-OCCIPITAL-GYRUS,SOG---superior-occipital-gyrus,RIGHT,6200,6200.0,BRN-OCC,anatomical_structure,4
IXI354,UNesT,0.2.7,BRN-SUPERIOR-OCCIPITAL-GYRUS,SOG---superior-occipital-gyrus,LEFT,5604,5604.0,BRN-OCC,anatomical_structure,4
IXI354,UNesT,0.2.7,BRN-SUPERIOR-PARIETAL-LOBULE,SPL---superior-parietal-lobule,RIGHT,16994,16994.0,BRN-CER-COR,anatomical_structure,1
IXI354,UNesT,0.2.7,BRN-SUPERIOR-PARIETAL-LOBULE,SPL---superior-parietal-lobule,LEFT,17977,17977.0,BRN-CER-COR,anatomical_structure,1
IXI354,UNesT,0.2.7,BRN-SUPERIOR-TEMPORAL-GYRUS,STG---superior-temporal-gyrus,RIGHT,10462,10462.0,BRN-TEM,anatomical_structure,4
IXI354,UNesT,0.2.7,BRN-SUPERIOR-TEMPORAL-GYRUS,STG---superior-temporal-gyrus,LEFT,8620,8620.0,BRN-TEM,anatomical_structure,4
IXI354,UNesT,0.2.7,BRN-TEMPORAL-POLE,TMP---temporal-pole,RIGHT,11226,11226.0,BRN-TEM,anatomical_structure,4
IXI354,UNesT,0.2.7,BRN-TEMPORAL-POLE,TMP---temporal-pole,LEFT,11411,11411.0,BRN-TEM,anatomical_structure,4
IXI354,UNesT,0.2.7,BRN-TRIFG-TRIANGULAR-PART-OF-THE-IFG,TrIFG-triangular-part-of-the-IFG,RIGHT,6904,6904.0,BRN-CER-COR,anatomical_structure,1
IXI354,UNesT,0.2.7,BRN-TRIFG-TRIANGULAR-PART-OF-THE-IFG,TrIFG-triangular-part-of-the-IFG,LEFT,5445,5445.0,BRN-CER-COR,anatomical_structure,1
IXI354,UNesT,0.2.7,BRN-TRANSVERSE-TEMPORAL-GYRUS,TTG---transverse-temporal-gyrus,RIGHT,1983,1983.0,BRN-TEM,anatomical_structure,4
IXI354,UNesT,0.2.7,BRN-TRANSVERSE-TEMPORAL-GYRUS,TTG---transverse-temporal-gyrus,LEFT,2981,2981.0,BRN-TEM,anatomical_structure,4
IXI332,UNesT,0.2.7,BRN-3RD-VENTRICLE,3rd-Ventricle,NONE,2113,2113.0,BRN-VEN,anatomical_structure,1
IXI332,UNesT,0.2.7,BRN-4TH-VENTRICLE,4th-Ventricle,NONE,966,966.0,BRN-VEN,anatomical_structure,1
IXI332,UNesT,0.2.7,BRN-ACC,Accumbens-Area,RIGHT,628,628.0,BRN-DGM,anatomical_structure,1
IXI332,UNesT,0.2.7,BRN-ACC,Accumbens-Area,LEFT,571,571.0,BRN-DGM,anatomical_structure,1
IXI332,UNesT,0.2.7,BRN-AMY,Amygdala,RIGHT,1341,1341.0,BRN-DGM,deep_gray_matter,1
IXI332,UNesT,0.2.7,BRN-AMY,Amygdala,LEFT,1279,1279.0,BRN-DGM,deep_gray_matter,1
IXI332,UNesT,0.2.7,BRN-BST,Brain-Stem,NONE,19657,19657.0,BRN-BST-GRP,brainstem,1
IXI332,UNesT,0.2.7,BRN-CAU,Caudate,RIGHT,3806,3806.0,BRN-DGM,deep_gray_matter,1
IXI332,UNesT,0.2.7,BRN-CAU,Caudate,LEFT,4171,4171.0,BRN-DGM,deep_gray_matter,1
IXI332,UNesT,0.2.7,BRN-CB-EXT,Cerebellum-Exterior,RIGHT,68085,68085.0,BRN-CBL,anatomical_structure,1
IXI332,UNesT,0.2.7,BRN-CB-EXT,Cerebellum-Exterior,LEFT,64938,64938.0,BRN-CBL,anatomical_structure,1
IXI332,UNesT,0.2.7,BRN-CB-WM,Cerebellum-White-Matter,RIGHT,10204,10204.0,BRN-CBL,anatomical_structure,1
IXI332,UNesT,0.2.7,BRN-CB-WM,Cerebellum-White-Matter,LEFT,11652,11652.0,BRN-CBL,anatomical_structure,1
IXI332,UNesT,0.2.7,BRN-CER-WM,Cerebral-White-Matter,RIGHT,245700,245700.0,BRN-WM,anatomical_structure,1
IXI332,UNesT,0.2.7,BRN-CER-WM,Cerebral-White-Matter,LEFT,270238,270238.0,BRN-WM,anatomical_structure,1
IXI332,UNesT,0.2.7,BRN-HIP,Hippocampus,RIGHT,5781,5781.0,BRN-LIM,deep_gray_matter,1
IXI332,UNesT,0.2.7,BRN-HIP,Hippocampus,LEFT,5128,5128.0,BRN-LIM,deep_gray_matter,1
IXI332,UNesT,0.2.7,BRN-INF-LAT-V,Inf-Lat-Vent,RIGHT,991,991.0,BRN-VEN,anatomical_structure,1
IXI332,UNesT,0.2.7,BRN-INF-LAT-V,Inf-Lat-Vent,LEFT,156,156.0,BRN-VEN,anatomical_structure,1
IXI332,UNesT,0.2.7,BRN-LAT-V,Lateral-Ventricle,RIGHT,9203,9203.0,BRN-VEN,anatomical_structure,1
IXI332,UNesT,0.2.7,BRN-LAT-V,Lateral-Ventricle,LEFT,9926,9926.0,BRN-VEN,anatomical_structure,1
IXI332,UNesT,0.2.7,BRN-PAL,Pallidum,RIGHT,1724,1724.0,BRN-DGM,deep_gray_matter,1
IXI332,UNesT,0.2.7,BRN-PAL,Pallidum,LEFT,2130,2130.0,BRN-DGM,deep_gray_matter,1
IXI332,UNesT,0.2.7,BRN-PUT,Putamen,RIGHT,4514,4514.0,BRN-DGM,deep_gray_matter,1
IXI332,UNesT,0.2.7,BRN-PUT,Putamen,LEFT,4199,4199.0,BRN-DGM,deep_gray_matter,1
IXI332,UNesT,0.2.7,BRN-THA,Thalamus-Proper,RIGHT,9346,9346.0,BRN-DGM,deep_gray_matter,1
IXI332,UNesT,0.2.7,BRN-THA,Thalamus-Proper,LEFT,9818,9818.0,BRN-DGM,deep_gray_matter,1
IXI332,UNesT,0.2.7,BRN-VDC,Ventral-DC,RIGHT,7005,7005.0,BRN-DGM,anatomical_structure,1
IXI332,UNesT,0.2.7,BRN-VDC,Ventral-DC,LEFT,7098,7098.0,BRN-DGM,anatomical_structure,1
IXI332,UNesT,0.2.7,BRN-CEREBELLAR-VERMAL-LOBULES-I-V,Cerebellar-Vermal-Lobules-I-V,NONE,7015,7015.0,BRN-CBL,anatomical_structure,1
IXI332,UNesT,0.2.7,BRN-CEREBELLAR-VERMAL-LOBULES-VI-VII,Cerebellar-Vermal-Lobules-VI-VII,NONE,4453,4453.0,BRN-CBL,anatomical_structure,1
IXI332,UNesT,0.2.7,BRN-CEREBELLAR-VERMAL-LOBULES-VIII-X,Cerebellar-Vermal-Lobules-VIII-X,NONE,3625,3625.0,BRN-CBL,anatomical_structure,1
IXI332,UNesT,0.2.7,BRN-BASAL-FOREBRAIN,Basal-Forebrain,LEFT,800,800.0,BRN-DGM,anatomical_structure,1
IXI332,UNesT,0.2.7,BRN-BASAL-FOREBRAIN,Basal-Forebrain,RIGHT,769,769.0,BRN-DGM,anatomical_structure,1
IXI332,UNesT,0.2.7,BRN-ANTERIOR-CINGULATE-GYRUS,ACgG--anterior-cingulate-gyrus,RIGHT,9730,9730.0,BRN-LIM,anatomical_structure,4
IXI332,UNesT,0.2.7,BRN-ANTERIOR-CINGULATE-GYRUS,ACgG--anterior-cingulate-gyrus,LEFT,8962,8962.0,BRN-LIM,anatomical_structure,4
IXI332,UNesT,0.2.7,BRN-ANTERIOR-INSULA,AIns--anterior-insula,RIGHT,5931,5931.0,BRN-INS,anatomical_structure,4
IXI332,UNesT,0.2.7,BRN-ANTERIOR-INSULA,AIns--anterior-insula,LEFT,6715,6715.0,BRN-INS,anatomical_structure,4
IXI332,UNesT,0.2.7,BRN-ANTERIOR-ORBITAL-GYRUS,AOrG--anterior-orbital-gyrus,RIGHT,3175,3175.0,BRN-FRO,anatomical_structure,4
IXI332,UNesT,0.2.7,BRN-ANTERIOR-ORBITAL-GYRUS,AOrG--anterior-orbital-gyrus,LEFT,2908,2908.0,BRN-FRO,anatomical_structure,4
IXI332,UNesT,0.2.7,BRN-ANGULAR-GYRUS,AnG---angular-gyrus,RIGHT,16149,16149.0,BRN-PAR,anatomical_structure,4
IXI332,UNesT,0.2.7,BRN-ANGULAR-GYRUS,AnG---angular-gyrus,LEFT,12341,12341.0,BRN-PAR,anatomical_structure,4
IXI332,UNesT,0.2.7,BRN-CALCARINE-CORTEX,Calc--calcarine-cortex,RIGHT,4604,4604.0,BRN-OCC,anatomical_structure,4
IXI332,UNesT,0.2.7,BRN-CALCARINE-CORTEX,Calc--calcarine-cortex,LEFT,3034,3034.0,BRN-OCC,anatomical_structure,4
IXI332,UNesT,0.2.7,BRN-CENTRAL-OPERCULUM,CO----central-operculum,RIGHT,7064,7064.0,BRN-CER-COR,anatomical_structure,3
IXI332,UNesT,0.2.7,BRN-CENTRAL-OPERCULUM,CO----central-operculum,LEFT,7063,7063.0,BRN-CER-COR,anatomical_structure,3
IXI332,UNesT,0.2.7,BRN-CUNEUS,Cun---cuneus,RIGHT,4718,4718.0,BRN-CER-COR,anatomical_structure,1
IXI332,UNesT,0.2.7,BRN-CUNEUS,Cun---cuneus,LEFT,4388,4388.0,BRN-CER-COR,anatomical_structure,1
IXI332,UNesT,0.2.7,BRN-ENTORHINAL-AREA,Ent---entorhinal-area,RIGHT,3128,3128.0,BRN-LIM,anatomical_structure,1
IXI332,UNesT,0.2.7,BRN-ENTORHINAL-AREA,Ent---entorhinal-area,LEFT,3447,3447.0,BRN-LIM,anatomical_structure,1
IXI332,UNesT,0.2.7,BRN-FRONTAL-OPERCULUM,FO----frontal-operculum,RIGHT,2940,2940.0,BRN-FRO,anatomical_structure,4
IXI332,UNesT,0.2.7,BRN-FRONTAL-OPERCULUM,FO----frontal-operculum,LEFT,2875,2875.0,BRN-FRO,anatomical_structure,4
IXI332,UNesT,0.2.7,BRN-FRONTAL-POLE,FRP---frontal-pole,RIGHT,5382,5382.0,BRN-FRO,anatomical_structure,4
IXI332,UNesT,0.2.7,BRN-FRONTAL-POLE,FRP---frontal-pole,LEFT,4917,4917.0,BRN-FRO,anatomical_structure,4
IXI332,UNesT,0.2.7,BRN-FUSIFORM-GYRUS,FuG---fusiform-gyrus,RIGHT,8394,8394.0,BRN-TEM,anatomical_structure,4
IXI332,UNesT,0.2.7,BRN-FUSIFORM-GYRUS,FuG---fusiform-gyrus,LEFT,7372,7372.0,BRN-TEM,anatomical_structure,4
IXI332,UNesT,0.2.7,BRN-GYRUS-RECTUS,GRe---gyrus-rectus,RIGHT,2781,2781.0,BRN-FRO,anatomical_structure,4
IXI332,UNesT,0.2.7,BRN-GYRUS-RECTUS,GRe---gyrus-rectus,LEFT,3230,3230.0,BRN-FRO,anatomical_structure,4
IXI332,UNesT,0.2.7,BRN-INFERIOR-OCCIPITAL-GYRUS,IOG---inferior-occipital-gyrus,RIGHT,8602,8602.0,BRN-OCC,anatomical_structure,4
IXI332,UNesT,0.2.7,BRN-INFERIOR-OCCIPITAL-GYRUS,IOG---inferior-occipital-gyrus,LEFT,6558,6558.0,BRN-OCC,anatomical_structure,4
IXI332,UNesT,0.2.7,BRN-INFERIOR-TEMPORAL-GYRUS,ITG---inferior-temporal-gyrus,RIGHT,14139,14139.0,BRN-TEM,anatomical_structure,4
IXI332,UNesT,0.2.7,BRN-INFERIOR-TEMPORAL-GYRUS,ITG---inferior-temporal-gyrus,LEFT,19913,19913.0,BRN-TEM,anatomical_structure,4
IXI332,UNesT,0.2.7,BRN-LINGUAL-GYRUS,LiG---lingual-gyrus,RIGHT,13222,13222.0,BRN-OCC,anatomical_structure,4
IXI332,UNesT,0.2.7,BRN-LINGUAL-GYRUS,LiG---lingual-gyrus,LEFT,9955,9955.0,BRN-OCC,anatomical_structure,4
IXI332,UNesT,0.2.7,BRN-LATERAL-ORBITAL-GYRUS,LOrG--lateral-orbital-gyrus,RIGHT,5348,5348.0,BRN-FRO,anatomical_structure,4
IXI332,UNesT,0.2.7,BRN-LATERAL-ORBITAL-GYRUS,LOrG--lateral-orbital-gyrus,LEFT,4019,4019.0,BRN-FRO,anatomical_structure,4
IXI332,UNesT,0.2.7,BRN-MIDDLE-CINGULATE-GYRUS,MCgG--middle-cingulate-gyrus,RIGHT,7401,7401.0,BRN-LIM,anatomical_structure,4
IXI332,UNesT,0.2.7,BRN-MIDDLE-CINGULATE-GYRUS,MCgG--middle-cingulate-gyrus,LEFT,6346,6346.0,BRN-LIM,anatomical_structure,4
IXI332,UNesT,0.2.7,BRN-MEDIAL-FRONTAL-CORTEX,MFC---medial-frontal-cortex,RIGHT,3609,3609.0,BRN-FRO,anatomical_structure,4
IXI332,UNesT,0.2.7,BRN-MEDIAL-FRONTAL-CORTEX,MFC---medial-frontal-cortex,LEFT,3504,3504.0,BRN-FRO,anatomical_structure,4
IXI332,UNesT,0.2.7,BRN-MIDDLE-FRONTAL-GYRUS,MFG---middle-frontal-gyrus,RIGHT,31071,31071.0,BRN-FRO,anatomical_structure,4
IXI332,UNesT,0.2.7,BRN-MIDDLE-FRONTAL-GYRUS,MFG---middle-frontal-gyrus,LEFT,32146,32146.0,BRN-FRO,anatomical_structure,4
IXI332,UNesT,0.2.7,BRN-MIDDLE-OCCIPITAL-GYRUS,MOG---middle-occipital-gyrus,RIGHT,8460,8460.0,BRN-OCC,anatomical_structure,4
IXI332,UNesT,0.2.7,BRN-MIDDLE-OCCIPITAL-GYRUS,MOG---middle-occipital-gyrus,LEFT,7856,7856.0,BRN-OCC,anatomical_structure,4
IXI332,UNesT,0.2.7,BRN-MEDIAL-ORBITAL-GYRUS,MOrG--medial-orbital-gyrus,RIGHT,6360,6360.0,BRN-FRO,anatomical_structure,4
IXI332,UNesT,0.2.7,BRN-MEDIAL-ORBITAL-GYRUS,MOrG--medial-orbital-gyrus,LEFT,6970,6970.0,BRN-FRO,anatomical_structure,4
IXI332,UNesT,0.2.7,BRN-POG-MED,"Postcentral Gyrus, Medial Segment",RIGHT,1448,1448.0,BRN-PAR,cortical_subregion,4
IXI332,UNesT,0.2.7,BRN-POG-MED,"Postcentral Gyrus, Medial Segment",LEFT,1826,1826.0,BRN-PAR,cortical_subregion,4
IXI332,UNesT,0.2.7,BRN-PRG-MED,"Precentral Gyrus, Medial Segment",RIGHT,3871,3871.0,BRN-FRO,cortical_subregion,4
IXI332,UNesT,0.2.7,BRN-PRG-MED,"Precentral Gyrus, Medial Segment",LEFT,3905,3905.0,BRN-FRO,cortical_subregion,4
IXI332,UNesT,0.2.7,BRN-SUPERIOR-FRONTAL-GYRUS,MSFG--superior-frontal-gyrus,RIGHT,31936,31936.0,BRN-FRO,anatomical_structure,4
IXI332,UNesT,0.2.7,BRN-SUPERIOR-FRONTAL-GYRUS,MSFG--superior-frontal-gyrus,LEFT,33542,33542.0,BRN-FRO,anatomical_structure,4
IXI332,UNesT,0.2.7,BRN-MIDDLE-TEMPORAL-GYRUS,MTG---middle-temporal-gyrus,RIGHT,22695,22695.0,BRN-TEM,anatomical_structure,4
IXI332,UNesT,0.2.7,BRN-MIDDLE-TEMPORAL-GYRUS,MTG---middle-temporal-gyrus,LEFT,20745,20745.0,BRN-TEM,anatomical_structure,4
IXI332,UNesT,0.2.7,BRN-OCCIPITAL-POLE,OCP---occipital-pole,RIGHT,5180,5180.0,BRN-OCC,anatomical_structure,4
IXI332,UNesT,0.2.7,BRN-OCCIPITAL-POLE,OCP---occipital-pole,LEFT,5321,5321.0,BRN-OCC,anatomical_structure,4
IXI332,UNesT,0.2.7,BRN-OCCIPITAL-FUSIFORM-GYRUS,OFuG--occipital-fusiform-gyrus,RIGHT,6897,6897.0,BRN-OCC,anatomical_structure,4
IXI332,UNesT,0.2.7,BRN-OCCIPITAL-FUSIFORM-GYRUS,OFuG--occipital-fusiform-gyrus,LEFT,3998,3998.0,BRN-OCC,anatomical_structure,4
IXI332,UNesT,0.2.7,BRN-OPIFG-OPERCULAR-PART-OF-THE-IFG,OpIFG-opercular-part-of-the-IFG,RIGHT,4727,4727.0,BRN-CER-COR,anatomical_structure,1
IXI332,UNesT,0.2.7,BRN-OPIFG-OPERCULAR-PART-OF-THE-IFG,OpIFG-opercular-part-of-the-IFG,LEFT,5074,5074.0,BRN-CER-COR,anatomical_structure,1
IXI332,UNesT,0.2.7,BRN-ORIFG-ORBITAL-PART-OF-THE-IFG,OrIFG-orbital-part-of-the-IFG,RIGHT,2859,2859.0,BRN-CER-COR,anatomical_structure,1
IXI332,UNesT,0.2.7,BRN-ORIFG-ORBITAL-PART-OF-THE-IFG,OrIFG-orbital-part-of-the-IFG,LEFT,2092,2092.0,BRN-CER-COR,anatomical_structure,1
IXI332,UNesT,0.2.7,BRN-POSTERIOR-CINGULATE-GYRUS,PCgG--posterior-cingulate-gyrus,RIGHT,5750,5750.0,BRN-LIM,anatomical_structure,4
IXI332,UNesT,0.2.7,BRN-POSTERIOR-CINGULATE-GYRUS,PCgG--posterior-cingulate-gyrus,LEFT,6227,6227.0,BRN-LIM,anatomical_structure,4
IXI332,UNesT,0.2.7,BRN-PCU,PCu---precuneus,RIGHT,15624,15624.0,BRN-PAR,cortical_structure,4
IXI332,UNesT,0.2.7,BRN-PCU,PCu---precuneus,LEFT,13907,13907.0,BRN-PAR,cortical_structure,4
IXI332,UNesT,0.2.7,BRN-PARAHIPPOCAMPAL-GYRUS,PHG---parahippocampal-gyrus,RIGHT,3965,3965.0,BRN-LIM,anatomical_structure,4
IXI332,UNesT,0.2.7,BRN-PARAHIPPOCAMPAL-GYRUS,PHG---parahippocampal-gyrus,LEFT,4224,4224.0,BRN-LIM,anatomical_structure,4
IXI332,UNesT,0.2.7,BRN-POSTERIOR-INSULA,PIns--posterior-insula,RIGHT,4428,4428.0,BRN-INS,anatomical_structure,4
IXI332,UNesT,0.2.7,BRN-POSTERIOR-INSULA,PIns--posterior-insula,LEFT,3557,3557.0,BRN-INS,anatomical_structure,4
IXI332,UNesT,0.2.7,BRN-PARIETAL-OPERCULUM,PO----parietal-operculum,RIGHT,3639,3639.0,BRN-PAR,anatomical_structure,4
IXI332,UNesT,0.2.7,BRN-PARIETAL-OPERCULUM,PO----parietal-operculum,LEFT,4485,4485.0,BRN-PAR,anatomical_structure,4
IXI332,UNesT,0.2.7,BRN-POG,MPoG--postcentral-gyrus,RIGHT,18072,18072.0,BRN-PAR,cortical_structure,4
IXI332,UNesT,0.2.7,BRN-POG,MPoG--postcentral-gyrus,LEFT,18524,18524.0,BRN-PAR,cortical_structure,4
IXI332,UNesT,0.2.7,BRN-POSTERIOR-ORBITAL-GYRUS,POrG--posterior-orbital-gyrus,RIGHT,4269,4269.0,BRN-FRO,anatomical_structure,4
IXI332,UNesT,0.2.7,BRN-POSTERIOR-ORBITAL-GYRUS,POrG--posterior-orbital-gyrus,LEFT,4920,4920.0,BRN-FRO,anatomical_structure,4
IXI332,UNesT,0.2.7,BRN-PLANUM-POLARE,PP----planum-polare,RIGHT,2909,2909.0,BRN-TEM,anatomical_structure,4
IXI332,UNesT,0.2.7,BRN-PLANUM-POLARE,PP----planum-polare,LEFT,3655,3655.0,BRN-TEM,anatomical_structure,4
IXI332,UNesT,0.2.7,BRN-PRG,MPrG--precentral-gyrus,RIGHT,21647,21647.0,BRN-FRO,cortical_structure,4
IXI332,UNesT,0.2.7,BRN-PRG,MPrG--precentral-gyrus,LEFT,22542,22542.0,BRN-FRO,cortical_structure,4
IXI332,UNesT,0.2.7,BRN-PLANUM-TEMPORALE,PT----planum-temporale,RIGHT,3518,3518.0,BRN-TEM,anatomical_structure,4
IXI332,UNesT,0.2.7,BRN-PLANUM-TEMPORALE,PT----planum-temporale,LEFT,3524,3524.0,BRN-TEM,anatomical_structure,4
IXI332,UNesT,0.2.7,BRN-SUBCALLOSAL-AREA,SCA---subcallosal-area,RIGHT,1862,1862.0,BRN-LIM,anatomical_structure,4
IXI332,UNesT,0.2.7,BRN-SUBCALLOSAL-AREA,SCA---subcallosal-area,LEFT,1753,1753.0,BRN-LIM,anatomical_structure,4
IXI332,UNesT,0.2.7,BRN-SUPPLEMENTARY-MOTOR-CORTEX,SMC---supplementary-motor-cortex,RIGHT,8216,8216.0,BRN-FRO,anatomical_structure,4
IXI332,UNesT,0.2.7,BRN-SUPPLEMENTARY-MOTOR-CORTEX,SMC---supplementary-motor-cortex,LEFT,9745,9745.0,BRN-FRO,anatomical_structure,4
IXI332,UNesT,0.2.7,BRN-SUPRAMARGINAL-GYRUS,SMG---supramarginal-gyrus,RIGHT,12062,12062.0,BRN-PAR,anatomical_structure,4
IXI332,UNesT,0.2.7,BRN-SUPRAMARGINAL-GYRUS,SMG---supramarginal-gyrus,LEFT,12918,12918.0,BRN-PAR,anatomical_structure,4
IXI332,UNesT,0.2.7,BRN-SUPERIOR-OCCIPITAL-GYRUS,SOG---superior-occipital-gyrus,RIGHT,5688,5688.0,BRN-OCC,anatomical_structure,4
IXI332,UNesT,0.2.7,BRN-SUPERIOR-OCCIPITAL-GYRUS,SOG---superior-occipital-gyrus,LEFT,4065,4065.0,BRN-OCC,anatomical_structure,4
IXI332,UNesT,0.2.7,BRN-SUPERIOR-PARIETAL-LOBULE,SPL---superior-parietal-lobule,RIGHT,15475,15475.0,BRN-CER-COR,anatomical_structure,1
IXI332,UNesT,0.2.7,BRN-SUPERIOR-PARIETAL-LOBULE,SPL---superior-parietal-lobule,LEFT,17648,17648.0,BRN-CER-COR,anatomical_structure,1
IXI332,UNesT,0.2.7,BRN-SUPERIOR-TEMPORAL-GYRUS,STG---superior-temporal-gyrus,RIGHT,11913,11913.0,BRN-TEM,anatomical_structure,4
IXI332,UNesT,0.2.7,BRN-SUPERIOR-TEMPORAL-GYRUS,STG---superior-temporal-gyrus,LEFT,10652,10652.0,BRN-TEM,anatomical_structure,4
IXI332,UNesT,0.2.7,BRN-TEMPORAL-POLE,TMP---temporal-pole,RIGHT,13427,13427.0,BRN-TEM,anatomical_structure,4
IXI332,UNesT,0.2.7,BRN-TEMPORAL-POLE,TMP---temporal-pole,LEFT,12508,12508.0,BRN-TEM,anatomical_structure,4
IXI332,UNesT,0.2.7,BRN-TRIFG-TRIANGULAR-PART-OF-THE-IFG,TrIFG-triangular-part-of-the-IFG,RIGHT,4373,4373.0,BRN-CER-COR,anatomical_structure,1
IXI332,UNesT,0.2.7,BRN-TRIFG-TRIANGULAR-PART-OF-THE-IFG,TrIFG-triangular-part-of-the-IFG,LEFT,6120,6120.0,BRN-CER-COR,anatomical_structure,1
IXI332,UNesT,0.2.7,BRN-TRANSVERSE-TEMPORAL-GYRUS,TTG---transverse-temporal-gyrus,RIGHT,3103,3103.0,BRN-TEM,anatomical_structure,4
IXI332,UNesT,0.2.7,BRN-TRANSVERSE-TEMPORAL-GYRUS,TTG---transverse-temporal-gyrus,LEFT,2225,2225.0,BRN-TEM,anatomical_structure,4
IXI334,UNesT,0.2.7,BRN-3RD-VENTRICLE,3rd-Ventricle,NONE,2664,2664.0,BRN-VEN,anatomical_structure,1
IXI334,UNesT,0.2.7,BRN-4TH-VENTRICLE,4th-Ventricle,NONE,1813,1813.0,BRN-VEN,anatomical_structure,1
IXI334,UNesT,0.2.7,BRN-ACC,Accumbens-Area,RIGHT,43,43.0,BRN-DGM,anatomical_structure,1
IXI334,UNesT,0.2.7,BRN-ACC,Accumbens-Area,LEFT,120,120.0,BRN-DGM,anatomical_structure,1
IXI334,UNesT,0.2.7,BRN-AMY,Amygdala,RIGHT,1156,1156.0,BRN-DGM,deep_gray_matter,1
IXI334,UNesT,0.2.7,BRN-AMY,Amygdala,LEFT,849,849.0,BRN-DGM,deep_gray_matter,1
IXI334,UNesT,0.2.7,BRN-BST,Brain-Stem,NONE,19862,19862.0,BRN-BST-GRP,brainstem,1
IXI334,UNesT,0.2.7,BRN-CAU,Caudate,RIGHT,3380,3380.0,BRN-DGM,deep_gray_matter,1
IXI334,UNesT,0.2.7,BRN-CAU,Caudate,LEFT,2625,2625.0,BRN-DGM,deep_gray_matter,1
IXI334,UNesT,0.2.7,BRN-CB-EXT,Cerebellum-Exterior,RIGHT,67462,67462.0,BRN-CBL,anatomical_structure,1
IXI334,UNesT,0.2.7,BRN-CB-EXT,Cerebellum-Exterior,LEFT,71207,71207.0,BRN-CBL,anatomical_structure,1
IXI334,UNesT,0.2.7,BRN-CB-WM,Cerebellum-White-Matter,RIGHT,20640,20640.0,BRN-CBL,anatomical_structure,1
IXI334,UNesT,0.2.7,BRN-CB-WM,Cerebellum-White-Matter,LEFT,20023,20023.0,BRN-CBL,anatomical_structure,1
IXI334,UNesT,0.2.7,BRN-CER-WM,Cerebral-White-Matter,RIGHT,205094,205094.0,BRN-WM,anatomical_structure,1
IXI334,UNesT,0.2.7,BRN-CER-WM,Cerebral-White-Matter,LEFT,208082,208082.0,BRN-WM,anatomical_structure,1
IXI334,UNesT,0.2.7,BRN-HIP,Hippocampus,RIGHT,4154,4154.0,BRN-LIM,deep_gray_matter,1
IXI334,UNesT,0.2.7,BRN-HIP,Hippocampus,LEFT,3586,3586.0,BRN-LIM,deep_gray_matter,1
IXI334,UNesT,0.2.7,BRN-INF-LAT-V,Inf-Lat-Vent,RIGHT,321,321.0,BRN-VEN,anatomical_structure,1
IXI334,UNesT,0.2.7,BRN-INF-LAT-V,Inf-Lat-Vent,LEFT,577,577.0,BRN-VEN,anatomical_structure,1
IXI334,UNesT,0.2.7,BRN-LAT-V,Lateral-Ventricle,RIGHT,17732,17732.0,BRN-VEN,anatomical_structure,1
IXI334,UNesT,0.2.7,BRN-LAT-V,Lateral-Ventricle,LEFT,19649,19649.0,BRN-VEN,anatomical_structure,1
IXI334,UNesT,0.2.7,BRN-PAL,Pallidum,RIGHT,1863,1863.0,BRN-DGM,deep_gray_matter,1
IXI334,UNesT,0.2.7,BRN-PAL,Pallidum,LEFT,1422,1422.0,BRN-DGM,deep_gray_matter,1
IXI334,UNesT,0.2.7,BRN-PUT,Putamen,RIGHT,4738,4738.0,BRN-DGM,deep_gray_matter,1
IXI334,UNesT,0.2.7,BRN-PUT,Putamen,LEFT,3786,3786.0,BRN-DGM,deep_gray_matter,1
IXI334,UNesT,0.2.7,BRN-THA,Thalamus-Proper,RIGHT,8095,8095.0,BRN-DGM,deep_gray_matter,1
IXI334,UNesT,0.2.7,BRN-THA,Thalamus-Proper,LEFT,7211,7211.0,BRN-DGM,deep_gray_matter,1
IXI334,UNesT,0.2.7,BRN-VDC,Ventral-DC,RIGHT,5814,5814.0,BRN-DGM,anatomical_structure,1
IXI334,UNesT,0.2.7,BRN-VDC,Ventral-DC,LEFT,5222,5222.0,BRN-DGM,anatomical_structure,1
IXI334,UNesT,0.2.7,BRN-CEREBELLAR-VERMAL-LOBULES-I-V,Cerebellar-Vermal-Lobules-I-V,NONE,8479,8479.0,BRN-CBL,anatomical_structure,1
IXI334,UNesT,0.2.7,BRN-CEREBELLAR-VERMAL-LOBULES-VI-VII,Cerebellar-Vermal-Lobules-VI-VII,NONE,4341,4341.0,BRN-CBL,anatomical_structure,1
IXI334,UNesT,0.2.7,BRN-CEREBELLAR-VERMAL-LOBULES-VIII-X,Cerebellar-Vermal-Lobules-VIII-X,NONE,4243,4243.0,BRN-CBL,anatomical_structure,1
IXI334,UNesT,0.2.7,BRN-BASAL-FOREBRAIN,Basal-Forebrain,LEFT,507,507.0,BRN-DGM,anatomical_structure,1
IXI334,UNesT,0.2.7,BRN-BASAL-FOREBRAIN,Basal-Forebrain,RIGHT,300,300.0,BRN-DGM,anatomical_structure,1
IXI334,UNesT,0.2.7,BRN-ANTERIOR-CINGULATE-GYRUS,ACgG--anterior-cingulate-gyrus,RIGHT,8582,8582.0,BRN-LIM,anatomical_structure,4
IXI334,UNesT,0.2.7,BRN-ANTERIOR-CINGULATE-GYRUS,ACgG--anterior-cingulate-gyrus,LEFT,7416,7416.0,BRN-LIM,anatomical_structure,4
IXI334,UNesT,0.2.7,BRN-ANTERIOR-INSULA,AIns--anterior-insula,RIGHT,5928,5928.0,BRN-INS,anatomical_structure,4
IXI334,UNesT,0.2.7,BRN-ANTERIOR-INSULA,AIns--anterior-insula,LEFT,5525,5525.0,BRN-INS,anatomical_structure,4
IXI334,UNesT,0.2.7,BRN-ANTERIOR-ORBITAL-GYRUS,AOrG--anterior-orbital-gyrus,RIGHT,2285,2285.0,BRN-FRO,anatomical_structure,4
IXI334,UNesT,0.2.7,BRN-ANTERIOR-ORBITAL-GYRUS,AOrG--anterior-orbital-gyrus,LEFT,2342,2342.0,BRN-FRO,anatomical_structure,4
IXI334,UNesT,0.2.7,BRN-ANGULAR-GYRUS,AnG---angular-gyrus,RIGHT,17533,17533.0,BRN-PAR,anatomical_structure,4
IXI334,UNesT,0.2.7,BRN-ANGULAR-GYRUS,AnG---angular-gyrus,LEFT,18577,18577.0,BRN-PAR,anatomical_structure,4
IXI334,UNesT,0.2.7,BRN-CALCARINE-CORTEX,Calc--calcarine-cortex,RIGHT,5588,5588.0,BRN-OCC,anatomical_structure,4
IXI334,UNesT,0.2.7,BRN-CALCARINE-CORTEX,Calc--calcarine-cortex,LEFT,6281,6281.0,BRN-OCC,anatomical_structure,4
IXI334,UNesT,0.2.7,BRN-CENTRAL-OPERCULUM,CO----central-operculum,RIGHT,6525,6525.0,BRN-CER-COR,anatomical_structure,3
IXI334,UNesT,0.2.7,BRN-CENTRAL-OPERCULUM,CO----central-operculum,LEFT,5564,5564.0,BRN-CER-COR,anatomical_structure,3
IXI334,UNesT,0.2.7,BRN-CUNEUS,Cun---cuneus,RIGHT,7591,7591.0,BRN-CER-COR,anatomical_structure,1
IXI334,UNesT,0.2.7,BRN-CUNEUS,Cun---cuneus,LEFT,6902,6902.0,BRN-CER-COR,anatomical_structure,1
IXI334,UNesT,0.2.7,BRN-ENTORHINAL-AREA,Ent---entorhinal-area,RIGHT,3188,3188.0,BRN-LIM,anatomical_structure,1
IXI334,UNesT,0.2.7,BRN-ENTORHINAL-AREA,Ent---entorhinal-area,LEFT,2193,2193.0,BRN-LIM,anatomical_structure,1
IXI334,UNesT,0.2.7,BRN-FRONTAL-OPERCULUM,FO----frontal-operculum,RIGHT,2647,2647.0,BRN-FRO,anatomical_structure,4
IXI334,UNesT,0.2.7,BRN-FRONTAL-OPERCULUM,FO----frontal-operculum,LEFT,3423,3423.0,BRN-FRO,anatomical_structure,4
IXI334,UNesT,0.2.7,BRN-FRONTAL-POLE,FRP---frontal-pole,RIGHT,6240,6240.0,BRN-FRO,anatomical_structure,4
IXI334,UNesT,0.2.7,BRN-FRONTAL-POLE,FRP---frontal-pole,LEFT,6043,6043.0,BRN-FRO,anatomical_structure,4
IXI334,UNesT,0.2.7,BRN-FUSIFORM-GYRUS,FuG---fusiform-gyrus,RIGHT,8744,8744.0,BRN-TEM,anatomical_structure,4
IXI334,UNesT,0.2.7,BRN-FUSIFORM-GYRUS,FuG---fusiform-gyrus,LEFT,9873,9873.0,BRN-TEM,anatomical_structure,4
IXI334,UNesT,0.2.7,BRN-GYRUS-RECTUS,GRe---gyrus-rectus,RIGHT,2118,2118.0,BRN-FRO,anatomical_structure,4
IXI334,UNesT,0.2.7,BRN-GYRUS-RECTUS,GRe---gyrus-rectus,LEFT,2203,2203.0,BRN-FRO,anatomical_structure,4
IXI334,UNesT,0.2.7,BRN-INFERIOR-OCCIPITAL-GYRUS,IOG---inferior-occipital-gyrus,RIGHT,10191,10191.0,BRN-OCC,anatomical_structure,4
IXI334,UNesT,0.2.7,BRN-INFERIOR-OCCIPITAL-GYRUS,IOG---inferior-occipital-gyrus,LEFT,11506,11506.0,BRN-OCC,anatomical_structure,4
IXI334,UNesT,0.2.7,BRN-INFERIOR-TEMPORAL-GYRUS,ITG---inferior-temporal-gyrus,RIGHT,16444,16444.0,BRN-TEM,anatomical_structure,4
IXI334,UNesT,0.2.7,BRN-INFERIOR-TEMPORAL-GYRUS,ITG---inferior-temporal-gyrus,LEFT,22400,22400.0,BRN-TEM,anatomical_structure,4
IXI334,UNesT,0.2.7,BRN-LINGUAL-GYRUS,LiG---lingual-gyrus,RIGHT,11249,11249.0,BRN-OCC,anatomical_structure,4
IXI334,UNesT,0.2.7,BRN-LINGUAL-GYRUS,LiG---lingual-gyrus,LEFT,12562,12562.0,BRN-OCC,anatomical_structure,4
IXI334,UNesT,0.2.7,BRN-LATERAL-ORBITAL-GYRUS,LOrG--lateral-orbital-gyrus,RIGHT,4089,4089.0,BRN-FRO,anatomical_structure,4
IXI334,UNesT,0.2.7,BRN-LATERAL-ORBITAL-GYRUS,LOrG--lateral-orbital-gyrus,LEFT,2798,2798.0,BRN-FRO,anatomical_structure,4
IXI334,UNesT,0.2.7,BRN-MIDDLE-CINGULATE-GYRUS,MCgG--middle-cingulate-gyrus,RIGHT,8258,8258.0,BRN-LIM,anatomical_structure,4
IXI334,UNesT,0.2.7,BRN-MIDDLE-CINGULATE-GYRUS,MCgG--middle-cingulate-gyrus,LEFT,6951,6951.0,BRN-LIM,anatomical_structure,4
IXI334,UNesT,0.2.7,BRN-MEDIAL-FRONTAL-CORTEX,MFC---medial-frontal-cortex,RIGHT,2731,2731.0,BRN-FRO,anatomical_structure,4
IXI334,UNesT,0.2.7,BRN-MEDIAL-FRONTAL-CORTEX,MFC---medial-frontal-cortex,LEFT,2516,2516.0,BRN-FRO,anatomical_structure,4
IXI334,UNesT,0.2.7,BRN-MIDDLE-FRONTAL-GYRUS,MFG---middle-frontal-gyrus,RIGHT,35376,35376.0,BRN-FRO,anatomical_structure,4
IXI334,UNesT,0.2.7,BRN-MIDDLE-FRONTAL-GYRUS,MFG---middle-frontal-gyrus,LEFT,35092,35092.0,BRN-FRO,anatomical_structure,4
IXI334,UNesT,0.2.7,BRN-MIDDLE-OCCIPITAL-GYRUS,MOG---middle-occipital-gyrus,RIGHT,8453,8453.0,BRN-OCC,anatomical_structure,4
IXI334,UNesT,0.2.7,BRN-MIDDLE-OCCIPITAL-GYRUS,MOG---middle-occipital-gyrus,LEFT,11768,11768.0,BRN-OCC,anatomical_structure,4
IXI334,UNesT,0.2.7,BRN-MEDIAL-ORBITAL-GYRUS,MOrG--medial-orbital-gyrus,RIGHT,4189,4189.0,BRN-FRO,anatomical_structure,4
IXI334,UNesT,0.2.7,BRN-MEDIAL-ORBITAL-GYRUS,MOrG--medial-orbital-gyrus,LEFT,3855,3855.0,BRN-FRO,anatomical_structure,4
IXI334,UNesT,0.2.7,BRN-POG-MED,"Postcentral Gyrus, Medial Segment",RIGHT,1251,1251.0,BRN-PAR,cortical_subregion,4
IXI334,UNesT,0.2.7,BRN-POG-MED,"Postcentral Gyrus, Medial Segment",LEFT,2136,2136.0,BRN-PAR,cortical_subregion,4
IXI334,UNesT,0.2.7,BRN-PRG-MED,"Precentral Gyrus, Medial Segment",RIGHT,4585,4585.0,BRN-FRO,cortical_subregion,4
IXI334,UNesT,0.2.7,BRN-PRG-MED,"Precentral Gyrus, Medial Segment",LEFT,3630,3630.0,BRN-FRO,cortical_subregion,4
IXI334,UNesT,0.2.7,BRN-SUPERIOR-FRONTAL-GYRUS,MSFG--superior-frontal-gyrus,RIGHT,32661,32661.0,BRN-FRO,anatomical_structure,4
IXI334,UNesT,0.2.7,BRN-SUPERIOR-FRONTAL-GYRUS,MSFG--superior-frontal-gyrus,LEFT,30092,30092.0,BRN-FRO,anatomical_structure,4
IXI334,UNesT,0.2.7,BRN-MIDDLE-TEMPORAL-GYRUS,MTG---middle-temporal-gyrus,RIGHT,22918,22918.0,BRN-TEM,anatomical_structure,4
IXI334,UNesT,0.2.7,BRN-MIDDLE-TEMPORAL-GYRUS,MTG---middle-temporal-gyrus,LEFT,20980,20980.0,BRN-TEM,anatomical_structure,4
IXI334,UNesT,0.2.7,BRN-OCCIPITAL-POLE,OCP---occipital-pole,RIGHT,5545,5545.0,BRN-OCC,anatomical_structure,4
IXI334,UNesT,0.2.7,BRN-OCCIPITAL-POLE,OCP---occipital-pole,LEFT,5427,5427.0,BRN-OCC,anatomical_structure,4
IXI334,UNesT,0.2.7,BRN-OCCIPITAL-FUSIFORM-GYRUS,OFuG--occipital-fusiform-gyrus,RIGHT,6789,6789.0,BRN-OCC,anatomical_structure,4
IXI334,UNesT,0.2.7,BRN-OCCIPITAL-FUSIFORM-GYRUS,OFuG--occipital-fusiform-gyrus,LEFT,6488,6488.0,BRN-OCC,anatomical_structure,4
IXI334,UNesT,0.2.7,BRN-OPIFG-OPERCULAR-PART-OF-THE-IFG,OpIFG-opercular-part-of-the-IFG,RIGHT,4574,4574.0,BRN-CER-COR,anatomical_structure,1
IXI334,UNesT,0.2.7,BRN-OPIFG-OPERCULAR-PART-OF-THE-IFG,OpIFG-opercular-part-of-the-IFG,LEFT,4208,4208.0,BRN-CER-COR,anatomical_structure,1
IXI334,UNesT,0.2.7,BRN-ORIFG-ORBITAL-PART-OF-THE-IFG,OrIFG-orbital-part-of-the-IFG,RIGHT,2092,2092.0,BRN-CER-COR,anatomical_structure,1
IXI334,UNesT,0.2.7,BRN-ORIFG-ORBITAL-PART-OF-THE-IFG,OrIFG-orbital-part-of-the-IFG,LEFT,2509,2509.0,BRN-CER-COR,anatomical_structure,1
IXI334,UNesT,0.2.7,BRN-POSTERIOR-CINGULATE-GYRUS,PCgG--posterior-cingulate-gyrus,RIGHT,6365,6365.0,BRN-LIM,anatomical_structure,4
IXI334,UNesT,0.2.7,BRN-POSTERIOR-CINGULATE-GYRUS,PCgG--posterior-cingulate-gyrus,LEFT,5910,5910.0,BRN-LIM,anatomical_structure,4
IXI334,UNesT,0.2.7,BRN-PCU,PCu---precuneus,RIGHT,16281,16281.0,BRN-PAR,cortical_structure,4
IXI334,UNesT,0.2.7,BRN-PCU,PCu---precuneus,LEFT,16981,16981.0,BRN-PAR,cortical_structure,4
IXI334,UNesT,0.2.7,BRN-PARAHIPPOCAMPAL-GYRUS,PHG---parahippocampal-gyrus,RIGHT,4069,4069.0,BRN-LIM,anatomical_structure,4
IXI334,UNesT,0.2.7,BRN-PARAHIPPOCAMPAL-GYRUS,PHG---parahippocampal-gyrus,LEFT,3375,3375.0,BRN-LIM,anatomical_structure,4
IXI334,UNesT,0.2.7,BRN-POSTERIOR-INSULA,PIns--posterior-insula,RIGHT,3370,3370.0,BRN-INS,anatomical_structure,4
IXI334,UNesT,0.2.7,BRN-POSTERIOR-INSULA,PIns--posterior-insula,LEFT,2766,2766.0,BRN-INS,anatomical_structure,4
IXI334,UNesT,0.2.7,BRN-PARIETAL-OPERCULUM,PO----parietal-operculum,RIGHT,4541,4541.0,BRN-PAR,anatomical_structure,4
IXI334,UNesT,0.2.7,BRN-PARIETAL-OPERCULUM,PO----parietal-operculum,LEFT,4841,4841.0,BRN-PAR,anatomical_structure,4
IXI334,UNesT,0.2.7,BRN-POG,MPoG--postcentral-gyrus,RIGHT,19759,19759.0,BRN-PAR,cortical_structure,4
IXI334,UNesT,0.2.7,BRN-POG,MPoG--postcentral-gyrus,LEFT,19245,19245.0,BRN-PAR,cortical_structure,4
IXI334,UNesT,0.2.7,BRN-POSTERIOR-ORBITAL-GYRUS,POrG--posterior-orbital-gyrus,RIGHT,3015,3015.0,BRN-FRO,anatomical_structure,4
IXI334,UNesT,0.2.7,BRN-POSTERIOR-ORBITAL-GYRUS,POrG--posterior-orbital-gyrus,LEFT,4132,4132.0,BRN-FRO,anatomical_structure,4
IXI334,UNesT,0.2.7,BRN-PLANUM-POLARE,PP----planum-polare,RIGHT,2993,2993.0,BRN-TEM,anatomical_structure,4
IXI334,UNesT,0.2.7,BRN-PLANUM-POLARE,PP----planum-polare,LEFT,3208,3208.0,BRN-TEM,anatomical_structure,4
IXI334,UNesT,0.2.7,BRN-PRG,MPrG--precentral-gyrus,RIGHT,23921,23921.0,BRN-FRO,cortical_structure,4
IXI334,UNesT,0.2.7,BRN-PRG,MPrG--precentral-gyrus,LEFT,23306,23306.0,BRN-FRO,cortical_structure,4
IXI334,UNesT,0.2.7,BRN-PLANUM-TEMPORALE,PT----planum-temporale,RIGHT,3405,3405.0,BRN-TEM,anatomical_structure,4
IXI334,UNesT,0.2.7,BRN-PLANUM-TEMPORALE,PT----planum-temporale,LEFT,2863,2863.0,BRN-TEM,anatomical_structure,4
IXI334,UNesT,0.2.7,BRN-SUBCALLOSAL-AREA,SCA---subcallosal-area,RIGHT,716,716.0,BRN-LIM,anatomical_structure,4
IXI334,UNesT,0.2.7,BRN-SUBCALLOSAL-AREA,SCA---subcallosal-area,LEFT,673,673.0,BRN-LIM,anatomical_structure,4
IXI334,UNesT,0.2.7,BRN-SUPPLEMENTARY-MOTOR-CORTEX,SMC---supplementary-motor-cortex,RIGHT,7304,7304.0,BRN-FRO,anatomical_structure,4
IXI334,UNesT,0.2.7,BRN-SUPPLEMENTARY-MOTOR-CORTEX,SMC---supplementary-motor-cortex,LEFT,8453,8453.0,BRN-FRO,anatomical_structure,4
IXI334,UNesT,0.2.7,BRN-SUPRAMARGINAL-GYRUS,SMG---supramarginal-gyrus,RIGHT,14430,14430.0,BRN-PAR,anatomical_structure,4
IXI334,UNesT,0.2.7,BRN-SUPRAMARGINAL-GYRUS,SMG---supramarginal-gyrus,LEFT,17906,17906.0,BRN-PAR,anatomical_structure,4
IXI334,UNesT,0.2.7,BRN-SUPERIOR-OCCIPITAL-GYRUS,SOG---superior-occipital-gyrus,RIGHT,7864,7864.0,BRN-OCC,anatomical_structure,4
IXI334,UNesT,0.2.7,BRN-SUPERIOR-OCCIPITAL-GYRUS,SOG---superior-occipital-gyrus,LEFT,5657,5657.0,BRN-OCC,anatomical_structure,4
IXI334,UNesT,0.2.7,BRN-SUPERIOR-PARIETAL-LOBULE,SPL---superior-parietal-lobule,RIGHT,15527,15527.0,BRN-CER-COR,anatomical_structure,1
IXI334,UNesT,0.2.7,BRN-SUPERIOR-PARIETAL-LOBULE,SPL---superior-parietal-lobule,LEFT,19403,19403.0,BRN-CER-COR,anatomical_structure,1
IXI334,UNesT,0.2.7,BRN-SUPERIOR-TEMPORAL-GYRUS,STG---superior-temporal-gyrus,RIGHT,10932,10932.0,BRN-TEM,anatomical_structure,4
IXI334,UNesT,0.2.7,BRN-SUPERIOR-TEMPORAL-GYRUS,STG---superior-temporal-gyrus,LEFT,9344,9344.0,BRN-TEM,anatomical_structure,4
IXI334,UNesT,0.2.7,BRN-TEMPORAL-POLE,TMP---temporal-pole,RIGHT,12018,12018.0,BRN-TEM,anatomical_structure,4
IXI334,UNesT,0.2.7,BRN-TEMPORAL-POLE,TMP---temporal-pole,LEFT,11413,11413.0,BRN-TEM,anatomical_structure,4
IXI334,UNesT,0.2.7,BRN-TRIFG-TRIANGULAR-PART-OF-THE-IFG,TrIFG-triangular-part-of-the-IFG,RIGHT,5651,5651.0,BRN-CER-COR,anatomical_structure,1
IXI334,UNesT,0.2.7,BRN-TRIFG-TRIANGULAR-PART-OF-THE-IFG,TrIFG-triangular-part-of-the-IFG,LEFT,5479,5479.0,BRN-CER-COR,anatomical_structure,1
IXI334,UNesT,0.2.7,BRN-TRANSVERSE-TEMPORAL-GYRUS,TTG---transverse-temporal-gyrus,RIGHT,2074,2074.0,BRN-TEM,anatomical_structure,4
IXI334,UNesT,0.2.7,BRN-TRANSVERSE-TEMPORAL-GYRUS,TTG---transverse-temporal-gyrus,LEFT,2111,2111.0,BRN-TEM,anatomical_structure,4
IXI324,UNesT,0.2.7,BRN-3RD-VENTRICLE,3rd-Ventricle,NONE,3865,3865.0,BRN-VEN,anatomical_structure,1
IXI324,UNesT,0.2.7,BRN-4TH-VENTRICLE,4th-Ventricle,NONE,1930,1930.0,BRN-VEN,anatomical_structure,1
IXI324,UNesT,0.2.7,BRN-ACC,Accumbens-Area,RIGHT,441,441.0,BRN-DGM,anatomical_structure,1
IXI324,UNesT,0.2.7,BRN-ACC,Accumbens-Area,LEFT,414,414.0,BRN-DGM,anatomical_structure,1
IXI324,UNesT,0.2.7,BRN-AMY,Amygdala,RIGHT,1508,1508.0,BRN-DGM,deep_gray_matter,1
IXI324,UNesT,0.2.7,BRN-AMY,Amygdala,LEFT,1413,1413.0,BRN-DGM,deep_gray_matter,1
IXI324,UNesT,0.2.7,BRN-BST,Brain-Stem,NONE,25384,25384.0,BRN-BST-GRP,brainstem,1
IXI324,UNesT,0.2.7,BRN-CAU,Caudate,RIGHT,3370,3370.0,BRN-DGM,deep_gray_matter,1
IXI324,UNesT,0.2.7,BRN-CAU,Caudate,LEFT,3301,3301.0,BRN-DGM,deep_gray_matter,1
IXI324,UNesT,0.2.7,BRN-CB-EXT,Cerebellum-Exterior,RIGHT,73237,73237.0,BRN-CBL,anatomical_structure,1
IXI324,UNesT,0.2.7,BRN-CB-EXT,Cerebellum-Exterior,LEFT,72546,72546.0,BRN-CBL,anatomical_structure,1
IXI324,UNesT,0.2.7,BRN-CB-WM,Cerebellum-White-Matter,RIGHT,21306,21306.0,BRN-CBL,anatomical_structure,1
IXI324,UNesT,0.2.7,BRN-CB-WM,Cerebellum-White-Matter,LEFT,19013,19013.0,BRN-CBL,anatomical_structure,1
IXI324,UNesT,0.2.7,BRN-CER-WM,Cerebral-White-Matter,RIGHT,280014,280014.0,BRN-WM,anatomical_structure,1
IXI324,UNesT,0.2.7,BRN-CER-WM,Cerebral-White-Matter,LEFT,257321,257321.0,BRN-WM,anatomical_structure,1
IXI324,UNesT,0.2.7,BRN-HIP,Hippocampus,RIGHT,4951,4951.0,BRN-LIM,deep_gray_matter,1
IXI324,UNesT,0.2.7,BRN-HIP,Hippocampus,LEFT,4461,4461.0,BRN-LIM,deep_gray_matter,1
IXI324,UNesT,0.2.7,BRN-INF-LAT-V,Inf-Lat-Vent,RIGHT,202,202.0,BRN-VEN,anatomical_structure,1
IXI324,UNesT,0.2.7,BRN-INF-LAT-V,Inf-Lat-Vent,LEFT,511,511.0,BRN-VEN,anatomical_structure,1
IXI324,UNesT,0.2.7,BRN-LAT-V,Lateral-Ventricle,RIGHT,24163,24163.0,BRN-VEN,anatomical_structure,1
IXI324,UNesT,0.2.7,BRN-LAT-V,Lateral-Ventricle,LEFT,31402,31402.0,BRN-VEN,anatomical_structure,1
IXI324,UNesT,0.2.7,BRN-PAL,Pallidum,RIGHT,2108,2108.0,BRN-DGM,deep_gray_matter,1
IXI324,UNesT,0.2.7,BRN-PAL,Pallidum,LEFT,2039,2039.0,BRN-DGM,deep_gray_matter,1
IXI324,UNesT,0.2.7,BRN-PUT,Putamen,RIGHT,5971,5971.0,BRN-DGM,deep_gray_matter,1
IXI324,UNesT,0.2.7,BRN-PUT,Putamen,LEFT,5895,5895.0,BRN-DGM,deep_gray_matter,1
IXI324,UNesT,0.2.7,BRN-THA,Thalamus-Proper,RIGHT,9015,9015.0,BRN-DGM,deep_gray_matter,1
IXI324,UNesT,0.2.7,BRN-THA,Thalamus-Proper,LEFT,9383,9383.0,BRN-DGM,deep_gray_matter,1
IXI324,UNesT,0.2.7,BRN-VDC,Ventral-DC,RIGHT,6733,6733.0,BRN-DGM,anatomical_structure,1
IXI324,UNesT,0.2.7,BRN-VDC,Ventral-DC,LEFT,6635,6635.0,BRN-DGM,anatomical_structure,1
IXI324,UNesT,0.2.7,BRN-CEREBELLAR-VERMAL-LOBULES-I-V,Cerebellar-Vermal-Lobules-I-V,NONE,7322,7322.0,BRN-CBL,anatomical_structure,1
IXI324,UNesT,0.2.7,BRN-CEREBELLAR-VERMAL-LOBULES-VI-VII,Cerebellar-Vermal-Lobules-VI-VII,NONE,3527,3527.0,BRN-CBL,anatomical_structure,1
IXI324,UNesT,0.2.7,BRN-CEREBELLAR-VERMAL-LOBULES-VIII-X,Cerebellar-Vermal-Lobules-VIII-X,NONE,4243,4243.0,BRN-CBL,anatomical_structure,1
IXI324,UNesT,0.2.7,BRN-BASAL-FOREBRAIN,Basal-Forebrain,LEFT,706,706.0,BRN-DGM,anatomical_structure,1
IXI324,UNesT,0.2.7,BRN-BASAL-FOREBRAIN,Basal-Forebrain,RIGHT,763,763.0,BRN-DGM,anatomical_structure,1
IXI324,UNesT,0.2.7,BRN-ANTERIOR-CINGULATE-GYRUS,ACgG--anterior-cingulate-gyrus,RIGHT,5224,5224.0,BRN-LIM,anatomical_structure,4
IXI324,UNesT,0.2.7,BRN-ANTERIOR-CINGULATE-GYRUS,ACgG--anterior-cingulate-gyrus,LEFT,8345,8345.0,BRN-LIM,anatomical_structure,4
IXI324,UNesT,0.2.7,BRN-ANTERIOR-INSULA,AIns--anterior-insula,RIGHT,5806,5806.0,BRN-INS,anatomical_structure,4
IXI324,UNesT,0.2.7,BRN-ANTERIOR-INSULA,AIns--anterior-insula,LEFT,6424,6424.0,BRN-INS,anatomical_structure,4
IXI324,UNesT,0.2.7,BRN-ANTERIOR-ORBITAL-GYRUS,AOrG--anterior-orbital-gyrus,RIGHT,2328,2328.0,BRN-FRO,anatomical_structure,4
IXI324,UNesT,0.2.7,BRN-ANTERIOR-ORBITAL-GYRUS,AOrG--anterior-orbital-gyrus,LEFT,2185,2185.0,BRN-FRO,anatomical_structure,4
IXI324,UNesT,0.2.7,BRN-ANGULAR-GYRUS,AnG---angular-gyrus,RIGHT,13311,13311.0,BRN-PAR,anatomical_structure,4
IXI324,UNesT,0.2.7,BRN-ANGULAR-GYRUS,AnG---angular-gyrus,LEFT,13289,13289.0,BRN-PAR,anatomical_structure,4
IXI324,UNesT,0.2.7,BRN-CALCARINE-CORTEX,Calc--calcarine-cortex,RIGHT,5721,5721.0,BRN-OCC,anatomical_structure,4
IXI324,UNesT,0.2.7,BRN-CALCARINE-CORTEX,Calc--calcarine-cortex,LEFT,6314,6314.0,BRN-OCC,anatomical_structure,4
IXI324,UNesT,0.2.7,BRN-CENTRAL-OPERCULUM,CO----central-operculum,RIGHT,5879,5879.0,BRN-CER-COR,anatomical_structure,3
IXI324,UNesT,0.2.7,BRN-CENTRAL-OPERCULUM,CO----central-operculum,LEFT,5794,5794.0,BRN-CER-COR,anatomical_structure,3
IXI324,UNesT,0.2.7,BRN-CUNEUS,Cun---cuneus,RIGHT,6874,6874.0,BRN-CER-COR,anatomical_structure,1
IXI324,UNesT,0.2.7,BRN-CUNEUS,Cun---cuneus,LEFT,6883,6883.0,BRN-CER-COR,anatomical_structure,1
IXI324,UNesT,0.2.7,BRN-ENTORHINAL-AREA,Ent---entorhinal-area,RIGHT,3270,3270.0,BRN-LIM,anatomical_structure,1
IXI324,UNesT,0.2.7,BRN-ENTORHINAL-AREA,Ent---entorhinal-area,LEFT,3385,3385.0,BRN-LIM,anatomical_structure,1
IXI324,UNesT,0.2.7,BRN-FRONTAL-OPERCULUM,FO----frontal-operculum,RIGHT,2912,2912.0,BRN-FRO,anatomical_structure,4
IXI324,UNesT,0.2.7,BRN-FRONTAL-OPERCULUM,FO----frontal-operculum,LEFT,3489,3489.0,BRN-FRO,anatomical_structure,4
IXI324,UNesT,0.2.7,BRN-FRONTAL-POLE,FRP---frontal-pole,RIGHT,4621,4621.0,BRN-FRO,anatomical_structure,4
IXI324,UNesT,0.2.7,BRN-FRONTAL-POLE,FRP---frontal-pole,LEFT,4758,4758.0,BRN-FRO,anatomical_structure,4
IXI324,UNesT,0.2.7,BRN-FUSIFORM-GYRUS,FuG---fusiform-gyrus,RIGHT,9822,9822.0,BRN-TEM,anatomical_structure,4
IXI324,UNesT,0.2.7,BRN-FUSIFORM-GYRUS,FuG---fusiform-gyrus,LEFT,9396,9396.0,BRN-TEM,anatomical_structure,4
IXI324,UNesT,0.2.7,BRN-GYRUS-RECTUS,GRe---gyrus-rectus,RIGHT,1955,1955.0,BRN-FRO,anatomical_structure,4
IXI324,UNesT,0.2.7,BRN-GYRUS-RECTUS,GRe---gyrus-rectus,LEFT,2055,2055.0,BRN-FRO,anatomical_structure,4
IXI324,UNesT,0.2.7,BRN-INFERIOR-OCCIPITAL-GYRUS,IOG---inferior-occipital-gyrus,RIGHT,10294,10294.0,BRN-OCC,anatomical_structure,4
IXI324,UNesT,0.2.7,BRN-INFERIOR-OCCIPITAL-GYRUS,IOG---inferior-occipital-gyrus,LEFT,12185,12185.0,BRN-OCC,anatomical_structure,4
IXI324,UNesT,0.2.7,BRN-INFERIOR-TEMPORAL-GYRUS,ITG---inferior-temporal-gyrus,RIGHT,15762,15762.0,BRN-TEM,anatomical_structure,4
IXI324,UNesT,0.2.7,BRN-INFERIOR-TEMPORAL-GYRUS,ITG---inferior-temporal-gyrus,LEFT,18685,18685.0,BRN-TEM,anatomical_structure,4
IXI324,UNesT,0.2.7,BRN-LINGUAL-GYRUS,LiG---lingual-gyrus,RIGHT,13585,13585.0,BRN-OCC,anatomical_structure,4
IXI324,UNesT,0.2.7,BRN-LINGUAL-GYRUS,LiG---lingual-gyrus,LEFT,14915,14915.0,BRN-OCC,anatomical_structure,4
IXI324,UNesT,0.2.7,BRN-LATERAL-ORBITAL-GYRUS,LOrG--lateral-orbital-gyrus,RIGHT,3908,3908.0,BRN-FRO,anatomical_structure,4
IXI324,UNesT,0.2.7,BRN-LATERAL-ORBITAL-GYRUS,LOrG--lateral-orbital-gyrus,LEFT,2875,2875.0,BRN-FRO,anatomical_structure,4
IXI324,UNesT,0.2.7,BRN-MIDDLE-CINGULATE-GYRUS,MCgG--middle-cingulate-gyrus,RIGHT,7047,7047.0,BRN-LIM,anatomical_structure,4
IXI324,UNesT,0.2.7,BRN-MIDDLE-CINGULATE-GYRUS,MCgG--middle-cingulate-gyrus,LEFT,5724,5724.0,BRN-LIM,anatomical_structure,4
IXI324,UNesT,0.2.7,BRN-MEDIAL-FRONTAL-CORTEX,MFC---medial-frontal-cortex,RIGHT,2245,2245.0,BRN-FRO,anatomical_structure,4
IXI324,UNesT,0.2.7,BRN-MEDIAL-FRONTAL-CORTEX,MFC---medial-frontal-cortex,LEFT,2190,2190.0,BRN-FRO,anatomical_structure,4
IXI324,UNesT,0.2.7,BRN-MIDDLE-FRONTAL-GYRUS,MFG---middle-frontal-gyrus,RIGHT,31173,31173.0,BRN-FRO,anatomical_structure,4
IXI324,UNesT,0.2.7,BRN-MIDDLE-FRONTAL-GYRUS,MFG---middle-frontal-gyrus,LEFT,31300,31300.0,BRN-FRO,anatomical_structure,4
IXI324,UNesT,0.2.7,BRN-MIDDLE-OCCIPITAL-GYRUS,MOG---middle-occipital-gyrus,RIGHT,8583,8583.0,BRN-OCC,anatomical_structure,4
IXI324,UNesT,0.2.7,BRN-MIDDLE-OCCIPITAL-GYRUS,MOG---middle-occipital-gyrus,LEFT,8113,8113.0,BRN-OCC,anatomical_structure,4
IXI324,UNesT,0.2.7,BRN-MEDIAL-ORBITAL-GYRUS,MOrG--medial-orbital-gyrus,RIGHT,5320,5320.0,BRN-FRO,anatomical_structure,4
IXI324,UNesT,0.2.7,BRN-MEDIAL-ORBITAL-GYRUS,MOrG--medial-orbital-gyrus,LEFT,5279,5279.0,BRN-FRO,anatomical_structure,4
IXI324,UNesT,0.2.7,BRN-POG-MED,"Postcentral Gyrus, Medial Segment",RIGHT,1341,1341.0,BRN-PAR,cortical_subregion,4
IXI324,UNesT,0.2.7,BRN-POG-MED,"Postcentral Gyrus, Medial Segment",LEFT,1622,1622.0,BRN-PAR,cortical_subregion,4
IXI324,UNesT,0.2.7,BRN-PRG-MED,"Precentral Gyrus, Medial Segment",RIGHT,3811,3811.0,BRN-FRO,cortical_subregion,4
IXI324,UNesT,0.2.7,BRN-PRG-MED,"Precentral Gyrus, Medial Segment",LEFT,3380,3380.0,BRN-FRO,cortical_subregion,4
IXI324,UNesT,0.2.7,BRN-SUPERIOR-FRONTAL-GYRUS,MSFG--superior-frontal-gyrus,RIGHT,29246,29246.0,BRN-FRO,anatomical_structure,4
IXI324,UNesT,0.2.7,BRN-SUPERIOR-FRONTAL-GYRUS,MSFG--superior-frontal-gyrus,LEFT,25665,25665.0,BRN-FRO,anatomical_structure,4
IXI324,UNesT,0.2.7,BRN-MIDDLE-TEMPORAL-GYRUS,MTG---middle-temporal-gyrus,RIGHT,19364,19364.0,BRN-TEM,anatomical_structure,4
IXI324,UNesT,0.2.7,BRN-MIDDLE-TEMPORAL-GYRUS,MTG---middle-temporal-gyrus,LEFT,19388,19388.0,BRN-TEM,anatomical_structure,4
IXI324,UNesT,0.2.7,BRN-OCCIPITAL-POLE,OCP---occipital-pole,RIGHT,4990,4990.0,BRN-OCC,anatomical_structure,4
IXI324,UNesT,0.2.7,BRN-OCCIPITAL-POLE,OCP---occipital-pole,LEFT,6126,6126.0,BRN-OCC,anatomical_structure,4
IXI324,UNesT,0.2.7,BRN-OCCIPITAL-FUSIFORM-GYRUS,OFuG--occipital-fusiform-gyrus,RIGHT,8142,8142.0,BRN-OCC,anatomical_structure,4
IXI324,UNesT,0.2.7,BRN-OCCIPITAL-FUSIFORM-GYRUS,OFuG--occipital-fusiform-gyrus,LEFT,7881,7881.0,BRN-OCC,anatomical_structure,4
IXI324,UNesT,0.2.7,BRN-OPIFG-OPERCULAR-PART-OF-THE-IFG,OpIFG-opercular-part-of-the-IFG,RIGHT,3494,3494.0,BRN-CER-COR,anatomical_structure,1
IXI324,UNesT,0.2.7,BRN-OPIFG-OPERCULAR-PART-OF-THE-IFG,OpIFG-opercular-part-of-the-IFG,LEFT,4123,4123.0,BRN-CER-COR,anatomical_structure,1
IXI324,UNesT,0.2.7,BRN-ORIFG-ORBITAL-PART-OF-THE-IFG,OrIFG-orbital-part-of-the-IFG,RIGHT,1637,1637.0,BRN-CER-COR,anatomical_structure,1
IXI324,UNesT,0.2.7,BRN-ORIFG-ORBITAL-PART-OF-THE-IFG,OrIFG-orbital-part-of-the-IFG,LEFT,2581,2581.0,BRN-CER-COR,anatomical_structure,1
IXI324,UNesT,0.2.7,BRN-POSTERIOR-CINGULATE-GYRUS,PCgG--posterior-cingulate-gyrus,RIGHT,6392,6392.0,BRN-LIM,anatomical_structure,4
IXI324,UNesT,0.2.7,BRN-POSTERIOR-CINGULATE-GYRUS,PCgG--posterior-cingulate-gyrus,LEFT,6205,6205.0,BRN-LIM,anatomical_structure,4
IXI324,UNesT,0.2.7,BRN-PCU,PCu---precuneus,RIGHT,15085,15085.0,BRN-PAR,cortical_structure,4
IXI324,UNesT,0.2.7,BRN-PCU,PCu---precuneus,LEFT,15617,15617.0,BRN-PAR,cortical_structure,4
IXI324,UNesT,0.2.7,BRN-PARAHIPPOCAMPAL-GYRUS,PHG---parahippocampal-gyrus,RIGHT,4128,4128.0,BRN-LIM,anatomical_structure,4
IXI324,UNesT,0.2.7,BRN-PARAHIPPOCAMPAL-GYRUS,PHG---parahippocampal-gyrus,LEFT,4451,4451.0,BRN-LIM,anatomical_structure,4
IXI324,UNesT,0.2.7,BRN-POSTERIOR-INSULA,PIns--posterior-insula,RIGHT,3239,3239.0,BRN-INS,anatomical_structure,4
IXI324,UNesT,0.2.7,BRN-POSTERIOR-INSULA,PIns--posterior-insula,LEFT,2701,2701.0,BRN-INS,anatomical_structure,4
IXI324,UNesT,0.2.7,BRN-PARIETAL-OPERCULUM,PO----parietal-operculum,RIGHT,3014,3014.0,BRN-PAR,anatomical_structure,4
IXI324,UNesT,0.2.7,BRN-PARIETAL-OPERCULUM,PO----parietal-operculum,LEFT,4449,4449.0,BRN-PAR,anatomical_structure,4
IXI324,UNesT,0.2.7,BRN-POG,MPoG--postcentral-gyrus,RIGHT,15332,15332.0,BRN-PAR,cortical_structure,4
IXI324,UNesT,0.2.7,BRN-POG,MPoG--postcentral-gyrus,LEFT,19185,19185.0,BRN-PAR,cortical_structure,4
IXI324,UNesT,0.2.7,BRN-POSTERIOR-ORBITAL-GYRUS,POrG--posterior-orbital-gyrus,RIGHT,4642,4642.0,BRN-FRO,anatomical_structure,4
IXI324,UNesT,0.2.7,BRN-POSTERIOR-ORBITAL-GYRUS,POrG--posterior-orbital-gyrus,LEFT,5322,5322.0,BRN-FRO,anatomical_structure,4
IXI324,UNesT,0.2.7,BRN-PLANUM-POLARE,PP----planum-polare,RIGHT,2673,2673.0,BRN-TEM,anatomical_structure,4
IXI324,UNesT,0.2.7,BRN-PLANUM-POLARE,PP----planum-polare,LEFT,3203,3203.0,BRN-TEM,anatomical_structure,4
IXI324,UNesT,0.2.7,BRN-PRG,MPrG--precentral-gyrus,RIGHT,21316,21316.0,BRN-FRO,cortical_structure,4
IXI324,UNesT,0.2.7,BRN-PRG,MPrG--precentral-gyrus,LEFT,21687,21687.0,BRN-FRO,cortical_structure,4
IXI324,UNesT,0.2.7,BRN-PLANUM-TEMPORALE,PT----planum-temporale,RIGHT,1863,1863.0,BRN-TEM,anatomical_structure,4
IXI324,UNesT,0.2.7,BRN-PLANUM-TEMPORALE,PT----planum-temporale,LEFT,2870,2870.0,BRN-TEM,anatomical_structure,4
IXI324,UNesT,0.2.7,BRN-SUBCALLOSAL-AREA,SCA---subcallosal-area,RIGHT,2162,2162.0,BRN-LIM,anatomical_structure,4
IXI324,UNesT,0.2.7,BRN-SUBCALLOSAL-AREA,SCA---subcallosal-area,LEFT,2524,2524.0,BRN-LIM,anatomical_structure,4
IXI324,UNesT,0.2.7,BRN-SUPPLEMENTARY-MOTOR-CORTEX,SMC---supplementary-motor-cortex,RIGHT,8703,8703.0,BRN-FRO,anatomical_structure,4
IXI324,UNesT,0.2.7,BRN-SUPPLEMENTARY-MOTOR-CORTEX,SMC---supplementary-motor-cortex,LEFT,9590,9590.0,BRN-FRO,anatomical_structure,4
IXI324,UNesT,0.2.7,BRN-SUPRAMARGINAL-GYRUS,SMG---supramarginal-gyrus,RIGHT,13337,13337.0,BRN-PAR,anatomical_structure,4
IXI324,UNesT,0.2.7,BRN-SUPRAMARGINAL-GYRUS,SMG---supramarginal-gyrus,LEFT,14219,14219.0,BRN-PAR,anatomical_structure,4
IXI324,UNesT,0.2.7,BRN-SUPERIOR-OCCIPITAL-GYRUS,SOG---superior-occipital-gyrus,RIGHT,6115,6115.0,BRN-OCC,anatomical_structure,4
IXI324,UNesT,0.2.7,BRN-SUPERIOR-OCCIPITAL-GYRUS,SOG---superior-occipital-gyrus,LEFT,5724,5724.0,BRN-OCC,anatomical_structure,4
IXI324,UNesT,0.2.7,BRN-SUPERIOR-PARIETAL-LOBULE,SPL---superior-parietal-lobule,RIGHT,17169,17169.0,BRN-CER-COR,anatomical_structure,1
IXI324,UNesT,0.2.7,BRN-SUPERIOR-PARIETAL-LOBULE,SPL---superior-parietal-lobule,LEFT,19314,19314.0,BRN-CER-COR,anatomical_structure,1
IXI324,UNesT,0.2.7,BRN-SUPERIOR-TEMPORAL-GYRUS,STG---superior-temporal-gyrus,RIGHT,8864,8864.0,BRN-TEM,anatomical_structure,4
IXI324,UNesT,0.2.7,BRN-SUPERIOR-TEMPORAL-GYRUS,STG---superior-temporal-gyrus,LEFT,10879,10879.0,BRN-TEM,anatomical_structure,4
IXI324,UNesT,0.2.7,BRN-TEMPORAL-POLE,TMP---temporal-pole,RIGHT,11470,11470.0,BRN-TEM,anatomical_structure,4
IXI324,UNesT,0.2.7,BRN-TEMPORAL-POLE,TMP---temporal-pole,LEFT,10900,10900.0,BRN-TEM,anatomical_structure,4
IXI324,UNesT,0.2.7,BRN-TRIFG-TRIANGULAR-PART-OF-THE-IFG,TrIFG-triangular-part-of-the-IFG,RIGHT,4334,4334.0,BRN-CER-COR,anatomical_structure,1
IXI324,UNesT,0.2.7,BRN-TRIFG-TRIANGULAR-PART-OF-THE-IFG,TrIFG-triangular-part-of-the-IFG,LEFT,4174,4174.0,BRN-CER-COR,anatomical_structure,1
IXI324,UNesT,0.2.7,BRN-TRANSVERSE-TEMPORAL-GYRUS,TTG---transverse-temporal-gyrus,RIGHT,1986,1986.0,BRN-TEM,anatomical_structure,4
IXI324,UNesT,0.2.7,BRN-TRANSVERSE-TEMPORAL-GYRUS,TTG---transverse-temporal-gyrus,LEFT,2499,2499.0,BRN-TEM,anatomical_structure,4
